0 verbose cli /usr/local/bin/node /usr/local/bin/npm
1 info using npm@10.9.2
2 info using node@v22.17.0
3 silly config load:file:/usr/local/lib/node_modules/npm/npmrc
4 silly config load:file:/Users/aditya_malur/Desktop/Gemini testing/Project Management GPT/ops-system/.npmrc
5 silly config load:file:/Users/aditya_malur/.npmrc
6 silly config load:file:/Users/aditya_malur/.npm-global/etc/npmrc
7 verbose title npm install prisma
8 verbose argv "install" "--cache" ".npm-cache" "--save-dev" "prisma"
9 verbose logfile logs-max:10 dir:/Users/aditya_malur/Desktop/Gemini testing/Project Management GPT/ops-system/.npm-cache/_logs/2026-01-08T11_19_33_770Z-
10 verbose logfile /Users/aditya_malur/Desktop/Gemini testing/Project Management GPT/ops-system/.npm-cache/_logs/2026-01-08T11_19_33_770Z-debug-0.log
11 silly logfile done cleaning log files
12 silly packumentCache heap:4345298944 maxSize:1086324736 maxEntrySize:543162368
13 silly idealTree buildDeps
14 silly fetch manifest prisma@*
15 silly packumentCache full:https://registry.npmjs.org/prisma cache-miss
16 http cache https://registry.npmjs.org/prisma 67ms (cache hit)
17 silly packumentCache full:https://registry.npmjs.org/prisma set size:41986714 disposed:false
18 silly fetch manifest better-sqlite3@>=9.0.0
19 silly packumentCache full:https://registry.npmjs.org/better-sqlite3 cache-miss
20 http cache https://registry.npmjs.org/better-sqlite3 8ms (cache hit)
21 silly packumentCache full:https://registry.npmjs.org/better-sqlite3 set size:364974 disposed:false
22 silly fetch manifest typescript@^5
23 silly packumentCache full:https://registry.npmjs.org/typescript cache-miss
24 http cache https://registry.npmjs.org/typescript 14ms (cache hit)
25 silly packumentCache full:https://registry.npmjs.org/typescript set size:15103294 disposed:false
26 silly placeDep ROOT prisma@7.2.0 OK for: ops-system@0.1.0 want: *
27 silly fetch manifest mysql2@3.15.3
28 silly packumentCache full:https://registry.npmjs.org/mysql2 cache-miss
29 silly fetch manifest postgres@3.4.7
30 silly packumentCache full:https://registry.npmjs.org/postgres cache-miss
31 silly fetch manifest @prisma/dev@0.17.0
32 silly packumentCache full:https://registry.npmjs.org/@prisma%2fdev cache-miss
33 silly fetch manifest @prisma/config@7.2.0
34 silly packumentCache full:https://registry.npmjs.org/@prisma%2fconfig cache-miss
35 silly fetch manifest @prisma/engines@7.2.0
36 silly packumentCache full:https://registry.npmjs.org/@prisma%2fengines cache-miss
37 silly fetch manifest @prisma/studio-core@0.9.0
38 silly packumentCache full:https://registry.npmjs.org/@prisma%2fstudio-core cache-miss
39 http fetch GET 200 https://registry.npmjs.org/mysql2 165ms (cache miss)
40 silly packumentCache full:https://registry.npmjs.org/mysql2 set size:undefined disposed:false
41 http fetch GET 200 https://registry.npmjs.org/postgres 187ms (cache miss)
42 silly packumentCache full:https://registry.npmjs.org/postgres set size:undefined disposed:false
43 http fetch GET 200 https://registry.npmjs.org/@prisma%2fdev 236ms (cache miss)
44 silly packumentCache full:https://registry.npmjs.org/@prisma%2fdev set size:undefined disposed:false
45 http fetch GET 200 https://registry.npmjs.org/@prisma%2fstudio-core 271ms (cache miss)
46 silly packumentCache full:https://registry.npmjs.org/@prisma%2fstudio-core set size:undefined disposed:false
47 http fetch GET 200 https://registry.npmjs.org/@prisma%2fconfig 445ms (cache miss)
48 silly packumentCache full:https://registry.npmjs.org/@prisma%2fconfig set size:undefined disposed:false
49 http fetch GET 200 https://registry.npmjs.org/@prisma%2fengines 1698ms (cache miss)
50 silly packumentCache full:https://registry.npmjs.org/@prisma%2fengines set size:undefined disposed:false
51 silly fetch manifest @types/react@^18.0.0 || ^19.0.0
52 silly packumentCache full:https://registry.npmjs.org/@types%2freact cache-miss
53 http cache https://registry.npmjs.org/@types%2freact 8ms (cache hit)
54 silly packumentCache full:https://registry.npmjs.org/@types%2freact set size:2541992 disposed:false
55 silly fetch manifest react@^18.0.0 || ^19.0.0
56 silly packumentCache full:https://registry.npmjs.org/react cache-miss
57 http cache https://registry.npmjs.org/react 7ms (cache hit)
58 silly packumentCache full:https://registry.npmjs.org/react set size:6366570 disposed:false
59 silly fetch manifest react-dom@^18.0.0 || ^19.0.0
60 silly packumentCache full:https://registry.npmjs.org/react-dom cache-miss
61 http cache https://registry.npmjs.org/react-dom 11ms (cache hit)
62 silly packumentCache full:https://registry.npmjs.org/react-dom set size:8382055 disposed:false
63 silly placeDep ROOT @prisma/config@7.2.0 OK for: prisma@7.2.0 want: 7.2.0
64 silly placeDep ROOT @prisma/dev@0.17.0 OK for: prisma@7.2.0 want: 0.17.0
65 silly placeDep ROOT @prisma/engines@7.2.0 OK for: prisma@7.2.0 want: 7.2.0
66 silly placeDep ROOT @prisma/studio-core@0.9.0 OK for: prisma@7.2.0 want: 0.9.0
67 silly placeDep ROOT mysql2@3.15.3 OK for: prisma@7.2.0 want: 3.15.3
68 silly placeDep ROOT postgres@3.4.7 OK for: prisma@7.2.0 want: 3.4.7
69 silly fetch manifest c12@3.1.0
70 silly packumentCache full:https://registry.npmjs.org/c12 cache-miss
71 silly fetch manifest effect@3.18.4
72 silly packumentCache full:https://registry.npmjs.org/effect cache-miss
73 silly fetch manifest empathic@2.0.0
74 silly packumentCache full:https://registry.npmjs.org/empathic cache-miss
75 silly fetch manifest deepmerge-ts@7.1.5
76 silly packumentCache full:https://registry.npmjs.org/deepmerge-ts cache-miss
77 silly fetch manifest hono@4.10.6
78 silly packumentCache full:https://registry.npmjs.org/hono cache-miss
79 silly fetch manifest pathe@2.0.3
80 silly packumentCache full:https://registry.npmjs.org/pathe cache-miss
81 silly fetch manifest remeda@2.21.3
82 silly packumentCache full:https://registry.npmjs.org/remeda cache-miss
83 silly fetch manifest std-env@3.9.0
84 silly packumentCache full:https://registry.npmjs.org/std-env cache-miss
85 silly fetch manifest valibot@1.2.0
86 silly packumentCache full:https://registry.npmjs.org/valibot cache-miss
87 http fetch GET 200 https://registry.npmjs.org/empathic 50ms (cache miss)
88 silly packumentCache full:https://registry.npmjs.org/empathic set size:undefined disposed:false
89 silly fetch manifest zeptomatch@2.0.2
90 silly packumentCache full:https://registry.npmjs.org/zeptomatch cache-miss
91 http fetch GET 200 https://registry.npmjs.org/deepmerge-ts 55ms (cache miss)
92 silly packumentCache full:https://registry.npmjs.org/deepmerge-ts set size:undefined disposed:false
93 silly fetch manifest get-port-please@3.1.2
94 silly packumentCache full:https://registry.npmjs.org/get-port-please cache-miss
95 http fetch GET 200 https://registry.npmjs.org/pathe 59ms (cache miss)
96 silly packumentCache full:https://registry.npmjs.org/pathe set size:undefined disposed:false
97 silly fetch manifest proper-lockfile@4.1.2
98 silly packumentCache full:https://registry.npmjs.org/proper-lockfile cache-miss
99 http fetch GET 200 https://registry.npmjs.org/zeptomatch 45ms (cache miss)
100 silly packumentCache full:https://registry.npmjs.org/zeptomatch set size:undefined disposed:false
101 silly fetch manifest foreground-child@3.3.1
102 silly packumentCache full:https://registry.npmjs.org/foreground-child cache-miss
103 http fetch GET 200 https://registry.npmjs.org/hono 97ms (cache miss)
104 silly packumentCache full:https://registry.npmjs.org/hono set size:undefined disposed:false
105 silly fetch manifest @hono/node-server@1.19.6
106 silly packumentCache full:https://registry.npmjs.org/@hono%2fnode-server cache-miss
107 http fetch GET 200 https://registry.npmjs.org/get-port-please 64ms (cache miss)
108 silly packumentCache full:https://registry.npmjs.org/get-port-please set size:undefined disposed:false
109 silly fetch manifest http-status-codes@2.3.0
110 silly packumentCache full:https://registry.npmjs.org/http-status-codes cache-miss
111 http fetch GET 200 https://registry.npmjs.org/proper-lockfile 60ms (cache miss)
112 silly packumentCache full:https://registry.npmjs.org/proper-lockfile set size:undefined disposed:false
113 silly fetch manifest @mrleebo/prisma-ast@0.12.1
114 silly packumentCache full:https://registry.npmjs.org/@mrleebo%2fprisma-ast cache-miss
115 http fetch GET 200 https://registry.npmjs.org/std-env 146ms (cache miss)
116 silly packumentCache full:https://registry.npmjs.org/std-env set size:undefined disposed:false
117 silly fetch manifest @electric-sql/pglite@0.3.2
118 silly packumentCache full:https://registry.npmjs.org/@electric-sql%2fpglite cache-miss
119 http fetch GET 200 https://registry.npmjs.org/effect 152ms (cache miss)
120 silly packumentCache full:https://registry.npmjs.org/effect set size:undefined disposed:false
121 silly fetch manifest @prisma/get-platform@6.8.2
122 silly packumentCache full:https://registry.npmjs.org/@prisma%2fget-platform cache-miss
123 http fetch GET 200 https://registry.npmjs.org/foreground-child 104ms (cache miss)
124 silly packumentCache full:https://registry.npmjs.org/foreground-child set size:undefined disposed:false
125 silly fetch manifest @electric-sql/pglite-tools@0.2.7
126 silly packumentCache full:https://registry.npmjs.org/@electric-sql%2fpglite-tools cache-miss
127 http fetch GET 200 https://registry.npmjs.org/valibot 202ms (cache miss)
128 silly packumentCache full:https://registry.npmjs.org/valibot set size:undefined disposed:false
129 silly fetch manifest @electric-sql/pglite-socket@0.0.6
130 silly packumentCache full:https://registry.npmjs.org/@electric-sql%2fpglite-socket cache-miss
131 http fetch GET 200 https://registry.npmjs.org/http-status-codes 95ms (cache miss)
132 silly packumentCache full:https://registry.npmjs.org/http-status-codes set size:undefined disposed:false
133 silly fetch manifest @prisma/query-plan-executor@6.18.0
134 silly packumentCache full:https://registry.npmjs.org/@prisma%2fquery-plan-executor cache-miss
135 http fetch GET 200 https://registry.npmjs.org/@hono%2fnode-server 104ms (cache miss)
136 silly packumentCache full:https://registry.npmjs.org/@hono%2fnode-server set size:undefined disposed:false
137 silly fetch manifest @prisma/debug@7.2.0
138 silly packumentCache full:https://registry.npmjs.org/@prisma%2fdebug cache-miss
139 http fetch GET 200 https://registry.npmjs.org/remeda 221ms (cache miss)
140 silly packumentCache full:https://registry.npmjs.org/remeda set size:undefined disposed:false
141 silly fetch manifest @prisma/fetch-engine@7.2.0
142 silly packumentCache full:https://registry.npmjs.org/@prisma%2ffetch-engine cache-miss
143 http fetch GET 200 https://registry.npmjs.org/@electric-sql%2fpglite 87ms (cache miss)
144 silly packumentCache full:https://registry.npmjs.org/@electric-sql%2fpglite set size:undefined disposed:false
145 silly fetch manifest @prisma/get-platform@7.2.0
146 silly packumentCache full:https://registry.npmjs.org/@prisma%2fget-platform cache-miss
147 http fetch GET 200 https://registry.npmjs.org/c12 535ms (cache miss)
148 silly packumentCache full:https://registry.npmjs.org/c12 set size:undefined disposed:false
149 silly fetch manifest @prisma/engines-version@7.2.0-4.0c8ef2ce45c83248ab3df073180d5eda9e8be7a3
150 silly packumentCache full:https://registry.npmjs.org/@prisma%2fengines-version cache-miss
151 http fetch GET 200 https://registry.npmjs.org/@electric-sql%2fpglite-tools 1024ms (cache miss)
152 silly packumentCache full:https://registry.npmjs.org/@electric-sql%2fpglite-tools set size:undefined disposed:false
153 silly fetch manifest long@^5.2.1
154 silly packumentCache full:https://registry.npmjs.org/long cache-miss
155 http fetch GET 200 https://registry.npmjs.org/@mrleebo%2fprisma-ast 1153ms (cache miss)
156 silly packumentCache full:https://registry.npmjs.org/@mrleebo%2fprisma-ast set size:undefined disposed:false
157 silly fetch manifest denque@^2.1.0
158 silly packumentCache full:https://registry.npmjs.org/denque cache-miss
159 http fetch GET 200 https://registry.npmjs.org/@prisma%2fquery-plan-executor 1112ms (cache miss)
160 silly packumentCache full:https://registry.npmjs.org/@prisma%2fquery-plan-executor set size:undefined disposed:false
161 silly fetch manifest lru.min@^1.0.0
162 silly packumentCache full:https://registry.npmjs.org/lru.min cache-miss
163 http fetch GET 200 https://registry.npmjs.org/long 236ms (cache miss)
164 silly packumentCache full:https://registry.npmjs.org/long set size:undefined disposed:false
165 silly fetch manifest seq-queue@^0.0.5
166 silly packumentCache full:https://registry.npmjs.org/seq-queue cache-miss
167 http fetch GET 200 https://registry.npmjs.org/@electric-sql%2fpglite-socket 1261ms (cache miss)
168 silly packumentCache full:https://registry.npmjs.org/@electric-sql%2fpglite-socket set size:undefined disposed:false
169 silly fetch manifest sqlstring@^2.3.2
170 silly packumentCache full:https://registry.npmjs.org/sqlstring cache-miss
171 http fetch GET 200 https://registry.npmjs.org/lru.min 544ms (cache miss)
172 silly packumentCache full:https://registry.npmjs.org/lru.min set size:undefined disposed:false
173 silly fetch manifest iconv-lite@^0.7.0
174 silly packumentCache full:https://registry.npmjs.org/iconv-lite cache-miss
175 http fetch GET 200 https://registry.npmjs.org/sqlstring 540ms (cache miss)
176 silly packumentCache full:https://registry.npmjs.org/sqlstring set size:undefined disposed:false
177 silly fetch manifest aws-ssl-profiles@^1.1.1
178 silly packumentCache full:https://registry.npmjs.org/aws-ssl-profiles cache-miss
179 http fetch GET 200 https://registry.npmjs.org/aws-ssl-profiles 114ms (cache miss)
180 silly packumentCache full:https://registry.npmjs.org/aws-ssl-profiles set size:undefined disposed:false
181 silly fetch manifest generate-function@^2.3.1
182 silly packumentCache full:https://registry.npmjs.org/generate-function cache-miss
183 http fetch GET 200 https://registry.npmjs.org/denque 1041ms (cache miss)
184 silly packumentCache full:https://registry.npmjs.org/denque set size:undefined disposed:false
185 silly fetch manifest named-placeholders@^1.1.3
186 silly packumentCache full:https://registry.npmjs.org/named-placeholders cache-miss
187 http fetch GET 200 https://registry.npmjs.org/generate-function 256ms (cache miss)
188 silly packumentCache full:https://registry.npmjs.org/generate-function set size:undefined disposed:false
189 http fetch GET 200 https://registry.npmjs.org/named-placeholders 240ms (cache miss)
190 silly packumentCache full:https://registry.npmjs.org/named-placeholders set size:undefined disposed:false
191 http fetch GET 200 https://registry.npmjs.org/seq-queue 1110ms (cache miss)
192 silly packumentCache full:https://registry.npmjs.org/seq-queue set size:undefined disposed:false
193 http fetch GET 200 https://registry.npmjs.org/@prisma%2fengines-version 3133ms (cache miss)
194 silly packumentCache full:https://registry.npmjs.org/@prisma%2fengines-version set size:undefined disposed:false
195 http fetch GET 200 https://registry.npmjs.org/iconv-lite 2509ms (cache miss)
196 silly packumentCache full:https://registry.npmjs.org/iconv-lite set size:undefined disposed:false
197 http fetch GET 200 https://registry.npmjs.org/@prisma%2fget-platform 5153ms (cache miss)
198 silly packumentCache full:https://registry.npmjs.org/@prisma%2fget-platform set size:undefined disposed:false
199 http fetch GET 200 https://registry.npmjs.org/@prisma%2ffetch-engine 5410ms (cache miss)
200 silly packumentCache full:https://registry.npmjs.org/@prisma%2ffetch-engine set size:undefined disposed:false
201 http fetch GET 200 https://registry.npmjs.org/@prisma%2fdebug 6094ms (cache miss)
202 silly packumentCache full:https://registry.npmjs.org/@prisma%2fdebug set size:undefined disposed:false
203 http fetch GET 200 https://registry.npmjs.org/@prisma%2fget-platform 6533ms (cache miss)
204 silly packumentCache full:https://registry.npmjs.org/@prisma%2fget-platform set size:undefined disposed:false
205 silly fetch manifest magicast@^0.3.5
206 silly packumentCache full:https://registry.npmjs.org/magicast cache-miss
207 http fetch GET 200 https://registry.npmjs.org/magicast 46ms (cache miss)
208 silly packumentCache full:https://registry.npmjs.org/magicast set size:undefined disposed:false
209 silly placeDep ROOT c12@3.1.0 OK for: @prisma/config@7.2.0 want: 3.1.0
210 silly placeDep ROOT deepmerge-ts@7.1.5 OK for: @prisma/config@7.2.0 want: 7.1.5
211 silly placeDep ROOT effect@3.18.4 OK for: @prisma/config@7.2.0 want: 3.18.4
212 silly placeDep ROOT empathic@2.0.0 OK for: @prisma/config@7.2.0 want: 2.0.0
213 silly fetch manifest rc9@^2.1.2
214 silly packumentCache full:https://registry.npmjs.org/rc9 cache-miss
215 silly fetch manifest defu@^6.1.4
216 silly packumentCache full:https://registry.npmjs.org/defu cache-miss
217 silly fetch manifest giget@^2.0.0
218 silly packumentCache full:https://registry.npmjs.org/giget cache-miss
219 silly fetch manifest ohash@^2.0.11
220 silly packumentCache full:https://registry.npmjs.org/ohash cache-miss
221 silly fetch manifest pathe@^2.0.3
222 silly packumentCache full:https://registry.npmjs.org/pathe cache-miss
223 silly fetch manifest dotenv@^16.6.1
224 silly packumentCache full:https://registry.npmjs.org/dotenv cache-miss
225 silly fetch manifest confbox@^0.2.2
226 silly packumentCache full:https://registry.npmjs.org/confbox cache-miss
227 silly fetch manifest exsolve@^1.0.7
228 silly packumentCache full:https://registry.npmjs.org/exsolve cache-miss
229 silly fetch manifest chokidar@^4.0.3
230 silly packumentCache full:https://registry.npmjs.org/chokidar cache-miss
231 http cache https://registry.npmjs.org/pathe 3ms (cache hit)
232 silly packumentCache full:https://registry.npmjs.org/pathe set size:68788 disposed:false
233 silly fetch manifest pkg-types@^2.2.0
234 silly packumentCache full:https://registry.npmjs.org/pkg-types cache-miss
235 http fetch GET 200 https://registry.npmjs.org/rc9 54ms (cache miss)
236 silly packumentCache full:https://registry.npmjs.org/rc9 set size:undefined disposed:false
237 silly fetch manifest perfect-debounce@^1.0.0
238 silly packumentCache full:https://registry.npmjs.org/perfect-debounce cache-miss
239 http fetch GET 200 https://registry.npmjs.org/defu 54ms (cache miss)
240 silly packumentCache full:https://registry.npmjs.org/defu set size:undefined disposed:false
241 silly fetch manifest fast-check@^3.23.1
242 silly packumentCache full:https://registry.npmjs.org/fast-check cache-miss
243 http fetch GET 200 https://registry.npmjs.org/exsolve 60ms (cache miss)
244 silly packumentCache full:https://registry.npmjs.org/exsolve set size:undefined disposed:false
245 silly fetch manifest @standard-schema/spec@^1.0.0
246 silly packumentCache full:https://registry.npmjs.org/@standard-schema%2fspec cache-miss
247 http fetch GET 200 https://registry.npmjs.org/chokidar 63ms (cache miss)
248 silly packumentCache full:https://registry.npmjs.org/chokidar set size:undefined disposed:false
249 http fetch GET 200 https://registry.npmjs.org/giget 70ms (cache miss)
250 silly packumentCache full:https://registry.npmjs.org/giget set size:undefined disposed:false
251 http fetch GET 200 https://registry.npmjs.org/pkg-types 66ms (cache miss)
252 silly packumentCache full:https://registry.npmjs.org/pkg-types set size:undefined disposed:false
253 http fetch GET 200 https://registry.npmjs.org/dotenv 84ms (cache miss)
254 silly packumentCache full:https://registry.npmjs.org/dotenv set size:undefined disposed:false
255 http fetch GET 200 https://registry.npmjs.org/perfect-debounce 43ms (cache miss)
256 silly packumentCache full:https://registry.npmjs.org/perfect-debounce set size:undefined disposed:false
257 http fetch GET 200 https://registry.npmjs.org/fast-check 56ms (cache miss)
258 silly packumentCache full:https://registry.npmjs.org/fast-check set size:undefined disposed:false
259 http fetch GET 200 https://registry.npmjs.org/@standard-schema%2fspec 57ms (cache miss)
260 silly packumentCache full:https://registry.npmjs.org/@standard-schema%2fspec set size:undefined disposed:false
261 http fetch GET 200 https://registry.npmjs.org/confbox 337ms (cache miss)
262 silly packumentCache full:https://registry.npmjs.org/confbox set size:undefined disposed:false
263 http fetch GET 200 https://registry.npmjs.org/ohash 414ms (cache miss)
264 silly packumentCache full:https://registry.npmjs.org/ohash set size:undefined disposed:false
265 silly fetch manifest typescript@>=5
266 silly packumentCache full:https://registry.npmjs.org/typescript cache-miss
267 http cache https://registry.npmjs.org/typescript 18ms (cache hit)
268 silly packumentCache full:https://registry.npmjs.org/typescript set size:15103294 disposed:false
269 silly placeDep ROOT @electric-sql/pglite@0.3.2 OK for: @prisma/dev@0.17.0 want: 0.3.2
270 silly placeDep ROOT @electric-sql/pglite-socket@0.0.6 OK for: @prisma/dev@0.17.0 want: 0.0.6
271 silly placeDep ROOT @electric-sql/pglite-tools@0.2.7 OK for: @prisma/dev@0.17.0 want: 0.2.7
272 silly placeDep ROOT @hono/node-server@1.19.6 OK for: @prisma/dev@0.17.0 want: 1.19.6
273 silly placeDep ROOT hono@4.10.6 OK for: @hono/node-server@1.19.6 want: ^4
274 silly placeDep ROOT @mrleebo/prisma-ast@0.12.1 OK for: @prisma/dev@0.17.0 want: 0.12.1
275 silly placeDep ROOT @prisma/get-platform@6.8.2 OK for: @prisma/dev@0.17.0 want: 6.8.2
276 silly placeDep ROOT @prisma/query-plan-executor@6.18.0 OK for: @prisma/dev@0.17.0 want: 6.18.0
277 silly placeDep ROOT foreground-child@3.3.1 OK for: @prisma/dev@0.17.0 want: 3.3.1
278 silly placeDep ROOT get-port-please@3.1.2 OK for: @prisma/dev@0.17.0 want: 3.1.2
279 silly placeDep ROOT http-status-codes@2.3.0 OK for: @prisma/dev@0.17.0 want: 2.3.0
280 silly placeDep ROOT pathe@2.0.3 OK for: @prisma/dev@0.17.0 want: 2.0.3
281 silly placeDep ROOT proper-lockfile@4.1.2 OK for: @prisma/dev@0.17.0 want: 4.1.2
282 silly placeDep ROOT remeda@2.21.3 OK for: @prisma/dev@0.17.0 want: 2.21.3
283 silly placeDep ROOT std-env@3.9.0 OK for: @prisma/dev@0.17.0 want: 3.9.0
284 silly placeDep ROOT valibot@1.2.0 OK for: @prisma/dev@0.17.0 want: 1.2.0
285 silly placeDep ROOT zeptomatch@2.0.2 OK for: @prisma/dev@0.17.0 want: 2.0.2
286 silly fetch manifest lilconfig@^2.1.0
287 silly packumentCache full:https://registry.npmjs.org/lilconfig cache-miss
288 silly fetch manifest chevrotain@^10.5.0
289 silly packumentCache full:https://registry.npmjs.org/chevrotain cache-miss
290 silly fetch manifest @prisma/debug@6.8.2
291 silly packumentCache full:https://registry.npmjs.org/@prisma%2fdebug cache-miss
292 silly fetch manifest signal-exit@^4.0.1
293 silly packumentCache full:https://registry.npmjs.org/signal-exit cache-miss
294 silly fetch manifest retry@^0.12.0
295 silly packumentCache full:https://registry.npmjs.org/retry cache-miss
296 silly fetch manifest signal-exit@^3.0.2
297 silly packumentCache full:https://registry.npmjs.org/signal-exit cache-miss
298 silly fetch manifest type-fest@^4.39.1
299 silly packumentCache full:https://registry.npmjs.org/type-fest cache-miss
300 silly fetch manifest grammex@^3.1.10
301 silly packumentCache full:https://registry.npmjs.org/grammex cache-miss
302 http cache https://registry.npmjs.org/@prisma%2fdebug 23ms (cache hit)
303 silly packumentCache full:https://registry.npmjs.org/@prisma%2fdebug set size:28174309 disposed:false
304 http fetch GET 200 https://registry.npmjs.org/signal-exit 99ms (cache miss)
305 silly packumentCache full:https://registry.npmjs.org/signal-exit set size:undefined disposed:false
306 http fetch GET 200 https://registry.npmjs.org/lilconfig 99ms (cache miss)
307 silly packumentCache full:https://registry.npmjs.org/lilconfig set size:undefined disposed:false
308 http fetch GET 200 https://registry.npmjs.org/retry 100ms (cache miss)
309 silly packumentCache full:https://registry.npmjs.org/retry set size:undefined disposed:false
310 http fetch GET 200 https://registry.npmjs.org/signal-exit 100ms (cache miss)
311 silly packumentCache full:https://registry.npmjs.org/signal-exit set size:undefined disposed:false
312 http fetch GET 200 https://registry.npmjs.org/type-fest 102ms (cache miss)
313 silly packumentCache full:https://registry.npmjs.org/type-fest set size:undefined disposed:false
314 http fetch GET 200 https://registry.npmjs.org/chevrotain 104ms (cache miss)
315 silly packumentCache full:https://registry.npmjs.org/chevrotain set size:undefined disposed:false
316 http fetch GET 200 https://registry.npmjs.org/grammex 328ms (cache miss)
317 silly packumentCache full:https://registry.npmjs.org/grammex set size:undefined disposed:false
318 silly placeDep ROOT chevrotain@10.5.0 OK for: @mrleebo/prisma-ast@0.12.1 want: ^10.5.0
319 silly placeDep ROOT lilconfig@2.1.0 OK for: @mrleebo/prisma-ast@0.12.1 want: ^2.1.0
320 silly fetch manifest lodash@4.17.21
321 silly packumentCache full:https://registry.npmjs.org/lodash cache-miss
322 silly fetch manifest regexp-to-ast@0.5.0
323 silly packumentCache full:https://registry.npmjs.org/regexp-to-ast cache-miss
324 silly fetch manifest @chevrotain/gast@10.5.0
325 silly packumentCache full:https://registry.npmjs.org/@chevrotain%2fgast cache-miss
326 silly fetch manifest @chevrotain/types@10.5.0
327 silly packumentCache full:https://registry.npmjs.org/@chevrotain%2ftypes cache-miss
328 silly fetch manifest @chevrotain/utils@10.5.0
329 silly packumentCache full:https://registry.npmjs.org/@chevrotain%2futils cache-miss
330 silly fetch manifest @chevrotain/cst-dts-gen@10.5.0
331 silly packumentCache full:https://registry.npmjs.org/@chevrotain%2fcst-dts-gen cache-miss
332 http fetch GET 200 https://registry.npmjs.org/lodash 65ms (cache miss)
333 silly packumentCache full:https://registry.npmjs.org/lodash set size:undefined disposed:false
334 http fetch GET 200 https://registry.npmjs.org/@chevrotain%2fgast 66ms (cache miss)
335 silly packumentCache full:https://registry.npmjs.org/@chevrotain%2fgast set size:undefined disposed:false
336 http fetch GET 200 https://registry.npmjs.org/regexp-to-ast 192ms (cache miss)
337 silly packumentCache full:https://registry.npmjs.org/regexp-to-ast set size:undefined disposed:false
338 http fetch GET 200 https://registry.npmjs.org/@chevrotain%2ftypes 329ms (cache miss)
339 silly packumentCache full:https://registry.npmjs.org/@chevrotain%2ftypes set size:undefined disposed:false
340 http fetch GET 200 https://registry.npmjs.org/@chevrotain%2futils 344ms (cache miss)
341 silly packumentCache full:https://registry.npmjs.org/@chevrotain%2futils set size:undefined disposed:false
342 http fetch GET 200 https://registry.npmjs.org/@chevrotain%2fcst-dts-gen 610ms (cache miss)
343 silly packumentCache full:https://registry.npmjs.org/@chevrotain%2fcst-dts-gen set size:undefined disposed:false
344 silly placeDep ROOT @prisma/debug@7.2.0 OK for: @prisma/engines@7.2.0 want: 7.2.0
345 silly placeDep ROOT @prisma/engines-version@7.2.0-4.0c8ef2ce45c83248ab3df073180d5eda9e8be7a3 OK for: @prisma/engines@7.2.0 want: 7.2.0-4.0c8ef2ce45c83248ab3df073180d5eda9e8be7a3
346 silly placeDep ROOT @prisma/fetch-engine@7.2.0 OK for: @prisma/engines@7.2.0 want: 7.2.0
347 silly placeDep node_modules/@prisma/engines @prisma/get-platform@7.2.0 OK for: @prisma/engines@7.2.0 want: 7.2.0
348 silly placeDep node_modules/@prisma/fetch-engine @prisma/get-platform@7.2.0 OK for: @prisma/fetch-engine@7.2.0 want: 7.2.0
349 silly placeDep node_modules/@prisma/get-platform @prisma/debug@6.8.2 OK for: @prisma/get-platform@6.8.2 want: 6.8.2
350 silly placeDep ROOT chokidar@4.0.3 OK for: c12@3.1.0 want: ^4.0.3
351 silly placeDep ROOT confbox@0.2.2 OK for: c12@3.1.0 want: ^0.2.2
352 silly placeDep ROOT defu@6.1.4 OK for: c12@3.1.0 want: ^6.1.4
353 silly placeDep ROOT dotenv@16.6.1 OK for: c12@3.1.0 want: ^16.6.1
354 silly placeDep ROOT exsolve@1.0.8 OK for: c12@3.1.0 want: ^1.0.7
355 silly placeDep ROOT giget@2.0.0 OK for: c12@3.1.0 want: ^2.0.0
356 silly placeDep ROOT ohash@2.0.11 OK for: c12@3.1.0 want: ^2.0.11
357 silly placeDep ROOT perfect-debounce@1.0.0 OK for: c12@3.1.0 want: ^1.0.0
358 silly placeDep ROOT pkg-types@2.3.0 OK for: c12@3.1.0 want: ^2.2.0
359 silly placeDep ROOT rc9@2.1.2 OK for: c12@3.1.0 want: ^2.1.2
360 silly fetch manifest readdirp@^4.0.1
361 silly packumentCache full:https://registry.npmjs.org/readdirp cache-miss
362 silly fetch manifest citty@^0.1.6
363 silly packumentCache full:https://registry.npmjs.org/citty cache-miss
364 silly fetch manifest consola@^3.4.0
365 silly packumentCache full:https://registry.npmjs.org/consola cache-miss
366 silly fetch manifest node-fetch-native@^1.6.6
367 silly packumentCache full:https://registry.npmjs.org/node-fetch-native cache-miss
368 silly fetch manifest nypm@^0.6.0
369 silly packumentCache full:https://registry.npmjs.org/nypm cache-miss
370 silly fetch manifest destr@^2.0.3
371 silly packumentCache full:https://registry.npmjs.org/destr cache-miss
372 http fetch GET 200 https://registry.npmjs.org/readdirp 53ms (cache miss)
373 silly packumentCache full:https://registry.npmjs.org/readdirp set size:undefined disposed:false
374 http fetch GET 200 https://registry.npmjs.org/citty 58ms (cache miss)
375 silly packumentCache full:https://registry.npmjs.org/citty set size:undefined disposed:false
376 http fetch GET 200 https://registry.npmjs.org/consola 61ms (cache miss)
377 silly packumentCache full:https://registry.npmjs.org/consola set size:undefined disposed:false
378 http fetch GET 200 https://registry.npmjs.org/destr 194ms (cache miss)
379 silly packumentCache full:https://registry.npmjs.org/destr set size:undefined disposed:false
380 http fetch GET 200 https://registry.npmjs.org/node-fetch-native 341ms (cache miss)
381 silly packumentCache full:https://registry.npmjs.org/node-fetch-native set size:undefined disposed:false
382 http fetch GET 200 https://registry.npmjs.org/nypm 350ms (cache miss)
383 silly packumentCache full:https://registry.npmjs.org/nypm set size:undefined disposed:false
384 silly placeDep ROOT @chevrotain/cst-dts-gen@10.5.0 OK for: chevrotain@10.5.0 want: 10.5.0
385 silly placeDep ROOT @chevrotain/gast@10.5.0 OK for: chevrotain@10.5.0 want: 10.5.0
386 silly placeDep ROOT @chevrotain/types@10.5.0 OK for: chevrotain@10.5.0 want: 10.5.0
387 silly placeDep ROOT @chevrotain/utils@10.5.0 OK for: chevrotain@10.5.0 want: 10.5.0
388 silly placeDep ROOT lodash@4.17.21 OK for: chevrotain@10.5.0 want: 4.17.21
389 silly placeDep ROOT regexp-to-ast@0.5.0 OK for: chevrotain@10.5.0 want: 0.5.0
390 silly placeDep ROOT readdirp@4.1.2 OK for: chokidar@4.0.3 want: ^4.0.1
391 silly placeDep ROOT @standard-schema/spec@1.1.0 OK for: effect@3.18.4 want: ^1.0.0
392 silly placeDep ROOT fast-check@3.23.2 OK for: effect@3.18.4 want: ^3.23.1
393 silly fetch manifest pure-rand@^6.1.0
394 silly packumentCache full:https://registry.npmjs.org/pure-rand cache-miss
395 http fetch GET 200 https://registry.npmjs.org/pure-rand 65ms (cache miss)
396 silly packumentCache full:https://registry.npmjs.org/pure-rand set size:undefined disposed:false
397 silly placeDep ROOT pure-rand@6.1.0 OK for: fast-check@3.23.2 want: ^6.1.0
398 silly placeDep ROOT signal-exit@4.1.0 OK for: foreground-child@3.3.1 want: ^4.0.1
399 silly placeDep ROOT citty@0.1.6 OK for: giget@2.0.0 want: ^0.1.6
400 silly placeDep ROOT consola@3.4.2 OK for: giget@2.0.0 want: ^3.4.0
401 silly placeDep ROOT node-fetch-native@1.6.7 OK for: giget@2.0.0 want: ^1.6.6
402 silly placeDep ROOT nypm@0.6.2 OK for: giget@2.0.0 want: ^0.6.0
403 silly fetch manifest consola@^3.2.3
404 silly packumentCache full:https://registry.npmjs.org/consola cache-miss
405 silly fetch manifest tinyexec@^1.0.1
406 silly packumentCache full:https://registry.npmjs.org/tinyexec cache-miss
407 http cache https://registry.npmjs.org/consola 3ms (cache hit)
408 silly packumentCache full:https://registry.npmjs.org/consola set size:324648 disposed:false
409 http fetch GET 200 https://registry.npmjs.org/tinyexec 49ms (cache miss)
410 silly packumentCache full:https://registry.npmjs.org/tinyexec set size:undefined disposed:false
411 silly placeDep ROOT aws-ssl-profiles@1.1.2 OK for: mysql2@3.15.3 want: ^1.1.1
412 silly placeDep ROOT denque@2.1.0 OK for: mysql2@3.15.3 want: ^2.1.0
413 silly placeDep ROOT generate-function@2.3.1 OK for: mysql2@3.15.3 want: ^2.3.1
414 silly placeDep ROOT iconv-lite@0.7.1 OK for: mysql2@3.15.3 want: ^0.7.0
415 silly placeDep ROOT long@5.3.2 OK for: mysql2@3.15.3 want: ^5.2.1
416 silly placeDep ROOT lru.min@1.1.3 OK for: mysql2@3.15.3 want: ^1.0.0
417 silly placeDep ROOT named-placeholders@1.1.6 OK for: mysql2@3.15.3 want: ^1.1.3
418 silly placeDep ROOT seq-queue@0.0.5 OK for: mysql2@3.15.3 want: ^0.0.5
419 silly placeDep ROOT sqlstring@2.3.3 OK for: mysql2@3.15.3 want: ^2.3.2
420 silly fetch manifest is-property@^1.0.2
421 silly packumentCache full:https://registry.npmjs.org/is-property cache-miss
422 silly fetch manifest safer-buffer@>= 2.1.2 < 3.0.0
423 silly packumentCache full:https://registry.npmjs.org/safer-buffer cache-miss
424 http fetch GET 200 https://registry.npmjs.org/safer-buffer 44ms (cache miss)
425 silly packumentCache full:https://registry.npmjs.org/safer-buffer set size:undefined disposed:false
426 http fetch GET 200 https://registry.npmjs.org/is-property 47ms (cache miss)
427 silly packumentCache full:https://registry.npmjs.org/is-property set size:undefined disposed:false
428 silly placeDep ROOT is-property@1.0.2 OK for: generate-function@2.3.1 want: ^1.0.2
429 silly placeDep ROOT safer-buffer@2.1.2 OK for: iconv-lite@0.7.1 want: >= 2.1.2 < 3.0.0
430 silly placeDep ROOT tinyexec@1.0.2 OK for: nypm@0.6.2 want: ^1.0.1
431 silly placeDep ROOT retry@0.12.0 OK for: proper-lockfile@4.1.2 want: ^0.12.0
432 silly placeDep node_modules/proper-lockfile signal-exit@3.0.7 OK for: proper-lockfile@4.1.2 want: ^3.0.2
433 silly placeDep ROOT destr@2.0.5 OK for: rc9@2.1.2 want: ^2.0.3
434 silly placeDep ROOT type-fest@4.41.0 OK for: remeda@2.21.3 want: ^4.39.1
435 silly placeDep ROOT grammex@3.1.12 OK for: zeptomatch@2.0.2 want: ^3.1.10
436 silly reify moves {}
437 verbose reify failed optional dependency /Users/aditya_malur/Desktop/Gemini testing/Project Management GPT/ops-system/node_modules/@tailwindcss/oxide-wasm32-wasi
438 silly reify mark deleted [
438 silly reify   '/Users/aditya_malur/Desktop/Gemini testing/Project Management GPT/ops-system/node_modules/@tailwindcss/oxide-wasm32-wasi'
438 silly reify ]
439 silly audit bulk request {
439 silly audit   '@alloc/quick-lru': [ '5.2.0' ],
439 silly audit   '@babel/code-frame': [ '7.27.1' ],
439 silly audit   '@babel/compat-data': [ '7.28.5' ],
439 silly audit   '@babel/core': [ '7.28.5' ],
439 silly audit   '@babel/generator': [ '7.28.5' ],
439 silly audit   '@babel/helper-compilation-targets': [ '7.27.2' ],
439 silly audit   '@babel/helper-globals': [ '7.28.0' ],
439 silly audit   '@babel/helper-module-imports': [ '7.27.1' ],
439 silly audit   '@babel/helper-module-transforms': [ '7.28.3' ],
439 silly audit   '@babel/helper-string-parser': [ '7.27.1' ],
439 silly audit   '@babel/helper-validator-identifier': [ '7.28.5' ],
439 silly audit   '@babel/helper-validator-option': [ '7.27.1' ],
439 silly audit   '@babel/helpers': [ '7.28.4' ],
439 silly audit   '@babel/parser': [ '7.28.5' ],
439 silly audit   '@babel/template': [ '7.27.2' ],
439 silly audit   '@babel/traverse': [ '7.28.5' ],
439 silly audit   '@babel/types': [ '7.28.5' ],
439 silly audit   '@emnapi/core': [ '1.8.1' ],
439 silly audit   '@emnapi/runtime': [ '1.8.1' ],
439 silly audit   '@emnapi/wasi-threads': [ '1.1.0' ],
439 silly audit   '@eslint-community/eslint-utils': [ '4.9.1' ],
439 silly audit   'eslint-visitor-keys': [ '3.4.3', '4.2.1' ],
439 silly audit   '@eslint-community/regexpp': [ '4.12.2' ],
439 silly audit   '@eslint/config-array': [ '0.21.1' ],
439 silly audit   '@eslint/config-helpers': [ '0.4.2' ],
439 silly audit   '@eslint/core': [ '0.17.0' ],
439 silly audit   '@eslint/eslintrc': [ '3.3.3' ],
439 silly audit   '@eslint/js': [ '9.39.2' ],
439 silly audit   '@eslint/object-schema': [ '2.1.7' ],
439 silly audit   '@eslint/plugin-kit': [ '0.4.1' ],
439 silly audit   '@humanfs/core': [ '0.19.1' ],
439 silly audit   '@humanfs/node': [ '0.16.7' ],
439 silly audit   '@humanwhocodes/module-importer': [ '1.0.1' ],
439 silly audit   '@humanwhocodes/retry': [ '0.4.3' ],
439 silly audit   '@img/colour': [ '1.0.0' ],
439 silly audit   '@img/sharp-darwin-arm64': [ '0.34.5' ],
439 silly audit   '@img/sharp-darwin-x64': [ '0.34.5' ],
439 silly audit   '@img/sharp-libvips-darwin-arm64': [ '1.2.4' ],
439 silly audit   '@img/sharp-libvips-darwin-x64': [ '1.2.4' ],
439 silly audit   '@img/sharp-libvips-linux-arm': [ '1.2.4' ],
439 silly audit   '@img/sharp-libvips-linux-arm64': [ '1.2.4' ],
439 silly audit   '@img/sharp-libvips-linux-ppc64': [ '1.2.4' ],
439 silly audit   '@img/sharp-libvips-linux-riscv64': [ '1.2.4' ],
439 silly audit   '@img/sharp-libvips-linux-s390x': [ '1.2.4' ],
439 silly audit   '@img/sharp-libvips-linux-x64': [ '1.2.4' ],
439 silly audit   '@img/sharp-libvips-linuxmusl-arm64': [ '1.2.4' ],
439 silly audit   '@img/sharp-libvips-linuxmusl-x64': [ '1.2.4' ],
439 silly audit   '@img/sharp-linux-arm': [ '0.34.5' ],
439 silly audit   '@img/sharp-linux-arm64': [ '0.34.5' ],
439 silly audit   '@img/sharp-linux-ppc64': [ '0.34.5' ],
439 silly audit   '@img/sharp-linux-riscv64': [ '0.34.5' ],
439 silly audit   '@img/sharp-linux-s390x': [ '0.34.5' ],
439 silly audit   '@img/sharp-linux-x64': [ '0.34.5' ],
439 silly audit   '@img/sharp-linuxmusl-arm64': [ '0.34.5' ],
439 silly audit   '@img/sharp-linuxmusl-x64': [ '0.34.5' ],
439 silly audit   '@img/sharp-wasm32': [ '0.34.5' ],
439 silly audit   '@img/sharp-win32-arm64': [ '0.34.5' ],
439 silly audit   '@img/sharp-win32-ia32': [ '0.34.5' ],
439 silly audit   '@img/sharp-win32-x64': [ '0.34.5' ],
439 silly audit   '@jridgewell/gen-mapping': [ '0.3.13' ],
439 silly audit   '@jridgewell/remapping': [ '2.3.5' ],
439 silly audit   '@jridgewell/resolve-uri': [ '3.1.2' ],
439 silly audit   '@jridgewell/sourcemap-codec': [ '1.5.5' ],
439 silly audit   '@jridgewell/trace-mapping': [ '0.3.31' ],
439 silly audit   '@napi-rs/wasm-runtime': [ '0.2.12' ],
439 silly audit   '@next/env': [ '16.1.1' ],
439 silly audit   '@next/eslint-plugin-next': [ '16.1.1' ],
439 silly audit   '@next/swc-darwin-arm64': [ '16.1.1' ],
439 silly audit   '@next/swc-darwin-x64': [ '16.1.1' ],
439 silly audit   '@next/swc-linux-arm64-gnu': [ '16.1.1' ],
439 silly audit   '@next/swc-linux-arm64-musl': [ '16.1.1' ],
439 silly audit   '@next/swc-linux-x64-gnu': [ '16.1.1' ],
439 silly audit   '@next/swc-linux-x64-musl': [ '16.1.1' ],
439 silly audit   '@next/swc-win32-arm64-msvc': [ '16.1.1' ],
439 silly audit   '@next/swc-win32-x64-msvc': [ '16.1.1' ],
439 silly audit   '@nodelib/fs.scandir': [ '2.1.5' ],
439 silly audit   '@nodelib/fs.stat': [ '2.0.5' ],
439 silly audit   '@nodelib/fs.walk': [ '1.2.8' ],
439 silly audit   '@nolyfill/is-core-module': [ '1.0.39' ],
439 silly audit   '@prisma/client': [ '7.2.0' ],
439 silly audit   '@prisma/client-runtime-utils': [ '7.2.0' ],
439 silly audit   '@rtsao/scc': [ '1.1.0' ],
439 silly audit   '@supabase/auth-js': [ '2.90.0' ],
439 silly audit   '@supabase/functions-js': [ '2.90.0' ],
439 silly audit   '@supabase/postgrest-js': [ '2.90.0' ],
439 silly audit   '@supabase/realtime-js': [ '2.90.0' ],
439 silly audit   '@supabase/ssr': [ '0.8.0' ],
439 silly audit   '@supabase/storage-js': [ '2.90.0' ],
439 silly audit   '@supabase/supabase-js': [ '2.90.0' ],
439 silly audit   '@swc/helpers': [ '0.5.15' ],
439 silly audit   '@tailwindcss/node': [ '4.1.18' ],
439 silly audit   '@tailwindcss/oxide': [ '4.1.18' ],
439 silly audit   '@tailwindcss/oxide-android-arm64': [ '4.1.18' ],
439 silly audit   '@tailwindcss/oxide-darwin-arm64': [ '4.1.18' ],
439 silly audit   '@tailwindcss/oxide-darwin-x64': [ '4.1.18' ],
439 silly audit   '@tailwindcss/oxide-freebsd-x64': [ '4.1.18' ],
439 silly audit   '@tailwindcss/oxide-linux-arm-gnueabihf': [ '4.1.18' ],
439 silly audit   '@tailwindcss/oxide-linux-arm64-gnu': [ '4.1.18' ],
439 silly audit   '@tailwindcss/oxide-linux-arm64-musl': [ '4.1.18' ],
439 silly audit   '@tailwindcss/oxide-linux-x64-gnu': [ '4.1.18' ],
439 silly audit   '@tailwindcss/oxide-linux-x64-musl': [ '4.1.18' ],
439 silly audit   '@tailwindcss/oxide-win32-arm64-msvc': [ '4.1.18' ],
439 silly audit   '@tailwindcss/oxide-win32-x64-msvc': [ '4.1.18' ],
439 silly audit   '@tailwindcss/postcss': [ '4.1.18' ],
439 silly audit   '@tybys/wasm-util': [ '0.10.1' ],
439 silly audit   '@types/estree': [ '1.0.8' ],
439 silly audit   '@types/json-schema': [ '7.0.15' ],
439 silly audit   '@types/json5': [ '0.0.29' ],
439 silly audit   '@types/node': [ '20.19.27' ],
439 silly audit   '@types/phoenix': [ '1.6.7' ],
439 silly audit   '@types/react': [ '19.2.7' ],
439 silly audit   '@types/react-dom': [ '19.2.3' ],
439 silly audit   '@types/ws': [ '8.18.1' ],
439 silly audit   '@typescript-eslint/eslint-plugin': [ '8.52.0' ],
439 silly audit   ignore: [ '7.0.5', '5.3.2' ],
439 silly audit   '@typescript-eslint/parser': [ '8.52.0' ],
439 silly audit   '@typescript-eslint/project-service': [ '8.52.0' ],
439 silly audit   '@typescript-eslint/scope-manager': [ '8.52.0' ],
439 silly audit   '@typescript-eslint/tsconfig-utils': [ '8.52.0' ],
439 silly audit   '@typescript-eslint/type-utils': [ '8.52.0' ],
439 silly audit   '@typescript-eslint/types': [ '8.52.0' ],
439 silly audit   '@typescript-eslint/typescript-estree': [ '8.52.0' ],
439 silly audit   'brace-expansion': [ '2.0.2', '1.1.12' ],
439 silly audit   minimatch: [ '9.0.5', '3.1.2' ],
439 silly audit   semver: [ '7.7.3', '6.3.1' ],
439 silly audit   '@typescript-eslint/utils': [ '8.52.0' ],
439 silly audit   '@typescript-eslint/visitor-keys': [ '8.52.0' ],
439 silly audit   '@unrs/resolver-binding-android-arm-eabi': [ '1.11.1' ],
439 silly audit   '@unrs/resolver-binding-android-arm64': [ '1.11.1' ],
439 silly audit   '@unrs/resolver-binding-darwin-arm64': [ '1.11.1' ],
439 silly audit   '@unrs/resolver-binding-darwin-x64': [ '1.11.1' ],
439 silly audit   '@unrs/resolver-binding-freebsd-x64': [ '1.11.1' ],
439 silly audit   '@unrs/resolver-binding-linux-arm-gnueabihf': [ '1.11.1' ],
439 silly audit   '@unrs/resolver-binding-linux-arm-musleabihf': [ '1.11.1' ],
439 silly audit   '@unrs/resolver-binding-linux-arm64-gnu': [ '1.11.1' ],
439 silly audit   '@unrs/resolver-binding-linux-arm64-musl': [ '1.11.1' ],
439 silly audit   '@unrs/resolver-binding-linux-ppc64-gnu': [ '1.11.1' ],
439 silly audit   '@unrs/resolver-binding-linux-riscv64-gnu': [ '1.11.1' ],
439 silly audit   '@unrs/resolver-binding-linux-riscv64-musl': [ '1.11.1' ],
439 silly audit   '@unrs/resolver-binding-linux-s390x-gnu': [ '1.11.1' ],
439 silly audit   '@unrs/resolver-binding-linux-x64-gnu': [ '1.11.1' ],
439 silly audit   '@unrs/resolver-binding-linux-x64-musl': [ '1.11.1' ],
439 silly audit   '@unrs/resolver-binding-wasm32-wasi': [ '1.11.1' ],
439 silly audit   '@unrs/resolver-binding-win32-arm64-msvc': [ '1.11.1' ],
439 silly audit   '@unrs/resolver-binding-win32-ia32-msvc': [ '1.11.1' ],
439 silly audit   '@unrs/resolver-binding-win32-x64-msvc': [ '1.11.1' ],
439 silly audit   acorn: [ '8.15.0' ],
439 silly audit   'acorn-jsx': [ '5.3.2' ],
439 silly audit   ajv: [ '6.12.6' ],
439 silly audit   'ansi-styles': [ '4.3.0' ],
439 silly audit   argparse: [ '2.0.1' ],
439 silly audit   'aria-query': [ '5.3.2' ],
439 silly audit   'array-buffer-byte-length': [ '1.0.2' ],
439 silly audit   'array-includes': [ '3.1.9' ],
439 silly audit   'array.prototype.findlast': [ '1.2.5' ],
439 silly audit   'array.prototype.findlastindex': [ '1.2.6' ],
439 silly audit   'array.prototype.flat': [ '1.3.3' ],
439 silly audit   'array.prototype.flatmap': [ '1.3.3' ],
439 silly audit   'array.prototype.tosorted': [ '1.1.4' ],
439 silly audit   'arraybuffer.prototype.slice': [ '1.0.4' ],
439 silly audit   'ast-types-flow': [ '0.0.8' ],
439 silly audit   'async-function': [ '1.0.0' ],
439 silly audit   'available-typed-arrays': [ '1.0.7' ],
439 silly audit   'axe-core': [ '4.11.1' ],
439 silly audit   'axobject-query': [ '4.1.0' ],
439 silly audit   'balanced-match': [ '1.0.2' ],
439 silly audit   'baseline-browser-mapping': [ '2.9.12' ],
439 silly audit   braces: [ '3.0.3' ],
439 silly audit   browserslist: [ '4.28.1' ],
439 silly audit   'call-bind': [ '1.0.8' ],
439 silly audit   'call-bind-apply-helpers': [ '1.0.2' ],
439 silly audit   'call-bound': [ '1.0.4' ],
439 silly audit   callsites: [ '3.1.0' ],
439 silly audit   'caniuse-lite': [ '1.0.30001763' ],
439 silly audit   chalk: [ '4.1.2' ],
439 silly audit   'class-variance-authority': [ '0.7.1' ],
439 silly audit   'client-only': [ '0.0.1' ],
439 silly audit   clsx: [ '2.1.1' ],
439 silly audit   'color-convert': [ '2.0.1' ],
439 silly audit   'color-name': [ '1.1.4' ],
439 silly audit   'concat-map': [ '0.0.1' ],
439 silly audit   'convert-source-map': [ '2.0.0' ],
439 silly audit   cookie: [ '1.1.1' ],
439 silly audit   'cross-spawn': [ '7.0.6' ],
439 silly audit   csstype: [ '3.2.3' ],
439 silly audit   'damerau-levenshtein': [ '1.0.8' ],
439 silly audit   'data-view-buffer': [ '1.0.2' ],
439 silly audit   'data-view-byte-length': [ '1.0.2' ],
439 silly audit   'data-view-byte-offset': [ '1.0.1' ],
439 silly audit   debug: [ '4.4.3', '3.2.7' ],
439 silly audit   'deep-is': [ '0.1.4' ],
439 silly audit   'define-data-property': [ '1.1.4' ],
439 silly audit   'define-properties': [ '1.2.1' ],
439 silly audit   'detect-libc': [ '2.1.2' ],
439 silly audit   doctrine: [ '2.1.0' ],
439 silly audit   'dunder-proto': [ '1.0.1' ],
439 silly audit   'electron-to-chromium': [ '1.5.267' ],
439 silly audit   'emoji-regex': [ '9.2.2' ],
439 silly audit   'enhanced-resolve': [ '5.18.4' ],
439 silly audit   'es-abstract': [ '1.24.1' ],
439 silly audit   'es-define-property': [ '1.0.1' ],
439 silly audit   'es-errors': [ '1.3.0' ],
439 silly audit   'es-iterator-helpers': [ '1.2.2' ],
439 silly audit   'es-object-atoms': [ '1.1.1' ],
439 silly audit   'es-set-tostringtag': [ '2.1.0' ],
439 silly audit   'es-shim-unscopables': [ '1.1.0' ],
439 silly audit   'es-to-primitive': [ '1.3.0' ],
439 silly audit   escalade: [ '3.2.0' ],
439 silly audit   'escape-string-regexp': [ '4.0.0' ],
439 silly audit   eslint: [ '9.39.2' ],
439 silly audit   'eslint-config-next': [ '16.1.1' ],
439 silly audit   globals: [ '16.4.0', '14.0.0' ],
439 silly audit   'eslint-import-resolver-node': [ '0.3.9' ],
439 silly audit   'eslint-import-resolver-typescript': [ '3.10.1' ],
439 silly audit   'eslint-module-utils': [ '2.12.1' ],
439 silly audit   'eslint-plugin-import': [ '2.32.0' ],
439 silly audit   'eslint-plugin-jsx-a11y': [ '6.10.2' ],
439 silly audit   'eslint-plugin-react': [ '7.37.5' ],
439 silly audit   'eslint-plugin-react-hooks': [ '7.0.1' ],
439 silly audit   resolve: [ '2.0.0-next.5', '1.22.11' ],
439 silly audit   'eslint-scope': [ '8.4.0' ],
439 silly audit   espree: [ '10.4.0' ],
439 silly audit   esquery: [ '1.7.0' ],
439 silly audit   esrecurse: [ '4.3.0' ],
439 silly audit   estraverse: [ '5.3.0' ],
439 silly audit   esutils: [ '2.0.3' ],
439 silly audit   'fast-deep-equal': [ '3.1.3' ],
439 silly audit   'fast-glob': [ '3.3.1' ],
439 silly audit   'glob-parent': [ '5.1.2', '6.0.2' ],
439 silly audit   'fast-json-stable-stringify': [ '2.1.0' ],
439 silly audit   'fast-levenshtein': [ '2.0.6' ],
439 silly audit   fastq: [ '1.20.1' ],
439 silly audit   'file-entry-cache': [ '8.0.0' ],
439 silly audit   'fill-range': [ '7.1.1' ],
439 silly audit   'find-up': [ '5.0.0' ],
439 silly audit   'flat-cache': [ '4.0.1' ],
439 silly audit   flatted: [ '3.3.3' ],
439 silly audit   'for-each': [ '0.3.5' ],
439 silly audit   'function-bind': [ '1.1.2' ],
439 silly audit   'function.prototype.name': [ '1.1.8' ],
439 silly audit   'functions-have-names': [ '1.2.3' ],
439 silly audit   'generator-function': [ '2.0.1' ],
439 silly audit   gensync: [ '1.0.0-beta.2' ],
439 silly audit   'get-intrinsic': [ '1.3.0' ],
439 silly audit   'get-proto': [ '1.0.1' ],
439 silly audit   'get-symbol-description': [ '1.1.0' ],
439 silly audit   'get-tsconfig': [ '4.13.0' ],
439 silly audit   globalthis: [ '1.0.4' ],
439 silly audit   gopd: [ '1.2.0' ],
439 silly audit   'graceful-fs': [ '4.2.11' ],
439 silly audit   'has-bigints': [ '1.1.0' ],
439 silly audit   'has-flag': [ '4.0.0' ],
439 silly audit   'has-property-descriptors': [ '1.0.2' ],
439 silly audit   'has-proto': [ '1.2.0' ],
439 silly audit   'has-symbols': [ '1.1.0' ],
439 silly audit   'has-tostringtag': [ '1.0.2' ],
439 silly audit   hasown: [ '2.0.2' ],
439 silly audit   'hermes-estree': [ '0.25.1' ],
439 silly audit   'hermes-parser': [ '0.25.1' ],
439 silly audit   'iceberg-js': [ '0.8.1' ],
439 silly audit   'import-fresh': [ '3.3.1' ],
439 silly audit   imurmurhash: [ '0.1.4' ],
439 silly audit   'internal-slot': [ '1.1.0' ],
439 silly audit   'is-array-buffer': [ '3.0.5' ],
439 silly audit   'is-async-function': [ '2.1.1' ],
439 silly audit   'is-bigint': [ '1.1.0' ],
439 silly audit   'is-boolean-object': [ '1.2.2' ],
439 silly audit   'is-bun-module': [ '2.0.0' ],
439 silly audit   'is-callable': [ '1.2.7' ],
439 silly audit   'is-core-module': [ '2.16.1' ],
439 silly audit   'is-data-view': [ '1.0.2' ],
439 silly audit   'is-date-object': [ '1.1.0' ],
439 silly audit   'is-extglob': [ '2.1.1' ],
439 silly audit   'is-finalizationregistry': [ '1.1.1' ],
439 silly audit   'is-generator-function': [ '1.1.2' ],
439 silly audit   'is-glob': [ '4.0.3' ],
439 silly audit   'is-map': [ '2.0.3' ],
439 silly audit   'is-negative-zero': [ '2.0.3' ],
439 silly audit   'is-number': [ '7.0.0' ],
439 silly audit   'is-number-object': [ '1.1.1' ],
439 silly audit   'is-regex': [ '1.2.1' ],
439 silly audit   'is-set': [ '2.0.3' ],
439 silly audit   'is-shared-array-buffer': [ '1.0.4' ],
439 silly audit   'is-string': [ '1.1.1' ],
439 silly audit   'is-symbol': [ '1.1.1' ],
439 silly audit   'is-typed-array': [ '1.1.15' ],
439 silly audit   'is-weakmap': [ '2.0.2' ],
439 silly audit   'is-weakref': [ '1.1.1' ],
439 silly audit   'is-weakset': [ '2.0.4' ],
439 silly audit   isarray: [ '2.0.5' ],
439 silly audit   isexe: [ '2.0.0' ],
439 silly audit   'iterator.prototype': [ '1.1.5' ],
439 silly audit   jiti: [ '2.6.1' ],
439 silly audit   'js-tokens': [ '4.0.0' ],
439 silly audit   'js-yaml': [ '4.1.1' ],
439 silly audit   jsesc: [ '3.1.0' ],
439 silly audit   'json-buffer': [ '3.0.1' ],
439 silly audit   'json-schema-traverse': [ '0.4.1' ],
439 silly audit   'json-stable-stringify-without-jsonify': [ '1.0.1' ],
439 silly audit   json5: [ '2.2.3', '1.0.2' ],
439 silly audit   'jsx-ast-utils': [ '3.3.5' ],
439 silly audit   keyv: [ '4.5.4' ],
439 silly audit   'language-subtag-registry': [ '0.3.23' ],
439 silly audit   'language-tags': [ '1.0.9' ],
439 silly audit   levn: [ '0.4.1' ],
439 silly audit   lightningcss: [ '1.30.2' ],
439 silly audit   'lightningcss-android-arm64': [ '1.30.2' ],
439 silly audit   'lightningcss-darwin-arm64': [ '1.30.2' ],
439 silly audit   'lightningcss-darwin-x64': [ '1.30.2' ],
439 silly audit   'lightningcss-freebsd-x64': [ '1.30.2' ],
439 silly audit   'lightningcss-linux-arm-gnueabihf': [ '1.30.2' ],
439 silly audit   'lightningcss-linux-arm64-gnu': [ '1.30.2' ],
439 silly audit   'lightningcss-linux-arm64-musl': [ '1.30.2' ],
439 silly audit   'lightningcss-linux-x64-gnu': [ '1.30.2' ],
439 silly audit   'lightningcss-linux-x64-musl': [ '1.30.2' ],
439 silly audit   'lightningcss-win32-arm64-msvc': [ '1.30.2' ],
439 silly audit   'lightningcss-win32-x64-msvc': [ '1.30.2' ],
439 silly audit   'locate-path': [ '6.0.0' ],
439 silly audit   'lodash.merge': [ '4.6.2' ],
439 silly audit   'loose-envify': [ '1.4.0' ],
439 silly audit   'lru-cache': [ '5.1.1' ],
439 silly audit   'lucide-react': [ '0.562.0' ],
439 silly audit   'magic-string': [ '0.30.21' ],
439 silly audit   'math-intrinsics': [ '1.1.0' ],
439 silly audit   merge2: [ '1.4.1' ],
439 silly audit   micromatch: [ '4.0.8' ],
439 silly audit   minimist: [ '1.2.8' ],
439 silly audit   ms: [ '2.1.3' ],
439 silly audit   nanoid: [ '3.3.11' ],
439 silly audit   'napi-postinstall': [ '0.3.4' ],
439 silly audit   'natural-compare': [ '1.4.0' ],
439 silly audit   next: [ '16.1.1' ],
439 silly audit   postcss: [ '8.4.31', '8.5.6' ],
439 silly audit   'node-releases': [ '2.0.27' ],
439 silly audit   'object-assign': [ '4.1.1' ],
439 silly audit   'object-inspect': [ '1.13.4' ],
439 silly audit   'object-keys': [ '1.1.1' ],
439 silly audit   'object.assign': [ '4.1.7' ],
439 silly audit   'object.entries': [ '1.1.9' ],
439 silly audit   'object.fromentries': [ '2.0.8' ],
439 silly audit   'object.groupby': [ '1.0.3' ],
439 silly audit   'object.values': [ '1.2.1' ],
439 silly audit   optionator: [ '0.9.4' ],
439 silly audit   'own-keys': [ '1.0.1' ],
439 silly audit   'p-limit': [ '3.1.0' ],
439 silly audit   'p-locate': [ '5.0.0' ],
439 silly audit   'parent-module': [ '1.0.1' ],
439 silly audit   'path-exists': [ '4.0.0' ],
439 silly audit   'path-key': [ '3.1.1' ],
439 silly audit   'path-parse': [ '1.0.7' ],
439 silly audit   picocolors: [ '1.1.1' ],
439 silly audit   picomatch: [ '2.3.1', '4.0.3' ],
439 silly audit   'possible-typed-array-names': [ '1.1.0' ],
439 silly audit   'prelude-ls': [ '1.2.1' ],
439 silly audit   'prop-types': [ '15.8.1' ],
439 silly audit   punycode: [ '2.3.1' ],
439 silly audit   'queue-microtask': [ '1.2.3' ],
439 silly audit   react: [ '19.2.3' ],
439 silly audit   'react-dom': [ '19.2.3' ],
439 silly audit   'react-is': [ '16.13.1' ],
439 silly audit   'reflect.getprototypeof': [ '1.0.10' ],
439 silly audit   'regexp.prototype.flags': [ '1.5.4' ],
439 silly audit   'resolve-from': [ '4.0.0' ],
439 silly audit   'resolve-pkg-maps': [ '1.0.0' ],
439 silly audit   reusify: [ '1.1.0' ],
439 silly audit   'run-parallel': [ '1.2.0' ],
439 silly audit   'safe-array-concat': [ '1.1.3' ],
439 silly audit   'safe-push-apply': [ '1.0.0' ],
439 silly audit   'safe-regex-test': [ '1.1.0' ],
439 silly audit   scheduler: [ '0.27.0' ],
439 silly audit   'set-function-length': [ '1.2.2' ],
439 silly audit   'set-function-name': [ '2.0.2' ],
439 silly audit   'set-proto': [ '1.0.0' ],
439 silly audit   sharp: [ '0.34.5' ],
439 silly audit   'shebang-command': [ '2.0.0' ],
439 silly audit   'shebang-regex': [ '3.0.0' ],
439 silly audit   'side-channel': [ '1.1.0' ],
439 silly audit   'side-channel-list': [ '1.0.0' ],
439 silly audit   'side-channel-map': [ '1.0.1' ],
439 silly audit   'side-channel-weakmap': [ '1.0.2' ],
439 silly audit   'source-map-js': [ '1.2.1' ],
439 silly audit   'stable-hash': [ '0.0.5' ],
439 silly audit   'stop-iteration-iterator': [ '1.1.0' ],
439 silly audit   'string.prototype.includes': [ '2.0.1' ],
439 silly audit   'string.prototype.matchall': [ '4.0.12' ],
439 silly audit   'string.prototype.repeat': [ '1.0.0' ],
439 silly audit   'string.prototype.trim': [ '1.2.10' ],
439 silly audit   'string.prototype.trimend': [ '1.0.9' ],
439 silly audit   'string.prototype.trimstart': [ '1.0.8' ],
439 silly audit   'strip-bom': [ '3.0.0' ],
439 silly audit   'strip-json-comments': [ '3.1.1' ],
439 silly audit   'styled-jsx': [ '5.1.6' ],
439 silly audit   'supports-color': [ '7.2.0' ],
439 silly audit   'supports-preserve-symlinks-flag': [ '1.0.0' ],
439 silly audit   'tailwind-merge': [ '3.4.0' ],
439 silly audit   tailwindcss: [ '4.1.18' ],
439 silly audit   tapable: [ '2.3.0' ],
439 silly audit   tinyglobby: [ '0.2.15' ],
439 silly audit   fdir: [ '6.5.0' ],
439 silly audit   'to-regex-range': [ '5.0.1' ],
439 silly audit   'ts-api-utils': [ '2.4.0' ],
439 silly audit   'tsconfig-paths': [ '3.15.0' ],
439 silly audit   tslib: [ '2.8.1' ],
439 silly audit   'type-check': [ '0.4.0' ],
439 silly audit   'typed-array-buffer': [ '1.0.3' ],
439 silly audit   'typed-array-byte-length': [ '1.0.3' ],
439 silly audit   'typed-array-byte-offset': [ '1.0.4' ],
439 silly audit   'typed-array-length': [ '1.0.7' ],
439 silly audit   typescript: [ '5.9.3' ],
439 silly audit   'typescript-eslint': [ '8.52.0' ],
439 silly audit   'unbox-primitive': [ '1.1.0' ],
439 silly audit   'undici-types': [ '6.21.0' ],
439 silly audit   'unrs-resolver': [ '1.11.1' ],
439 silly audit   'update-browserslist-db': [ '1.2.3' ],
439 silly audit   'uri-js': [ '4.4.1' ],
439 silly audit   which: [ '2.0.2' ],
439 silly audit   'which-boxed-primitive': [ '1.1.1' ],
439 silly audit   'which-builtin-type': [ '1.2.1' ],
439 silly audit   'which-collection': [ '1.0.2' ],
439 silly audit   'which-typed-array': [ '1.1.19' ],
439 silly audit   'word-wrap': [ '1.2.5' ],
439 silly audit   ws: [ '8.19.0' ],
439 silly audit   yallist: [ '3.1.1' ],
439 silly audit   'yocto-queue': [ '0.1.0' ],
439 silly audit   zod: [ '4.3.5' ],
439 silly audit   'zod-validation-error': [ '4.0.2' ],
439 silly audit   prisma: [ '7.2.0' ],
439 silly audit   '@prisma/config': [ '7.2.0' ],
439 silly audit   '@prisma/dev': [ '0.17.0' ],
439 silly audit   '@prisma/engines': [ '7.2.0' ],
439 silly audit   '@prisma/studio-core': [ '0.9.0' ],
439 silly audit   mysql2: [ '3.15.3' ],
439 silly audit   postgres: [ '3.4.7' ],
439 silly audit   c12: [ '3.1.0' ],
439 silly audit   'deepmerge-ts': [ '7.1.5' ],
439 silly audit   effect: [ '3.18.4' ],
439 silly audit   empathic: [ '2.0.0' ],
439 silly audit   '@electric-sql/pglite': [ '0.3.2' ],
439 silly audit   '@electric-sql/pglite-socket': [ '0.0.6' ],
439 silly audit   '@electric-sql/pglite-tools': [ '0.2.7' ],
439 silly audit   '@hono/node-server': [ '1.19.6' ],
439 silly audit   hono: [ '4.10.6' ],
439 silly audit   '@mrleebo/prisma-ast': [ '0.12.1' ],
439 silly audit   '@prisma/get-platform': [ '6.8.2', '7.2.0' ],
439 silly audit   '@prisma/query-plan-executor': [ '6.18.0' ],
439 silly audit   'foreground-child': [ '3.3.1' ],
439 silly audit   'get-port-please': [ '3.1.2' ],
439 silly audit   'http-status-codes': [ '2.3.0' ],
439 silly audit   pathe: [ '2.0.3' ],
439 silly audit   'proper-lockfile': [ '4.1.2' ],
439 silly audit   remeda: [ '2.21.3' ],
439 silly audit   'std-env': [ '3.9.0' ],
439 silly audit   valibot: [ '1.2.0' ],
439 silly audit   zeptomatch: [ '2.0.2' ],
439 silly audit   chevrotain: [ '10.5.0' ],
439 silly audit   lilconfig: [ '2.1.0' ],
439 silly audit   '@prisma/debug': [ '7.2.0', '6.8.2' ],
439 silly audit   '@prisma/engines-version': [ '7.2.0-4.0c8ef2ce45c83248ab3df073180d5eda9e8be7a3' ],
439 silly audit   '@prisma/fetch-engine': [ '7.2.0' ],
439 silly audit   chokidar: [ '4.0.3' ],
439 silly audit   confbox: [ '0.2.2' ],
439 silly audit   defu: [ '6.1.4' ],
439 silly audit   dotenv: [ '16.6.1' ],
439 silly audit   exsolve: [ '1.0.8' ],
439 silly audit   giget: [ '2.0.0' ],
439 silly audit   ohash: [ '2.0.11' ],
439 silly audit   'perfect-debounce': [ '1.0.0' ],
439 silly audit   'pkg-types': [ '2.3.0' ],
439 silly audit   rc9: [ '2.1.2' ],
439 silly audit   '@chevrotain/cst-dts-gen': [ '10.5.0' ],
439 silly audit   '@chevrotain/gast': [ '10.5.0' ],
439 silly audit   '@chevrotain/types': [ '10.5.0' ],
439 silly audit   '@chevrotain/utils': [ '10.5.0' ],
439 silly audit   lodash: [ '4.17.21' ],
439 silly audit   'regexp-to-ast': [ '0.5.0' ],
439 silly audit   readdirp: [ '4.1.2' ],
439 silly audit   '@standard-schema/spec': [ '1.1.0' ],
439 silly audit   'fast-check': [ '3.23.2' ],
439 silly audit   'pure-rand': [ '6.1.0' ],
439 silly audit   'signal-exit': [ '4.1.0', '3.0.7' ],
439 silly audit   citty: [ '0.1.6' ],
439 silly audit   consola: [ '3.4.2' ],
439 silly audit   'node-fetch-native': [ '1.6.7' ],
439 silly audit   nypm: [ '0.6.2' ],
439 silly audit   'aws-ssl-profiles': [ '1.1.2' ],
439 silly audit   denque: [ '2.1.0' ],
439 silly audit   'generate-function': [ '2.3.1' ],
439 silly audit   'iconv-lite': [ '0.7.1' ],
439 silly audit   long: [ '5.3.2' ],
439 silly audit   'lru.min': [ '1.1.3' ],
439 silly audit   'named-placeholders': [ '1.1.6' ],
439 silly audit   'seq-queue': [ '0.0.5' ],
439 silly audit   sqlstring: [ '2.3.3' ],
439 silly audit   'is-property': [ '1.0.2' ],
439 silly audit   'safer-buffer': [ '2.1.2' ],
439 silly audit   tinyexec: [ '1.0.2' ],
439 silly audit   retry: [ '0.12.0' ],
439 silly audit   destr: [ '2.0.5' ],
439 silly audit   'type-fest': [ '4.41.0' ],
439 silly audit   grammex: [ '3.1.12' ],
439 silly audit   '@tailwindcss/oxide-wasm32-wasi': [ '4.1.18' ]
439 silly audit }
440 verbose reify failed optional dependency /Users/aditya_malur/Desktop/Gemini testing/Project Management GPT/ops-system/node_modules/lightningcss-win32-x64-msvc
441 silly reify mark deleted [
441 silly reify   '/Users/aditya_malur/Desktop/Gemini testing/Project Management GPT/ops-system/node_modules/lightningcss-win32-x64-msvc'
441 silly reify ]
442 verbose reify failed optional dependency /Users/aditya_malur/Desktop/Gemini testing/Project Management GPT/ops-system/node_modules/lightningcss-win32-arm64-msvc
443 silly reify mark deleted [
443 silly reify   '/Users/aditya_malur/Desktop/Gemini testing/Project Management GPT/ops-system/node_modules/lightningcss-win32-arm64-msvc'
443 silly reify ]
444 verbose reify failed optional dependency /Users/aditya_malur/Desktop/Gemini testing/Project Management GPT/ops-system/node_modules/lightningcss-linux-x64-musl
445 silly reify mark deleted [
445 silly reify   '/Users/aditya_malur/Desktop/Gemini testing/Project Management GPT/ops-system/node_modules/lightningcss-linux-x64-musl'
445 silly reify ]
446 verbose reify failed optional dependency /Users/aditya_malur/Desktop/Gemini testing/Project Management GPT/ops-system/node_modules/lightningcss-linux-x64-gnu
447 silly reify mark deleted [
447 silly reify   '/Users/aditya_malur/Desktop/Gemini testing/Project Management GPT/ops-system/node_modules/lightningcss-linux-x64-gnu'
447 silly reify ]
448 verbose reify failed optional dependency /Users/aditya_malur/Desktop/Gemini testing/Project Management GPT/ops-system/node_modules/lightningcss-linux-arm64-musl
449 silly reify mark deleted [
449 silly reify   '/Users/aditya_malur/Desktop/Gemini testing/Project Management GPT/ops-system/node_modules/lightningcss-linux-arm64-musl'
449 silly reify ]
450 verbose reify failed optional dependency /Users/aditya_malur/Desktop/Gemini testing/Project Management GPT/ops-system/node_modules/lightningcss-linux-arm64-gnu
451 silly reify mark deleted [
451 silly reify   '/Users/aditya_malur/Desktop/Gemini testing/Project Management GPT/ops-system/node_modules/lightningcss-linux-arm64-gnu'
451 silly reify ]
452 verbose reify failed optional dependency /Users/aditya_malur/Desktop/Gemini testing/Project Management GPT/ops-system/node_modules/lightningcss-linux-arm-gnueabihf
453 silly reify mark deleted [
453 silly reify   '/Users/aditya_malur/Desktop/Gemini testing/Project Management GPT/ops-system/node_modules/lightningcss-linux-arm-gnueabihf'
453 silly reify ]
454 verbose reify failed optional dependency /Users/aditya_malur/Desktop/Gemini testing/Project Management GPT/ops-system/node_modules/lightningcss-freebsd-x64
455 silly reify mark deleted [
455 silly reify   '/Users/aditya_malur/Desktop/Gemini testing/Project Management GPT/ops-system/node_modules/lightningcss-freebsd-x64'
455 silly reify ]
456 verbose reify failed optional dependency /Users/aditya_malur/Desktop/Gemini testing/Project Management GPT/ops-system/node_modules/lightningcss-darwin-x64
457 silly reify mark deleted [
457 silly reify   '/Users/aditya_malur/Desktop/Gemini testing/Project Management GPT/ops-system/node_modules/lightningcss-darwin-x64'
457 silly reify ]
458 verbose reify failed optional dependency /Users/aditya_malur/Desktop/Gemini testing/Project Management GPT/ops-system/node_modules/lightningcss-android-arm64
459 silly reify mark deleted [
459 silly reify   '/Users/aditya_malur/Desktop/Gemini testing/Project Management GPT/ops-system/node_modules/lightningcss-android-arm64'
459 silly reify ]
460 verbose reify failed optional dependency /Users/aditya_malur/Desktop/Gemini testing/Project Management GPT/ops-system/node_modules/@unrs/resolver-binding-win32-x64-msvc
461 silly reify mark deleted [
461 silly reify   '/Users/aditya_malur/Desktop/Gemini testing/Project Management GPT/ops-system/node_modules/@unrs/resolver-binding-win32-x64-msvc'
461 silly reify ]
462 verbose reify failed optional dependency /Users/aditya_malur/Desktop/Gemini testing/Project Management GPT/ops-system/node_modules/@unrs/resolver-binding-win32-ia32-msvc
463 silly reify mark deleted [
463 silly reify   '/Users/aditya_malur/Desktop/Gemini testing/Project Management GPT/ops-system/node_modules/@unrs/resolver-binding-win32-ia32-msvc'
463 silly reify ]
464 verbose reify failed optional dependency /Users/aditya_malur/Desktop/Gemini testing/Project Management GPT/ops-system/node_modules/@unrs/resolver-binding-win32-arm64-msvc
465 silly reify mark deleted [
465 silly reify   '/Users/aditya_malur/Desktop/Gemini testing/Project Management GPT/ops-system/node_modules/@unrs/resolver-binding-win32-arm64-msvc'
465 silly reify ]
466 verbose reify failed optional dependency /Users/aditya_malur/Desktop/Gemini testing/Project Management GPT/ops-system/node_modules/@unrs/resolver-binding-wasm32-wasi
467 silly reify mark deleted [
467 silly reify   '/Users/aditya_malur/Desktop/Gemini testing/Project Management GPT/ops-system/node_modules/@unrs/resolver-binding-wasm32-wasi'
467 silly reify ]
468 verbose reify failed optional dependency /Users/aditya_malur/Desktop/Gemini testing/Project Management GPT/ops-system/node_modules/@unrs/resolver-binding-linux-x64-musl
469 silly reify mark deleted [
469 silly reify   '/Users/aditya_malur/Desktop/Gemini testing/Project Management GPT/ops-system/node_modules/@unrs/resolver-binding-linux-x64-musl'
469 silly reify ]
470 verbose reify failed optional dependency /Users/aditya_malur/Desktop/Gemini testing/Project Management GPT/ops-system/node_modules/@unrs/resolver-binding-linux-x64-gnu
471 silly reify mark deleted [
471 silly reify   '/Users/aditya_malur/Desktop/Gemini testing/Project Management GPT/ops-system/node_modules/@unrs/resolver-binding-linux-x64-gnu'
471 silly reify ]
472 verbose reify failed optional dependency /Users/aditya_malur/Desktop/Gemini testing/Project Management GPT/ops-system/node_modules/@unrs/resolver-binding-linux-s390x-gnu
473 silly reify mark deleted [
473 silly reify   '/Users/aditya_malur/Desktop/Gemini testing/Project Management GPT/ops-system/node_modules/@unrs/resolver-binding-linux-s390x-gnu'
473 silly reify ]
474 verbose reify failed optional dependency /Users/aditya_malur/Desktop/Gemini testing/Project Management GPT/ops-system/node_modules/@unrs/resolver-binding-linux-riscv64-musl
475 silly reify mark deleted [
475 silly reify   '/Users/aditya_malur/Desktop/Gemini testing/Project Management GPT/ops-system/node_modules/@unrs/resolver-binding-linux-riscv64-musl'
475 silly reify ]
476 verbose reify failed optional dependency /Users/aditya_malur/Desktop/Gemini testing/Project Management GPT/ops-system/node_modules/@unrs/resolver-binding-linux-riscv64-gnu
477 silly reify mark deleted [
477 silly reify   '/Users/aditya_malur/Desktop/Gemini testing/Project Management GPT/ops-system/node_modules/@unrs/resolver-binding-linux-riscv64-gnu'
477 silly reify ]
478 verbose reify failed optional dependency /Users/aditya_malur/Desktop/Gemini testing/Project Management GPT/ops-system/node_modules/@unrs/resolver-binding-linux-ppc64-gnu
479 silly reify mark deleted [
479 silly reify   '/Users/aditya_malur/Desktop/Gemini testing/Project Management GPT/ops-system/node_modules/@unrs/resolver-binding-linux-ppc64-gnu'
479 silly reify ]
480 verbose reify failed optional dependency /Users/aditya_malur/Desktop/Gemini testing/Project Management GPT/ops-system/node_modules/@unrs/resolver-binding-linux-arm64-musl
481 silly reify mark deleted [
481 silly reify   '/Users/aditya_malur/Desktop/Gemini testing/Project Management GPT/ops-system/node_modules/@unrs/resolver-binding-linux-arm64-musl'
481 silly reify ]
482 verbose reify failed optional dependency /Users/aditya_malur/Desktop/Gemini testing/Project Management GPT/ops-system/node_modules/@unrs/resolver-binding-linux-arm64-gnu
483 silly reify mark deleted [
483 silly reify   '/Users/aditya_malur/Desktop/Gemini testing/Project Management GPT/ops-system/node_modules/@unrs/resolver-binding-linux-arm64-gnu'
483 silly reify ]
484 verbose reify failed optional dependency /Users/aditya_malur/Desktop/Gemini testing/Project Management GPT/ops-system/node_modules/@unrs/resolver-binding-linux-arm-musleabihf
485 silly reify mark deleted [
485 silly reify   '/Users/aditya_malur/Desktop/Gemini testing/Project Management GPT/ops-system/node_modules/@unrs/resolver-binding-linux-arm-musleabihf'
485 silly reify ]
486 verbose reify failed optional dependency /Users/aditya_malur/Desktop/Gemini testing/Project Management GPT/ops-system/node_modules/@unrs/resolver-binding-linux-arm-gnueabihf
487 silly reify mark deleted [
487 silly reify   '/Users/aditya_malur/Desktop/Gemini testing/Project Management GPT/ops-system/node_modules/@unrs/resolver-binding-linux-arm-gnueabihf'
487 silly reify ]
488 verbose reify failed optional dependency /Users/aditya_malur/Desktop/Gemini testing/Project Management GPT/ops-system/node_modules/@unrs/resolver-binding-freebsd-x64
489 silly reify mark deleted [
489 silly reify   '/Users/aditya_malur/Desktop/Gemini testing/Project Management GPT/ops-system/node_modules/@unrs/resolver-binding-freebsd-x64'
489 silly reify ]
490 verbose reify failed optional dependency /Users/aditya_malur/Desktop/Gemini testing/Project Management GPT/ops-system/node_modules/@unrs/resolver-binding-darwin-x64
491 silly reify mark deleted [
491 silly reify   '/Users/aditya_malur/Desktop/Gemini testing/Project Management GPT/ops-system/node_modules/@unrs/resolver-binding-darwin-x64'
491 silly reify ]
492 verbose reify failed optional dependency /Users/aditya_malur/Desktop/Gemini testing/Project Management GPT/ops-system/node_modules/@unrs/resolver-binding-android-arm64
493 silly reify mark deleted [
493 silly reify   '/Users/aditya_malur/Desktop/Gemini testing/Project Management GPT/ops-system/node_modules/@unrs/resolver-binding-android-arm64'
493 silly reify ]
494 verbose reify failed optional dependency /Users/aditya_malur/Desktop/Gemini testing/Project Management GPT/ops-system/node_modules/@unrs/resolver-binding-android-arm-eabi
495 silly reify mark deleted [
495 silly reify   '/Users/aditya_malur/Desktop/Gemini testing/Project Management GPT/ops-system/node_modules/@unrs/resolver-binding-android-arm-eabi'
495 silly reify ]
496 verbose reify failed optional dependency /Users/aditya_malur/Desktop/Gemini testing/Project Management GPT/ops-system/node_modules/@tailwindcss/oxide-win32-x64-msvc
497 silly reify mark deleted [
497 silly reify   '/Users/aditya_malur/Desktop/Gemini testing/Project Management GPT/ops-system/node_modules/@tailwindcss/oxide-win32-x64-msvc'
497 silly reify ]
498 verbose reify failed optional dependency /Users/aditya_malur/Desktop/Gemini testing/Project Management GPT/ops-system/node_modules/@tailwindcss/oxide-win32-arm64-msvc
499 silly reify mark deleted [
499 silly reify   '/Users/aditya_malur/Desktop/Gemini testing/Project Management GPT/ops-system/node_modules/@tailwindcss/oxide-win32-arm64-msvc'
499 silly reify ]
500 verbose reify failed optional dependency /Users/aditya_malur/Desktop/Gemini testing/Project Management GPT/ops-system/node_modules/@tailwindcss/oxide-linux-x64-musl
501 silly reify mark deleted [
501 silly reify   '/Users/aditya_malur/Desktop/Gemini testing/Project Management GPT/ops-system/node_modules/@tailwindcss/oxide-linux-x64-musl'
501 silly reify ]
502 verbose reify failed optional dependency /Users/aditya_malur/Desktop/Gemini testing/Project Management GPT/ops-system/node_modules/@tailwindcss/oxide-linux-x64-gnu
503 silly reify mark deleted [
503 silly reify   '/Users/aditya_malur/Desktop/Gemini testing/Project Management GPT/ops-system/node_modules/@tailwindcss/oxide-linux-x64-gnu'
503 silly reify ]
504 verbose reify failed optional dependency /Users/aditya_malur/Desktop/Gemini testing/Project Management GPT/ops-system/node_modules/@tailwindcss/oxide-linux-arm64-musl
505 silly reify mark deleted [
505 silly reify   '/Users/aditya_malur/Desktop/Gemini testing/Project Management GPT/ops-system/node_modules/@tailwindcss/oxide-linux-arm64-musl'
505 silly reify ]
506 verbose reify failed optional dependency /Users/aditya_malur/Desktop/Gemini testing/Project Management GPT/ops-system/node_modules/@tailwindcss/oxide-linux-arm64-gnu
507 silly reify mark deleted [
507 silly reify   '/Users/aditya_malur/Desktop/Gemini testing/Project Management GPT/ops-system/node_modules/@tailwindcss/oxide-linux-arm64-gnu'
507 silly reify ]
508 verbose reify failed optional dependency /Users/aditya_malur/Desktop/Gemini testing/Project Management GPT/ops-system/node_modules/@tailwindcss/oxide-linux-arm-gnueabihf
509 silly reify mark deleted [
509 silly reify   '/Users/aditya_malur/Desktop/Gemini testing/Project Management GPT/ops-system/node_modules/@tailwindcss/oxide-linux-arm-gnueabihf'
509 silly reify ]
510 verbose reify failed optional dependency /Users/aditya_malur/Desktop/Gemini testing/Project Management GPT/ops-system/node_modules/@tailwindcss/oxide-freebsd-x64
511 silly reify mark deleted [
511 silly reify   '/Users/aditya_malur/Desktop/Gemini testing/Project Management GPT/ops-system/node_modules/@tailwindcss/oxide-freebsd-x64'
511 silly reify ]
512 verbose reify failed optional dependency /Users/aditya_malur/Desktop/Gemini testing/Project Management GPT/ops-system/node_modules/@tailwindcss/oxide-darwin-x64
513 silly reify mark deleted [
513 silly reify   '/Users/aditya_malur/Desktop/Gemini testing/Project Management GPT/ops-system/node_modules/@tailwindcss/oxide-darwin-x64'
513 silly reify ]
514 verbose reify failed optional dependency /Users/aditya_malur/Desktop/Gemini testing/Project Management GPT/ops-system/node_modules/@tailwindcss/oxide-android-arm64
515 silly reify mark deleted [
515 silly reify   '/Users/aditya_malur/Desktop/Gemini testing/Project Management GPT/ops-system/node_modules/@tailwindcss/oxide-android-arm64'
515 silly reify ]
516 verbose reify failed optional dependency /Users/aditya_malur/Desktop/Gemini testing/Project Management GPT/ops-system/node_modules/@next/swc-win32-x64-msvc
517 silly reify mark deleted [
517 silly reify   '/Users/aditya_malur/Desktop/Gemini testing/Project Management GPT/ops-system/node_modules/@next/swc-win32-x64-msvc'
517 silly reify ]
518 verbose reify failed optional dependency /Users/aditya_malur/Desktop/Gemini testing/Project Management GPT/ops-system/node_modules/@next/swc-win32-arm64-msvc
519 silly reify mark deleted [
519 silly reify   '/Users/aditya_malur/Desktop/Gemini testing/Project Management GPT/ops-system/node_modules/@next/swc-win32-arm64-msvc'
519 silly reify ]
520 verbose reify failed optional dependency /Users/aditya_malur/Desktop/Gemini testing/Project Management GPT/ops-system/node_modules/@next/swc-linux-x64-musl
521 silly reify mark deleted [
521 silly reify   '/Users/aditya_malur/Desktop/Gemini testing/Project Management GPT/ops-system/node_modules/@next/swc-linux-x64-musl'
521 silly reify ]
522 verbose reify failed optional dependency /Users/aditya_malur/Desktop/Gemini testing/Project Management GPT/ops-system/node_modules/@next/swc-linux-x64-gnu
523 silly reify mark deleted [
523 silly reify   '/Users/aditya_malur/Desktop/Gemini testing/Project Management GPT/ops-system/node_modules/@next/swc-linux-x64-gnu'
523 silly reify ]
524 verbose reify failed optional dependency /Users/aditya_malur/Desktop/Gemini testing/Project Management GPT/ops-system/node_modules/@next/swc-linux-arm64-musl
525 silly reify mark deleted [
525 silly reify   '/Users/aditya_malur/Desktop/Gemini testing/Project Management GPT/ops-system/node_modules/@next/swc-linux-arm64-musl'
525 silly reify ]
526 verbose reify failed optional dependency /Users/aditya_malur/Desktop/Gemini testing/Project Management GPT/ops-system/node_modules/@next/swc-linux-arm64-gnu
527 silly reify mark deleted [
527 silly reify   '/Users/aditya_malur/Desktop/Gemini testing/Project Management GPT/ops-system/node_modules/@next/swc-linux-arm64-gnu'
527 silly reify ]
528 verbose reify failed optional dependency /Users/aditya_malur/Desktop/Gemini testing/Project Management GPT/ops-system/node_modules/@next/swc-darwin-x64
529 silly reify mark deleted [
529 silly reify   '/Users/aditya_malur/Desktop/Gemini testing/Project Management GPT/ops-system/node_modules/@next/swc-darwin-x64'
529 silly reify ]
530 verbose reify failed optional dependency /Users/aditya_malur/Desktop/Gemini testing/Project Management GPT/ops-system/node_modules/@img/sharp-win32-x64
531 silly reify mark deleted [
531 silly reify   '/Users/aditya_malur/Desktop/Gemini testing/Project Management GPT/ops-system/node_modules/@img/sharp-win32-x64'
531 silly reify ]
532 verbose reify failed optional dependency /Users/aditya_malur/Desktop/Gemini testing/Project Management GPT/ops-system/node_modules/@img/sharp-win32-ia32
533 silly reify mark deleted [
533 silly reify   '/Users/aditya_malur/Desktop/Gemini testing/Project Management GPT/ops-system/node_modules/@img/sharp-win32-ia32'
533 silly reify ]
534 verbose reify failed optional dependency /Users/aditya_malur/Desktop/Gemini testing/Project Management GPT/ops-system/node_modules/@img/sharp-win32-arm64
535 silly reify mark deleted [
535 silly reify   '/Users/aditya_malur/Desktop/Gemini testing/Project Management GPT/ops-system/node_modules/@img/sharp-win32-arm64'
535 silly reify ]
536 verbose reify failed optional dependency /Users/aditya_malur/Desktop/Gemini testing/Project Management GPT/ops-system/node_modules/@img/sharp-wasm32
537 silly reify mark deleted [
537 silly reify   '/Users/aditya_malur/Desktop/Gemini testing/Project Management GPT/ops-system/node_modules/@img/sharp-wasm32'
537 silly reify ]
538 verbose reify failed optional dependency /Users/aditya_malur/Desktop/Gemini testing/Project Management GPT/ops-system/node_modules/@img/sharp-linuxmusl-x64
539 silly reify mark deleted [
539 silly reify   '/Users/aditya_malur/Desktop/Gemini testing/Project Management GPT/ops-system/node_modules/@img/sharp-linuxmusl-x64'
539 silly reify ]
540 verbose reify failed optional dependency /Users/aditya_malur/Desktop/Gemini testing/Project Management GPT/ops-system/node_modules/@img/sharp-linuxmusl-arm64
541 silly reify mark deleted [
541 silly reify   '/Users/aditya_malur/Desktop/Gemini testing/Project Management GPT/ops-system/node_modules/@img/sharp-linuxmusl-arm64'
541 silly reify ]
542 verbose reify failed optional dependency /Users/aditya_malur/Desktop/Gemini testing/Project Management GPT/ops-system/node_modules/@img/sharp-linux-x64
543 silly reify mark deleted [
543 silly reify   '/Users/aditya_malur/Desktop/Gemini testing/Project Management GPT/ops-system/node_modules/@img/sharp-linux-x64'
543 silly reify ]
544 verbose reify failed optional dependency /Users/aditya_malur/Desktop/Gemini testing/Project Management GPT/ops-system/node_modules/@img/sharp-linux-s390x
545 silly reify mark deleted [
545 silly reify   '/Users/aditya_malur/Desktop/Gemini testing/Project Management GPT/ops-system/node_modules/@img/sharp-linux-s390x'
545 silly reify ]
546 verbose reify failed optional dependency /Users/aditya_malur/Desktop/Gemini testing/Project Management GPT/ops-system/node_modules/@img/sharp-linux-riscv64
547 silly reify mark deleted [
547 silly reify   '/Users/aditya_malur/Desktop/Gemini testing/Project Management GPT/ops-system/node_modules/@img/sharp-linux-riscv64'
547 silly reify ]
548 verbose reify failed optional dependency /Users/aditya_malur/Desktop/Gemini testing/Project Management GPT/ops-system/node_modules/@img/sharp-linux-ppc64
549 silly reify mark deleted [
549 silly reify   '/Users/aditya_malur/Desktop/Gemini testing/Project Management GPT/ops-system/node_modules/@img/sharp-linux-ppc64'
549 silly reify ]
550 verbose reify failed optional dependency /Users/aditya_malur/Desktop/Gemini testing/Project Management GPT/ops-system/node_modules/@img/sharp-linux-arm64
551 silly reify mark deleted [
551 silly reify   '/Users/aditya_malur/Desktop/Gemini testing/Project Management GPT/ops-system/node_modules/@img/sharp-linux-arm64'
551 silly reify ]
552 verbose reify failed optional dependency /Users/aditya_malur/Desktop/Gemini testing/Project Management GPT/ops-system/node_modules/@img/sharp-linux-arm
553 silly reify mark deleted [
553 silly reify   '/Users/aditya_malur/Desktop/Gemini testing/Project Management GPT/ops-system/node_modules/@img/sharp-linux-arm'
553 silly reify ]
554 verbose reify failed optional dependency /Users/aditya_malur/Desktop/Gemini testing/Project Management GPT/ops-system/node_modules/@img/sharp-libvips-linuxmusl-x64
555 silly reify mark deleted [
555 silly reify   '/Users/aditya_malur/Desktop/Gemini testing/Project Management GPT/ops-system/node_modules/@img/sharp-libvips-linuxmusl-x64'
555 silly reify ]
556 verbose reify failed optional dependency /Users/aditya_malur/Desktop/Gemini testing/Project Management GPT/ops-system/node_modules/@img/sharp-libvips-linuxmusl-arm64
557 silly reify mark deleted [
557 silly reify   '/Users/aditya_malur/Desktop/Gemini testing/Project Management GPT/ops-system/node_modules/@img/sharp-libvips-linuxmusl-arm64'
557 silly reify ]
558 verbose reify failed optional dependency /Users/aditya_malur/Desktop/Gemini testing/Project Management GPT/ops-system/node_modules/@img/sharp-libvips-linux-x64
559 silly reify mark deleted [
559 silly reify   '/Users/aditya_malur/Desktop/Gemini testing/Project Management GPT/ops-system/node_modules/@img/sharp-libvips-linux-x64'
559 silly reify ]
560 verbose reify failed optional dependency /Users/aditya_malur/Desktop/Gemini testing/Project Management GPT/ops-system/node_modules/@img/sharp-libvips-linux-s390x
561 silly reify mark deleted [
561 silly reify   '/Users/aditya_malur/Desktop/Gemini testing/Project Management GPT/ops-system/node_modules/@img/sharp-libvips-linux-s390x'
561 silly reify ]
562 verbose reify failed optional dependency /Users/aditya_malur/Desktop/Gemini testing/Project Management GPT/ops-system/node_modules/@img/sharp-libvips-linux-riscv64
563 silly reify mark deleted [
563 silly reify   '/Users/aditya_malur/Desktop/Gemini testing/Project Management GPT/ops-system/node_modules/@img/sharp-libvips-linux-riscv64'
563 silly reify ]
564 verbose reify failed optional dependency /Users/aditya_malur/Desktop/Gemini testing/Project Management GPT/ops-system/node_modules/@img/sharp-libvips-linux-ppc64
565 silly reify mark deleted [
565 silly reify   '/Users/aditya_malur/Desktop/Gemini testing/Project Management GPT/ops-system/node_modules/@img/sharp-libvips-linux-ppc64'
565 silly reify ]
566 verbose reify failed optional dependency /Users/aditya_malur/Desktop/Gemini testing/Project Management GPT/ops-system/node_modules/@img/sharp-libvips-linux-arm64
567 silly reify mark deleted [
567 silly reify   '/Users/aditya_malur/Desktop/Gemini testing/Project Management GPT/ops-system/node_modules/@img/sharp-libvips-linux-arm64'
567 silly reify ]
568 verbose reify failed optional dependency /Users/aditya_malur/Desktop/Gemini testing/Project Management GPT/ops-system/node_modules/@img/sharp-libvips-linux-arm
569 silly reify mark deleted [
569 silly reify   '/Users/aditya_malur/Desktop/Gemini testing/Project Management GPT/ops-system/node_modules/@img/sharp-libvips-linux-arm'
569 silly reify ]
570 verbose reify failed optional dependency /Users/aditya_malur/Desktop/Gemini testing/Project Management GPT/ops-system/node_modules/@img/sharp-libvips-darwin-x64
571 silly reify mark deleted [
571 silly reify   '/Users/aditya_malur/Desktop/Gemini testing/Project Management GPT/ops-system/node_modules/@img/sharp-libvips-darwin-x64'
571 silly reify ]
572 verbose reify failed optional dependency /Users/aditya_malur/Desktop/Gemini testing/Project Management GPT/ops-system/node_modules/@img/sharp-darwin-x64
573 silly reify mark deleted [
573 silly reify   '/Users/aditya_malur/Desktop/Gemini testing/Project Management GPT/ops-system/node_modules/@img/sharp-darwin-x64'
573 silly reify ]
574 http cache grammex@https://registry.npmjs.org/grammex/-/grammex-3.1.12.tgz 0ms (cache hit)
575 http cache destr@https://registry.npmjs.org/destr/-/destr-2.0.5.tgz 0ms (cache hit)
576 http cache tinyexec@https://registry.npmjs.org/tinyexec/-/tinyexec-1.0.2.tgz 0ms (cache hit)
577 http cache type-fest@https://registry.npmjs.org/type-fest/-/type-fest-4.41.0.tgz 0ms (cache hit)
578 http cache safer-buffer@https://registry.npmjs.org/safer-buffer/-/safer-buffer-2.1.2.tgz 0ms (cache hit)
579 http cache sqlstring@https://registry.npmjs.org/sqlstring/-/sqlstring-2.3.3.tgz 1ms (cache hit)
580 http cache is-property@https://registry.npmjs.org/is-property/-/is-property-1.0.2.tgz 0ms (cache hit)
581 http cache seq-queue@https://registry.npmjs.org/seq-queue/-/seq-queue-0.0.5.tgz 0ms (cache hit)
582 http cache retry@https://registry.npmjs.org/retry/-/retry-0.12.0.tgz 0ms (cache hit)
583 http cache named-placeholders@https://registry.npmjs.org/named-placeholders/-/named-placeholders-1.1.6.tgz 0ms (cache hit)
584 http cache iconv-lite@https://registry.npmjs.org/iconv-lite/-/iconv-lite-0.7.1.tgz 0ms (cache hit)
585 http cache generate-function@https://registry.npmjs.org/generate-function/-/generate-function-2.3.1.tgz 0ms (cache hit)
586 http cache aws-ssl-profiles@https://registry.npmjs.org/aws-ssl-profiles/-/aws-ssl-profiles-1.1.2.tgz 0ms (cache hit)
587 http cache long@https://registry.npmjs.org/long/-/long-5.3.2.tgz 0ms (cache hit)
588 http cache lru.min@https://registry.npmjs.org/lru.min/-/lru.min-1.1.3.tgz 0ms (cache hit)
589 http cache nypm@https://registry.npmjs.org/nypm/-/nypm-0.6.2.tgz 0ms (cache hit)
590 http cache consola@https://registry.npmjs.org/consola/-/consola-3.4.2.tgz 0ms (cache hit)
591 http cache node-fetch-native@https://registry.npmjs.org/node-fetch-native/-/node-fetch-native-1.6.7.tgz 0ms (cache hit)
592 http cache denque@https://registry.npmjs.org/denque/-/denque-2.1.0.tgz 0ms (cache hit)
593 http cache fast-check@https://registry.npmjs.org/fast-check/-/fast-check-3.23.2.tgz 0ms (cache hit)
594 http cache regexp-to-ast@https://registry.npmjs.org/regexp-to-ast/-/regexp-to-ast-0.5.0.tgz 0ms (cache hit)
595 http cache readdirp@https://registry.npmjs.org/readdirp/-/readdirp-4.1.2.tgz 0ms (cache hit)
596 http cache @standard-schema/spec@https://registry.npmjs.org/@standard-schema/spec/-/spec-1.1.0.tgz 0ms (cache hit)
597 http cache @chevrotain/utils@https://registry.npmjs.org/@chevrotain/utils/-/utils-10.5.0.tgz 0ms (cache hit)
598 http cache citty@https://registry.npmjs.org/citty/-/citty-0.1.6.tgz 0ms (cache hit)
599 http cache @chevrotain/types@https://registry.npmjs.org/@chevrotain/types/-/types-10.5.0.tgz 0ms (cache hit)
600 http cache lodash@https://registry.npmjs.org/lodash/-/lodash-4.17.21.tgz 0ms (cache hit)
601 http cache @chevrotain/cst-dts-gen@https://registry.npmjs.org/@chevrotain/cst-dts-gen/-/cst-dts-gen-10.5.0.tgz 0ms (cache hit)
602 http cache pure-rand@https://registry.npmjs.org/pure-rand/-/pure-rand-6.1.0.tgz 0ms (cache hit)
603 http cache rc9@https://registry.npmjs.org/rc9/-/rc9-2.1.2.tgz 0ms (cache hit)
604 http cache giget@https://registry.npmjs.org/giget/-/giget-2.0.0.tgz 0ms (cache hit)
605 http cache @chevrotain/gast@https://registry.npmjs.org/@chevrotain/gast/-/gast-10.5.0.tgz 0ms (cache hit)
606 http cache ohash@https://registry.npmjs.org/ohash/-/ohash-2.0.11.tgz 0ms (cache hit)
607 http cache perfect-debounce@https://registry.npmjs.org/perfect-debounce/-/perfect-debounce-1.0.0.tgz 0ms (cache hit)
608 http cache exsolve@https://registry.npmjs.org/exsolve/-/exsolve-1.0.8.tgz 0ms (cache hit)
609 http cache pkg-types@https://registry.npmjs.org/pkg-types/-/pkg-types-2.3.0.tgz 0ms (cache hit)
610 http cache defu@https://registry.npmjs.org/defu/-/defu-6.1.4.tgz 0ms (cache hit)
611 http cache dotenv@https://registry.npmjs.org/dotenv/-/dotenv-16.6.1.tgz 0ms (cache hit)
612 http cache confbox@https://registry.npmjs.org/confbox/-/confbox-0.2.2.tgz 0ms (cache hit)
613 http cache chokidar@https://registry.npmjs.org/chokidar/-/chokidar-4.0.3.tgz 0ms (cache hit)
614 http cache @prisma/engines-version@https://registry.npmjs.org/@prisma/engines-version/-/engines-version-7.2.0-4.0c8ef2ce45c83248ab3df073180d5eda9e8be7a3.tgz 0ms (cache hit)
615 http cache @prisma/debug@https://registry.npmjs.org/@prisma/debug/-/debug-7.2.0.tgz 0ms (cache hit)
616 http cache lilconfig@https://registry.npmjs.org/lilconfig/-/lilconfig-2.1.0.tgz 0ms (cache hit)
617 http cache chevrotain@https://registry.npmjs.org/chevrotain/-/chevrotain-10.5.0.tgz 0ms (cache hit)
618 http cache zeptomatch@https://registry.npmjs.org/zeptomatch/-/zeptomatch-2.0.2.tgz 0ms (cache hit)
619 http cache remeda@https://registry.npmjs.org/remeda/-/remeda-2.21.3.tgz 0ms (cache hit)
620 http cache std-env@https://registry.npmjs.org/std-env/-/std-env-3.9.0.tgz 0ms (cache hit)
621 http cache proper-lockfile@https://registry.npmjs.org/proper-lockfile/-/proper-lockfile-4.1.2.tgz 0ms (cache hit)
622 http cache valibot@https://registry.npmjs.org/valibot/-/valibot-1.2.0.tgz 0ms (cache hit)
623 http cache http-status-codes@https://registry.npmjs.org/http-status-codes/-/http-status-codes-2.3.0.tgz 0ms (cache hit)
624 http cache pathe@https://registry.npmjs.org/pathe/-/pathe-2.0.3.tgz 0ms (cache hit)
625 http cache foreground-child@https://registry.npmjs.org/foreground-child/-/foreground-child-3.3.1.tgz 0ms (cache hit)
626 http cache @prisma/query-plan-executor@https://registry.npmjs.org/@prisma/query-plan-executor/-/query-plan-executor-6.18.0.tgz 0ms (cache hit)
627 http cache get-port-please@https://registry.npmjs.org/get-port-please/-/get-port-please-3.1.2.tgz 0ms (cache hit)
628 http cache @hono/node-server@https://registry.npmjs.org/@hono/node-server/-/node-server-1.19.6.tgz 0ms (cache hit)
629 http cache @prisma/get-platform@https://registry.npmjs.org/@prisma/get-platform/-/get-platform-6.8.2.tgz 0ms (cache hit)
630 http cache hono@https://registry.npmjs.org/hono/-/hono-4.10.6.tgz 0ms (cache hit)
631 http cache @electric-sql/pglite-tools@https://registry.npmjs.org/@electric-sql/pglite-tools/-/pglite-tools-0.2.7.tgz 0ms (cache hit)
632 http cache empathic@https://registry.npmjs.org/empathic/-/empathic-2.0.0.tgz 0ms (cache hit)
633 http cache @mrleebo/prisma-ast@https://registry.npmjs.org/@mrleebo/prisma-ast/-/prisma-ast-0.12.1.tgz 0ms (cache hit)
634 http cache deepmerge-ts@https://registry.npmjs.org/deepmerge-ts/-/deepmerge-ts-7.1.5.tgz 0ms (cache hit)
635 http cache @electric-sql/pglite-socket@https://registry.npmjs.org/@electric-sql/pglite-socket/-/pglite-socket-0.0.6.tgz 0ms (cache hit)
636 http cache signal-exit@https://registry.npmjs.org/signal-exit/-/signal-exit-4.1.0.tgz 0ms (cache hit)
637 http cache @electric-sql/pglite@https://registry.npmjs.org/@electric-sql/pglite/-/pglite-0.3.2.tgz 0ms (cache hit)
638 http cache mysql2@https://registry.npmjs.org/mysql2/-/mysql2-3.15.3.tgz 0ms (cache hit)
639 http cache @prisma/studio-core@https://registry.npmjs.org/@prisma/studio-core/-/studio-core-0.9.0.tgz 0ms (cache hit)
640 http cache postgres@https://registry.npmjs.org/postgres/-/postgres-3.4.7.tgz 0ms (cache hit)
641 http cache @prisma/engines@https://registry.npmjs.org/@prisma/engines/-/engines-7.2.0.tgz 0ms (cache hit)
642 http cache @prisma/fetch-engine@https://registry.npmjs.org/@prisma/fetch-engine/-/fetch-engine-7.2.0.tgz 0ms (cache hit)
643 http cache @prisma/dev@https://registry.npmjs.org/@prisma/dev/-/dev-0.17.0.tgz 0ms (cache hit)
644 http cache prisma@https://registry.npmjs.org/prisma/-/prisma-7.2.0.tgz 0ms (cache hit)
645 http cache @prisma/config@https://registry.npmjs.org/@prisma/config/-/config-7.2.0.tgz 0ms (cache hit)
646 http cache @prisma/get-platform@https://registry.npmjs.org/@prisma/get-platform/-/get-platform-7.2.0.tgz 0ms (cache hit)
647 silly tarball no local data for grammex@https://registry.npmjs.org/grammex/-/grammex-3.1.12.tgz. Extracting by manifest.
648 silly tarball no local data for destr@https://registry.npmjs.org/destr/-/destr-2.0.5.tgz. Extracting by manifest.
649 silly tarball no local data for tinyexec@https://registry.npmjs.org/tinyexec/-/tinyexec-1.0.2.tgz. Extracting by manifest.
650 silly tarball no local data for type-fest@https://registry.npmjs.org/type-fest/-/type-fest-4.41.0.tgz. Extracting by manifest.
651 silly tarball no local data for safer-buffer@https://registry.npmjs.org/safer-buffer/-/safer-buffer-2.1.2.tgz. Extracting by manifest.
652 silly tarball no local data for sqlstring@https://registry.npmjs.org/sqlstring/-/sqlstring-2.3.3.tgz. Extracting by manifest.
653 silly tarball no local data for is-property@https://registry.npmjs.org/is-property/-/is-property-1.0.2.tgz. Extracting by manifest.
654 silly tarball no local data for seq-queue@https://registry.npmjs.org/seq-queue/-/seq-queue-0.0.5.tgz. Extracting by manifest.
655 silly tarball no local data for retry@https://registry.npmjs.org/retry/-/retry-0.12.0.tgz. Extracting by manifest.
656 http cache signal-exit@https://registry.npmjs.org/signal-exit/-/signal-exit-3.0.7.tgz 0ms (cache hit)
657 silly tarball no local data for named-placeholders@https://registry.npmjs.org/named-placeholders/-/named-placeholders-1.1.6.tgz. Extracting by manifest.
658 silly tarball no local data for iconv-lite@https://registry.npmjs.org/iconv-lite/-/iconv-lite-0.7.1.tgz. Extracting by manifest.
659 http cache @prisma/get-platform@https://registry.npmjs.org/@prisma/get-platform/-/get-platform-7.2.0.tgz 0ms (cache hit)
660 http cache effect@https://registry.npmjs.org/effect/-/effect-3.18.4.tgz 0ms (cache hit)
661 silly tarball no local data for generate-function@https://registry.npmjs.org/generate-function/-/generate-function-2.3.1.tgz. Extracting by manifest.
662 silly tarball no local data for aws-ssl-profiles@https://registry.npmjs.org/aws-ssl-profiles/-/aws-ssl-profiles-1.1.2.tgz. Extracting by manifest.
663 silly tarball no local data for long@https://registry.npmjs.org/long/-/long-5.3.2.tgz. Extracting by manifest.
664 silly tarball no local data for lru.min@https://registry.npmjs.org/lru.min/-/lru.min-1.1.3.tgz. Extracting by manifest.
665 silly tarball no local data for nypm@https://registry.npmjs.org/nypm/-/nypm-0.6.2.tgz. Extracting by manifest.
666 silly tarball no local data for consola@https://registry.npmjs.org/consola/-/consola-3.4.2.tgz. Extracting by manifest.
667 http cache c12@https://registry.npmjs.org/c12/-/c12-3.1.0.tgz 0ms (cache hit)
668 silly tarball no local data for node-fetch-native@https://registry.npmjs.org/node-fetch-native/-/node-fetch-native-1.6.7.tgz. Extracting by manifest.
669 silly tarball no local data for denque@https://registry.npmjs.org/denque/-/denque-2.1.0.tgz. Extracting by manifest.
670 silly tarball no local data for fast-check@https://registry.npmjs.org/fast-check/-/fast-check-3.23.2.tgz. Extracting by manifest.
671 silly tarball no local data for regexp-to-ast@https://registry.npmjs.org/regexp-to-ast/-/regexp-to-ast-0.5.0.tgz. Extracting by manifest.
672 http cache @prisma/debug@https://registry.npmjs.org/@prisma/debug/-/debug-6.8.2.tgz 0ms (cache hit)
673 silly tarball no local data for readdirp@https://registry.npmjs.org/readdirp/-/readdirp-4.1.2.tgz. Extracting by manifest.
674 silly tarball no local data for @standard-schema/spec@https://registry.npmjs.org/@standard-schema/spec/-/spec-1.1.0.tgz. Extracting by manifest.
675 silly tarball no local data for @chevrotain/utils@https://registry.npmjs.org/@chevrotain/utils/-/utils-10.5.0.tgz. Extracting by manifest.
676 silly tarball no local data for citty@https://registry.npmjs.org/citty/-/citty-0.1.6.tgz. Extracting by manifest.
677 silly tarball no local data for @chevrotain/types@https://registry.npmjs.org/@chevrotain/types/-/types-10.5.0.tgz. Extracting by manifest.
678 silly tarball no local data for lodash@https://registry.npmjs.org/lodash/-/lodash-4.17.21.tgz. Extracting by manifest.
679 silly tarball no local data for @chevrotain/cst-dts-gen@https://registry.npmjs.org/@chevrotain/cst-dts-gen/-/cst-dts-gen-10.5.0.tgz. Extracting by manifest.
680 silly tarball no local data for pure-rand@https://registry.npmjs.org/pure-rand/-/pure-rand-6.1.0.tgz. Extracting by manifest.
681 silly tarball no local data for rc9@https://registry.npmjs.org/rc9/-/rc9-2.1.2.tgz. Extracting by manifest.
682 silly tarball no local data for giget@https://registry.npmjs.org/giget/-/giget-2.0.0.tgz. Extracting by manifest.
683 silly tarball no local data for @chevrotain/gast@https://registry.npmjs.org/@chevrotain/gast/-/gast-10.5.0.tgz. Extracting by manifest.
684 silly tarball no local data for ohash@https://registry.npmjs.org/ohash/-/ohash-2.0.11.tgz. Extracting by manifest.
685 silly tarball no local data for perfect-debounce@https://registry.npmjs.org/perfect-debounce/-/perfect-debounce-1.0.0.tgz. Extracting by manifest.
686 silly tarball no local data for exsolve@https://registry.npmjs.org/exsolve/-/exsolve-1.0.8.tgz. Extracting by manifest.
687 silly tarball no local data for pkg-types@https://registry.npmjs.org/pkg-types/-/pkg-types-2.3.0.tgz. Extracting by manifest.
688 silly tarball no local data for defu@https://registry.npmjs.org/defu/-/defu-6.1.4.tgz. Extracting by manifest.
689 silly tarball no local data for confbox@https://registry.npmjs.org/confbox/-/confbox-0.2.2.tgz. Extracting by manifest.
690 silly tarball no local data for chokidar@https://registry.npmjs.org/chokidar/-/chokidar-4.0.3.tgz. Extracting by manifest.
691 silly tarball no local data for @prisma/engines-version@https://registry.npmjs.org/@prisma/engines-version/-/engines-version-7.2.0-4.0c8ef2ce45c83248ab3df073180d5eda9e8be7a3.tgz. Extracting by manifest.
692 silly tarball no local data for @prisma/debug@https://registry.npmjs.org/@prisma/debug/-/debug-7.2.0.tgz. Extracting by manifest.
693 silly tarball no local data for lilconfig@https://registry.npmjs.org/lilconfig/-/lilconfig-2.1.0.tgz. Extracting by manifest.
694 silly tarball no local data for chevrotain@https://registry.npmjs.org/chevrotain/-/chevrotain-10.5.0.tgz. Extracting by manifest.
695 silly tarball no local data for zeptomatch@https://registry.npmjs.org/zeptomatch/-/zeptomatch-2.0.2.tgz. Extracting by manifest.
696 silly tarball no local data for std-env@https://registry.npmjs.org/std-env/-/std-env-3.9.0.tgz. Extracting by manifest.
697 silly tarball no local data for dotenv@https://registry.npmjs.org/dotenv/-/dotenv-16.6.1.tgz. Extracting by manifest.
698 silly tarball no local data for proper-lockfile@https://registry.npmjs.org/proper-lockfile/-/proper-lockfile-4.1.2.tgz. Extracting by manifest.
699 silly tarball no local data for valibot@https://registry.npmjs.org/valibot/-/valibot-1.2.0.tgz. Extracting by manifest.
700 silly tarball no local data for http-status-codes@https://registry.npmjs.org/http-status-codes/-/http-status-codes-2.3.0.tgz. Extracting by manifest.
701 silly tarball no local data for pathe@https://registry.npmjs.org/pathe/-/pathe-2.0.3.tgz. Extracting by manifest.
702 silly tarball no local data for remeda@https://registry.npmjs.org/remeda/-/remeda-2.21.3.tgz. Extracting by manifest.
703 silly tarball no local data for foreground-child@https://registry.npmjs.org/foreground-child/-/foreground-child-3.3.1.tgz. Extracting by manifest.
704 silly tarball no local data for @prisma/query-plan-executor@https://registry.npmjs.org/@prisma/query-plan-executor/-/query-plan-executor-6.18.0.tgz. Extracting by manifest.
705 silly tarball no local data for get-port-please@https://registry.npmjs.org/get-port-please/-/get-port-please-3.1.2.tgz. Extracting by manifest.
706 silly tarball no local data for @hono/node-server@https://registry.npmjs.org/@hono/node-server/-/node-server-1.19.6.tgz. Extracting by manifest.
707 silly tarball no local data for @prisma/get-platform@https://registry.npmjs.org/@prisma/get-platform/-/get-platform-6.8.2.tgz. Extracting by manifest.
708 silly tarball no local data for hono@https://registry.npmjs.org/hono/-/hono-4.10.6.tgz. Extracting by manifest.
709 silly tarball no local data for @electric-sql/pglite-tools@https://registry.npmjs.org/@electric-sql/pglite-tools/-/pglite-tools-0.2.7.tgz. Extracting by manifest.
710 silly tarball no local data for empathic@https://registry.npmjs.org/empathic/-/empathic-2.0.0.tgz. Extracting by manifest.
711 silly tarball no local data for @mrleebo/prisma-ast@https://registry.npmjs.org/@mrleebo/prisma-ast/-/prisma-ast-0.12.1.tgz. Extracting by manifest.
712 silly tarball no local data for deepmerge-ts@https://registry.npmjs.org/deepmerge-ts/-/deepmerge-ts-7.1.5.tgz. Extracting by manifest.
713 silly tarball no local data for @electric-sql/pglite-socket@https://registry.npmjs.org/@electric-sql/pglite-socket/-/pglite-socket-0.0.6.tgz. Extracting by manifest.
714 silly tarball no local data for signal-exit@https://registry.npmjs.org/signal-exit/-/signal-exit-4.1.0.tgz. Extracting by manifest.
715 silly tarball no local data for @electric-sql/pglite@https://registry.npmjs.org/@electric-sql/pglite/-/pglite-0.3.2.tgz. Extracting by manifest.
716 silly tarball no local data for mysql2@https://registry.npmjs.org/mysql2/-/mysql2-3.15.3.tgz. Extracting by manifest.
717 silly tarball no local data for @prisma/studio-core@https://registry.npmjs.org/@prisma/studio-core/-/studio-core-0.9.0.tgz. Extracting by manifest.
718 silly tarball no local data for postgres@https://registry.npmjs.org/postgres/-/postgres-3.4.7.tgz. Extracting by manifest.
719 silly tarball no local data for @prisma/engines@https://registry.npmjs.org/@prisma/engines/-/engines-7.2.0.tgz. Extracting by manifest.
720 silly tarball no local data for @prisma/fetch-engine@https://registry.npmjs.org/@prisma/fetch-engine/-/fetch-engine-7.2.0.tgz. Extracting by manifest.
721 silly tarball no local data for @prisma/dev@https://registry.npmjs.org/@prisma/dev/-/dev-0.17.0.tgz. Extracting by manifest.
722 silly tarball no local data for prisma@https://registry.npmjs.org/prisma/-/prisma-7.2.0.tgz. Extracting by manifest.
723 silly tarball no local data for @prisma/config@https://registry.npmjs.org/@prisma/config/-/config-7.2.0.tgz. Extracting by manifest.
724 silly tarball no local data for @prisma/get-platform@https://registry.npmjs.org/@prisma/get-platform/-/get-platform-7.2.0.tgz. Extracting by manifest.
725 silly tarball no local data for signal-exit@https://registry.npmjs.org/signal-exit/-/signal-exit-3.0.7.tgz. Extracting by manifest.
726 silly tarball no local data for effect@https://registry.npmjs.org/effect/-/effect-3.18.4.tgz. Extracting by manifest.
727 silly tarball no local data for @prisma/get-platform@https://registry.npmjs.org/@prisma/get-platform/-/get-platform-7.2.0.tgz. Extracting by manifest.
728 silly tarball no local data for c12@https://registry.npmjs.org/c12/-/c12-3.1.0.tgz. Extracting by manifest.
729 silly tarball no local data for @prisma/debug@https://registry.npmjs.org/@prisma/debug/-/debug-6.8.2.tgz. Extracting by manifest.
730 http fetch GET 200 https://registry.npmjs.org/grammex/-/grammex-3.1.12.tgz 62ms (cache miss)
731 http fetch GET 200 https://registry.npmjs.org/tinyexec/-/tinyexec-1.0.2.tgz 61ms (cache miss)
732 http fetch GET 200 https://registry.npmjs.org/seq-queue/-/seq-queue-0.0.5.tgz 61ms (cache miss)
733 http fetch GET 200 https://registry.npmjs.org/destr/-/destr-2.0.5.tgz 62ms (cache miss)
734 http fetch GET 200 https://registry.npmjs.org/sqlstring/-/sqlstring-2.3.3.tgz 61ms (cache miss)
735 http fetch GET 200 https://registry.npmjs.org/safer-buffer/-/safer-buffer-2.1.2.tgz 62ms (cache miss)
736 http fetch GET 200 https://registry.npmjs.org/is-property/-/is-property-1.0.2.tgz 62ms (cache miss)
737 http fetch GET 200 https://registry.npmjs.org/denque/-/denque-2.1.0.tgz 99ms (cache miss)
738 http fetch GET 200 https://registry.npmjs.org/type-fest/-/type-fest-4.41.0.tgz 109ms (cache miss)
739 http fetch GET 200 https://registry.npmjs.org/lru.min/-/lru.min-1.1.3.tgz 115ms (cache miss)
740 http fetch GET 200 https://registry.npmjs.org/consola/-/consola-3.4.2.tgz 115ms (cache miss)
741 http fetch GET 200 https://registry.npmjs.org/regexp-to-ast/-/regexp-to-ast-0.5.0.tgz 120ms (cache miss)
742 http fetch GET 200 https://registry.npmjs.org/nypm/-/nypm-0.6.2.tgz 123ms (cache miss)
743 http fetch GET 200 https://registry.npmjs.org/retry/-/retry-0.12.0.tgz 137ms (cache miss)
744 http fetch GET 200 https://registry.npmjs.org/readdirp/-/readdirp-4.1.2.tgz 137ms (cache miss)
745 http fetch GET 200 https://registry.npmjs.org/named-placeholders/-/named-placeholders-1.1.6.tgz 138ms (cache miss)
746 http fetch GET 200 https://registry.npmjs.org/generate-function/-/generate-function-2.3.1.tgz 170ms (cache miss)
747 http fetch GET 200 https://registry.npmjs.org/@standard-schema/spec/-/spec-1.1.0.tgz 175ms (cache miss)
748 http fetch GET 200 https://registry.npmjs.org/long/-/long-5.3.2.tgz 178ms (cache miss)
749 http fetch GET 200 https://registry.npmjs.org/citty/-/citty-0.1.6.tgz 180ms (cache miss)
750 http fetch GET 200 https://registry.npmjs.org/@chevrotain/utils/-/utils-10.5.0.tgz 188ms (cache miss)
751 http fetch GET 200 https://registry.npmjs.org/fast-check/-/fast-check-3.23.2.tgz 206ms (cache miss)
752 http fetch GET 200 https://registry.npmjs.org/iconv-lite/-/iconv-lite-0.7.1.tgz 212ms (cache miss)
753 http fetch GET 200 https://registry.npmjs.org/aws-ssl-profiles/-/aws-ssl-profiles-1.1.2.tgz 236ms (cache miss)
754 http fetch GET 200 https://registry.npmjs.org/rc9/-/rc9-2.1.2.tgz 240ms (cache miss)
755 http fetch GET 200 https://registry.npmjs.org/pure-rand/-/pure-rand-6.1.0.tgz 247ms (cache miss)
756 http fetch GET 200 https://registry.npmjs.org/giget/-/giget-2.0.0.tgz 259ms (cache miss)
757 http fetch GET 200 https://registry.npmjs.org/@chevrotain/cst-dts-gen/-/cst-dts-gen-10.5.0.tgz 266ms (cache miss)
758 http fetch GET 200 https://registry.npmjs.org/ohash/-/ohash-2.0.11.tgz 285ms (cache miss)
759 http fetch GET 200 https://registry.npmjs.org/perfect-debounce/-/perfect-debounce-1.0.0.tgz 296ms (cache miss)
760 http fetch GET 200 https://registry.npmjs.org/pkg-types/-/pkg-types-2.3.0.tgz 307ms (cache miss)
761 http fetch GET 200 https://registry.npmjs.org/defu/-/defu-6.1.4.tgz 324ms (cache miss)
762 http fetch POST 200 https://registry.npmjs.org/-/npm/v1/security/advisories/bulk 348ms
763 silly audit report {}
764 http fetch GET 200 https://registry.npmjs.org/chokidar/-/chokidar-4.0.3.tgz 345ms (cache miss)
765 http fetch GET 200 https://registry.npmjs.org/confbox/-/confbox-0.2.2.tgz 353ms (cache miss)
766 http fetch GET 200 https://registry.npmjs.org/@prisma/engines-version/-/engines-version-7.2.0-4.0c8ef2ce45c83248ab3df073180d5eda9e8be7a3.tgz 365ms (cache miss)
767 http fetch GET 200 https://registry.npmjs.org/lilconfig/-/lilconfig-2.1.0.tgz 383ms (cache miss)
768 http fetch GET 200 https://registry.npmjs.org/@prisma/debug/-/debug-7.2.0.tgz 398ms (cache miss)
769 http fetch GET 200 https://registry.npmjs.org/zeptomatch/-/zeptomatch-2.0.2.tgz 411ms (cache miss)
770 http fetch GET 200 https://registry.npmjs.org/lodash/-/lodash-4.17.21.tgz 414ms (cache miss)
771 http fetch GET 200 https://registry.npmjs.org/exsolve/-/exsolve-1.0.8.tgz 417ms (cache miss)
772 http fetch GET 200 https://registry.npmjs.org/std-env/-/std-env-3.9.0.tgz 435ms (cache miss)
773 http fetch GET 200 https://registry.npmjs.org/proper-lockfile/-/proper-lockfile-4.1.2.tgz 462ms (cache miss)
774 http fetch GET 200 https://registry.npmjs.org/get-port-please/-/get-port-please-3.1.2.tgz 544ms (cache miss)
775 http fetch GET 200 https://registry.npmjs.org/dotenv/-/dotenv-16.6.1.tgz 653ms (cache miss)
776 http fetch GET 200 https://registry.npmjs.org/http-status-codes/-/http-status-codes-2.3.0.tgz 686ms (cache miss)
777 http fetch GET 200 https://registry.npmjs.org/valibot/-/valibot-1.2.0.tgz 686ms (cache miss)
778 http fetch GET 200 https://registry.npmjs.org/pathe/-/pathe-2.0.3.tgz 704ms (cache miss)
779 http fetch GET 200 https://registry.npmjs.org/foreground-child/-/foreground-child-3.3.1.tgz 736ms (cache miss)
780 http fetch GET 200 https://registry.npmjs.org/empathic/-/empathic-2.0.0.tgz 761ms (cache miss)
781 http fetch GET 200 https://registry.npmjs.org/@prisma/get-platform/-/get-platform-6.8.2.tgz 770ms (cache miss)
782 http fetch GET 200 https://registry.npmjs.org/signal-exit/-/signal-exit-4.1.0.tgz 788ms (cache miss)
783 http fetch GET 200 https://registry.npmjs.org/hono/-/hono-4.10.6.tgz 801ms (cache miss)
784 http fetch GET 200 https://registry.npmjs.org/remeda/-/remeda-2.21.3.tgz 810ms (cache miss)
785 http fetch GET 200 https://registry.npmjs.org/@mrleebo/prisma-ast/-/prisma-ast-0.12.1.tgz 818ms (cache miss)
786 http fetch GET 200 https://registry.npmjs.org/@chevrotain/gast/-/gast-10.5.0.tgz 827ms (cache miss)
787 http fetch GET 200 https://registry.npmjs.org/@prisma/engines/-/engines-7.2.0.tgz 1033ms (cache miss)
788 http fetch GET 200 https://registry.npmjs.org/@prisma/dev/-/dev-0.17.0.tgz 1454ms (cache miss)
789 http fetch GET 200 https://registry.npmjs.org/mysql2/-/mysql2-3.15.3.tgz 1482ms (cache miss)
790 http fetch GET 200 https://registry.npmjs.org/@chevrotain/types/-/types-10.5.0.tgz 1529ms (cache miss)
791 http fetch GET 200 https://registry.npmjs.org/chevrotain/-/chevrotain-10.5.0.tgz 1565ms (cache miss)
792 http fetch GET 200 https://registry.npmjs.org/@prisma/config/-/config-7.2.0.tgz 1621ms (cache miss)
793 http fetch GET 200 https://registry.npmjs.org/postgres/-/postgres-3.4.7.tgz 1794ms (cache miss)
794 http fetch GET 200 https://registry.npmjs.org/@prisma/fetch-engine/-/fetch-engine-7.2.0.tgz 1875ms (cache miss)
795 http fetch GET 200 https://registry.npmjs.org/signal-exit/-/signal-exit-3.0.7.tgz 1876ms (cache miss)
796 http fetch GET 200 https://registry.npmjs.org/@electric-sql/pglite-tools/-/pglite-tools-0.2.7.tgz 1961ms (cache miss)
797 http fetch GET 200 https://registry.npmjs.org/c12/-/c12-3.1.0.tgz 2025ms (cache miss)
798 http fetch GET 200 https://registry.npmjs.org/@prisma/get-platform/-/get-platform-7.2.0.tgz 2075ms (cache miss)
799 http fetch GET 200 https://registry.npmjs.org/@prisma/get-platform/-/get-platform-7.2.0.tgz 2140ms (cache miss)
800 http fetch GET 200 https://registry.npmjs.org/@prisma/query-plan-executor/-/query-plan-executor-6.18.0.tgz 2198ms (cache miss)
801 http fetch GET 200 https://registry.npmjs.org/deepmerge-ts/-/deepmerge-ts-7.1.5.tgz 2211ms (cache miss)
802 http fetch GET 200 https://registry.npmjs.org/@electric-sql/pglite-socket/-/pglite-socket-0.0.6.tgz 2212ms (cache miss)
803 http fetch GET 200 https://registry.npmjs.org/@prisma/debug/-/debug-6.8.2.tgz 2236ms (cache miss)
804 http fetch GET 200 https://registry.npmjs.org/@hono/node-server/-/node-server-1.19.6.tgz 2507ms (cache miss)
805 http fetch GET 200 https://registry.npmjs.org/node-fetch-native/-/node-fetch-native-1.6.7.tgz 2550ms (cache miss)
806 http fetch GET 200 https://registry.npmjs.org/effect/-/effect-3.18.4.tgz 5730ms (cache miss)
807 http fetch GET 200 https://registry.npmjs.org/@prisma/studio-core/-/studio-core-0.9.0.tgz 5966ms (cache miss)
808 http fetch GET 200 https://registry.npmjs.org/@electric-sql/pglite/-/pglite-0.3.2.tgz 6934ms (cache miss)
809 http fetch GET 200 https://registry.npmjs.org/prisma/-/prisma-7.2.0.tgz 8426ms (cache miss)
810 info run prisma@7.2.0 preinstall node_modules/prisma node scripts/preinstall-entry.js
811 info run prisma@7.2.0 preinstall { code: 0, signal: null }
812 info run @prisma/engines@7.2.0 postinstall node_modules/@prisma/engines node scripts/postinstall.js
813 info run @prisma/engines@7.2.0 postinstall { code: 0, signal: null }
814 silly ADD node_modules/grammex
815 silly ADD node_modules/type-fest
816 silly ADD node_modules/destr
817 silly ADD node_modules/retry
818 silly ADD node_modules/tinyexec
819 silly ADD node_modules/safer-buffer
820 silly ADD node_modules/is-property
821 silly ADD node_modules/sqlstring
822 silly ADD node_modules/seq-queue
823 silly ADD node_modules/named-placeholders
824 silly ADD node_modules/lru.min
825 silly ADD node_modules/long
826 silly ADD node_modules/iconv-lite
827 silly ADD node_modules/generate-function
828 silly ADD node_modules/denque
829 silly ADD node_modules/aws-ssl-profiles
830 silly ADD node_modules/nypm
831 silly ADD node_modules/node-fetch-native
832 silly ADD node_modules/consola
833 silly ADD node_modules/citty
834 silly ADD node_modules/signal-exit
835 silly ADD node_modules/pure-rand
836 silly ADD node_modules/fast-check
837 silly ADD node_modules/@standard-schema/spec
838 silly ADD node_modules/readdirp
839 silly ADD node_modules/regexp-to-ast
840 silly ADD node_modules/lodash
841 silly ADD node_modules/@chevrotain/utils
842 silly ADD node_modules/@chevrotain/types
843 silly ADD node_modules/@chevrotain/gast
844 silly ADD node_modules/@chevrotain/cst-dts-gen
845 silly ADD node_modules/rc9
846 silly ADD node_modules/pkg-types
847 silly ADD node_modules/perfect-debounce
848 silly ADD node_modules/ohash
849 silly ADD node_modules/giget
850 silly ADD node_modules/exsolve
851 silly ADD node_modules/dotenv
852 silly ADD node_modules/defu
853 silly ADD node_modules/confbox
854 silly ADD node_modules/chokidar
855 silly ADD node_modules/@prisma/fetch-engine
856 silly ADD node_modules/@prisma/fetch-engine/node_modules/@prisma/get-platform
857 silly ADD node_modules/@prisma/engines-version
858 silly ADD node_modules/@prisma/debug
859 silly ADD node_modules/lilconfig
860 silly ADD node_modules/chevrotain
861 silly ADD node_modules/zeptomatch
862 silly ADD node_modules/valibot
863 silly ADD node_modules/std-env
864 silly ADD node_modules/remeda
865 silly ADD node_modules/proper-lockfile
866 silly ADD node_modules/proper-lockfile/node_modules/signal-exit
867 silly ADD node_modules/pathe
868 silly ADD node_modules/http-status-codes
869 silly ADD node_modules/get-port-please
870 silly ADD node_modules/foreground-child
871 silly ADD node_modules/@prisma/query-plan-executor
872 silly ADD node_modules/@prisma/get-platform
873 silly ADD node_modules/@prisma/get-platform/node_modules/@prisma/debug
874 silly ADD node_modules/@mrleebo/prisma-ast
875 silly ADD node_modules/hono
876 silly ADD node_modules/@hono/node-server
877 silly ADD node_modules/@electric-sql/pglite-tools
878 silly ADD node_modules/@electric-sql/pglite-socket
879 silly ADD node_modules/@electric-sql/pglite
880 silly ADD node_modules/empathic
881 silly ADD node_modules/effect
882 silly ADD node_modules/deepmerge-ts
883 silly ADD node_modules/c12
884 silly ADD node_modules/postgres
885 silly ADD node_modules/mysql2
886 silly ADD node_modules/@prisma/studio-core
887 silly ADD node_modules/@prisma/engines
888 silly ADD node_modules/@prisma/engines/node_modules/@prisma/get-platform
889 silly ADD node_modules/@prisma/dev
890 silly ADD node_modules/@prisma/config
891 silly ADD node_modules/prisma
892 silly ADD
893 silly ADD
894 silly ADD
895 silly ADD
896 silly ADD
897 silly ADD
898 silly ADD
899 silly ADD
900 silly ADD
901 silly ADD
902 silly ADD
903 silly ADD
904 silly ADD
905 silly ADD
906 silly ADD
907 silly ADD
908 silly ADD
909 silly ADD
910 silly ADD
911 silly ADD
912 silly ADD
913 silly ADD
914 silly ADD
915 silly ADD
916 silly ADD
917 silly ADD
918 silly ADD
919 silly ADD
920 silly ADD
921 silly ADD
922 silly ADD
923 silly ADD
924 silly ADD
925 silly ADD
926 silly ADD
927 silly ADD
928 silly ADD
929 silly ADD
930 silly ADD
931 silly ADD
932 silly ADD
933 silly ADD
934 silly ADD
935 silly ADD
936 silly ADD
937 silly ADD
938 silly ADD
939 silly ADD
940 silly ADD
941 silly ADD
942 silly ADD
943 silly ADD
944 silly ADD
945 silly ADD
946 silly ADD
947 silly ADD
948 silly ADD
949 silly ADD
950 silly ADD
951 silly ADD
952 silly ADD
953 silly ADD
954 silly ADD
955 silly ADD
956 silly ADD
957 silly ADD
958 silly ADD
959 silly ADD
960 verbose cwd /Users/aditya_malur/Desktop/Gemini testing/Project Management GPT/ops-system
961 verbose os Darwin 25.1.0
962 verbose node v22.17.0
963 verbose npm  v10.9.2
964 verbose exit 0
965 info ok
