0 verbose cli /usr/local/bin/node /usr/local/bin/npm
1 info using npm@10.9.2
2 info using node@v22.17.0
3 silly config load:file:/usr/local/lib/node_modules/npm/npmrc
4 silly config load:file:/Users/aditya_malur/Desktop/Gemini testing/Project Management GPT/ops-system/.npmrc
5 silly config load:file:/Users/aditya_malur/.npmrc
6 silly config load:file:/Users/aditya_malur/.npm-global/etc/npmrc
7 verbose title npm install shadcn
8 verbose argv "install" "--cache" ".npm-cache" "--save-dev" "shadcn"
9 verbose logfile logs-max:10 dir:/Users/aditya_malur/Desktop/Gemini testing/Project Management GPT/ops-system/.npm-cache/_logs/2026-01-08T11_22_24_844Z-
10 verbose logfile /Users/aditya_malur/Desktop/Gemini testing/Project Management GPT/ops-system/.npm-cache/_logs/2026-01-08T11_22_24_844Z-debug-0.log
11 silly logfile done cleaning log files
12 silly packumentCache heap:4345298944 maxSize:1086324736 maxEntrySize:543162368
13 silly idealTree buildDeps
14 silly fetch manifest shadcn@*
15 silly packumentCache full:https://registry.npmjs.org/shadcn cache-miss
16 http fetch GET 200 https://registry.npmjs.org/shadcn 176ms (cache miss)
17 silly packumentCache full:https://registry.npmjs.org/shadcn set size:undefined disposed:false
18 silly placeDep ROOT shadcn@3.6.3 OK for: ops-system@0.1.0 want: *
19 silly fetch manifest @antfu/ni@^25.0.0
20 silly packumentCache full:https://registry.npmjs.org/@antfu%2fni cache-miss
21 silly fetch manifest @babel/plugin-transform-typescript@^7.28.0
22 silly packumentCache full:https://registry.npmjs.org/@babel%2fplugin-transform-typescript cache-miss
23 silly fetch manifest @babel/preset-typescript@^7.27.1
24 silly packumentCache full:https://registry.npmjs.org/@babel%2fpreset-typescript cache-miss
25 silly fetch manifest @dotenvx/dotenvx@^1.48.4
26 silly packumentCache full:https://registry.npmjs.org/@dotenvx%2fdotenvx cache-miss
27 silly fetch manifest @modelcontextprotocol/sdk@^1.17.2
28 silly packumentCache full:https://registry.npmjs.org/@modelcontextprotocol%2fsdk cache-miss
29 silly fetch manifest @types/validate-npm-package-name@^4.0.2
30 silly packumentCache full:https://registry.npmjs.org/@types%2fvalidate-npm-package-name cache-miss
31 silly fetch manifest commander@^14.0.0
32 silly packumentCache full:https://registry.npmjs.org/commander cache-miss
33 silly fetch manifest cosmiconfig@^9.0.0
34 silly packumentCache full:https://registry.npmjs.org/cosmiconfig cache-miss
35 silly fetch manifest dedent@^1.6.0
36 silly packumentCache full:https://registry.npmjs.org/dedent cache-miss
37 http fetch GET 200 https://registry.npmjs.org/@babel%2fplugin-transform-typescript 146ms (cache miss)
38 silly packumentCache full:https://registry.npmjs.org/@babel%2fplugin-transform-typescript set size:undefined disposed:false
39 silly fetch manifest deepmerge@^4.3.1
40 silly packumentCache full:https://registry.npmjs.org/deepmerge cache-miss
41 http fetch GET 200 https://registry.npmjs.org/commander 175ms (cache miss)
42 silly packumentCache full:https://registry.npmjs.org/commander set size:undefined disposed:false
43 silly fetch manifest diff@^8.0.2
44 silly packumentCache full:https://registry.npmjs.org/diff cache-miss
45 http fetch GET 200 https://registry.npmjs.org/dedent 179ms (cache miss)
46 silly packumentCache full:https://registry.npmjs.org/dedent set size:undefined disposed:false
47 silly fetch manifest execa@^9.6.0
48 silly packumentCache full:https://registry.npmjs.org/execa cache-miss
49 http fetch GET 200 https://registry.npmjs.org/deepmerge 66ms (cache miss)
50 silly packumentCache full:https://registry.npmjs.org/deepmerge set size:undefined disposed:false
51 silly fetch manifest fast-glob@^3.3.3
52 silly packumentCache full:https://registry.npmjs.org/fast-glob cache-miss
53 http fetch GET 200 https://registry.npmjs.org/@modelcontextprotocol%2fsdk 216ms (cache miss)
54 silly packumentCache full:https://registry.npmjs.org/@modelcontextprotocol%2fsdk set size:undefined disposed:false
55 silly fetch manifest fs-extra@^11.3.1
56 silly packumentCache full:https://registry.npmjs.org/fs-extra cache-miss
57 http fetch GET 200 https://registry.npmjs.org/@babel%2fpreset-typescript 221ms (cache miss)
58 silly packumentCache full:https://registry.npmjs.org/@babel%2fpreset-typescript set size:undefined disposed:false
59 silly fetch manifest fuzzysort@^3.1.0
60 silly packumentCache full:https://registry.npmjs.org/fuzzysort cache-miss
61 http cache https://registry.npmjs.org/fast-glob 9ms (cache hit)
62 silly packumentCache full:https://registry.npmjs.org/fast-glob set size:220556 disposed:false
63 silly fetch manifest https-proxy-agent@^7.0.6
64 silly packumentCache full:https://registry.npmjs.org/https-proxy-agent cache-miss
65 http fetch GET 200 https://registry.npmjs.org/execa 52ms (cache miss)
66 silly packumentCache full:https://registry.npmjs.org/execa set size:undefined disposed:false
67 silly fetch manifest kleur@^4.1.5
68 silly packumentCache full:https://registry.npmjs.org/kleur cache-miss
69 http fetch GET 200 https://registry.npmjs.org/fs-extra 47ms (cache miss)
70 silly packumentCache full:https://registry.npmjs.org/fs-extra set size:undefined disposed:false
71 silly fetch manifest msw@^2.10.4
72 silly packumentCache full:https://registry.npmjs.org/msw cache-miss
73 http fetch GET 200 https://registry.npmjs.org/kleur 46ms (cache miss)
74 silly packumentCache full:https://registry.npmjs.org/kleur set size:undefined disposed:false
75 silly fetch manifest node-fetch@^3.3.2
76 silly packumentCache full:https://registry.npmjs.org/node-fetch cache-miss
77 http fetch GET 200 https://registry.npmjs.org/https-proxy-agent 58ms (cache miss)
78 silly packumentCache full:https://registry.npmjs.org/https-proxy-agent set size:undefined disposed:false
79 silly fetch manifest open@^11.0.0
80 silly packumentCache full:https://registry.npmjs.org/open cache-miss
81 http fetch GET 200 https://registry.npmjs.org/msw 54ms (cache miss)
82 silly packumentCache full:https://registry.npmjs.org/msw set size:undefined disposed:false
83 silly fetch manifest ora@^8.2.0
84 silly packumentCache full:https://registry.npmjs.org/ora cache-miss
85 http fetch GET 200 https://registry.npmjs.org/open 49ms (cache miss)
86 silly packumentCache full:https://registry.npmjs.org/open set size:undefined disposed:false
87 silly fetch manifest postcss-selector-parser@^7.1.0
88 silly packumentCache full:https://registry.npmjs.org/postcss-selector-parser cache-miss
89 http fetch GET 200 https://registry.npmjs.org/node-fetch 64ms (cache miss)
90 silly packumentCache full:https://registry.npmjs.org/node-fetch set size:undefined disposed:false
91 silly fetch manifest prompts@^2.4.2
92 silly packumentCache full:https://registry.npmjs.org/prompts cache-miss
93 http fetch GET 200 https://registry.npmjs.org/ora 44ms (cache miss)
94 silly packumentCache full:https://registry.npmjs.org/ora set size:undefined disposed:false
95 silly fetch manifest recast@^0.23.11
96 silly packumentCache full:https://registry.npmjs.org/recast cache-miss
97 http fetch GET 200 https://registry.npmjs.org/@antfu%2fni 372ms (cache miss)
98 silly packumentCache full:https://registry.npmjs.org/@antfu%2fni set size:undefined disposed:false
99 silly fetch manifest stringify-object@^5.0.0
100 silly packumentCache full:https://registry.npmjs.org/stringify-object cache-miss
101 http fetch GET 200 https://registry.npmjs.org/postcss-selector-parser 62ms (cache miss)
102 silly packumentCache full:https://registry.npmjs.org/postcss-selector-parser set size:undefined disposed:false
103 silly fetch manifest ts-morph@^26.0.0
104 silly packumentCache full:https://registry.npmjs.org/ts-morph cache-miss
105 http fetch GET 200 https://registry.npmjs.org/prompts 53ms (cache miss)
106 silly packumentCache full:https://registry.npmjs.org/prompts set size:undefined disposed:false
107 silly fetch manifest tsconfig-paths@^4.2.0
108 silly packumentCache full:https://registry.npmjs.org/tsconfig-paths cache-miss
109 http cache https://registry.npmjs.org/tsconfig-paths 5ms (cache hit)
110 silly packumentCache full:https://registry.npmjs.org/tsconfig-paths set size:192565 disposed:false
111 silly fetch manifest validate-npm-package-name@^7.0.1
112 silly packumentCache full:https://registry.npmjs.org/validate-npm-package-name cache-miss
113 http fetch GET 200 https://registry.npmjs.org/recast 47ms (cache miss)
114 silly packumentCache full:https://registry.npmjs.org/recast set size:undefined disposed:false
115 silly fetch manifest zod@^3.24.1
116 silly packumentCache full:https://registry.npmjs.org/zod cache-miss
117 http cache https://registry.npmjs.org/zod 11ms (cache hit)
118 silly packumentCache full:https://registry.npmjs.org/zod set size:3462856 disposed:false
119 silly fetch manifest zod-to-json-schema@^3.24.6
120 silly packumentCache full:https://registry.npmjs.org/zod-to-json-schema cache-miss
121 http fetch GET 200 https://registry.npmjs.org/stringify-object 77ms (cache miss)
122 silly packumentCache full:https://registry.npmjs.org/stringify-object set size:undefined disposed:false
123 http fetch GET 200 https://registry.npmjs.org/validate-npm-package-name 48ms (cache miss)
124 silly packumentCache full:https://registry.npmjs.org/validate-npm-package-name set size:undefined disposed:false
125 http fetch GET 200 https://registry.npmjs.org/@types%2fvalidate-npm-package-name 452ms (cache miss)
126 silly packumentCache full:https://registry.npmjs.org/@types%2fvalidate-npm-package-name set size:undefined disposed:false
127 http fetch GET 200 https://registry.npmjs.org/cosmiconfig 453ms (cache miss)
128 silly packumentCache full:https://registry.npmjs.org/cosmiconfig set size:undefined disposed:false
129 http fetch GET 200 https://registry.npmjs.org/diff 317ms (cache miss)
130 silly packumentCache full:https://registry.npmjs.org/diff set size:undefined disposed:false
131 http fetch GET 200 https://registry.npmjs.org/zod-to-json-schema 51ms (cache miss)
132 silly packumentCache full:https://registry.npmjs.org/zod-to-json-schema set size:undefined disposed:false
133 http fetch GET 200 https://registry.npmjs.org/ts-morph 126ms (cache miss)
134 silly packumentCache full:https://registry.npmjs.org/ts-morph set size:undefined disposed:false
135 http fetch GET 200 https://registry.npmjs.org/@dotenvx%2fdotenvx 921ms (cache miss)
136 silly packumentCache full:https://registry.npmjs.org/@dotenvx%2fdotenvx set size:undefined disposed:false
137 http fetch GET 200 https://registry.npmjs.org/fuzzysort 897ms (cache miss)
138 silly packumentCache full:https://registry.npmjs.org/fuzzysort set size:undefined disposed:false
139 silly fetch manifest @babel/core@^7.28.0
140 silly packumentCache full:https://registry.npmjs.org/@babel%2fcore cache-miss
141 http cache https://registry.npmjs.org/@babel%2fcore 3ms (cache hit)
142 silly packumentCache full:https://registry.npmjs.org/@babel%2fcore set size:738278 disposed:false
143 silly fetch manifest @cfworker/json-schema@^4.1.1
144 silly packumentCache full:https://registry.npmjs.org/@cfworker%2fjson-schema cache-miss
145 http fetch GET 200 https://registry.npmjs.org/@cfworker%2fjson-schema 86ms (cache miss)
146 silly packumentCache full:https://registry.npmjs.org/@cfworker%2fjson-schema set size:undefined disposed:false
147 silly fetch manifest typescript@>=4.9.5
148 silly packumentCache full:https://registry.npmjs.org/typescript cache-miss
149 http cache https://registry.npmjs.org/typescript 18ms (cache hit)
150 silly packumentCache full:https://registry.npmjs.org/typescript set size:15103294 disposed:false
151 silly fetch manifest babel-plugin-macros@^3.1.0
152 silly packumentCache full:https://registry.npmjs.org/babel-plugin-macros cache-miss
153 http fetch GET 200 https://registry.npmjs.org/babel-plugin-macros 55ms (cache miss)
154 silly packumentCache full:https://registry.npmjs.org/babel-plugin-macros set size:undefined disposed:false
155 silly fetch manifest typescript@>= 4.8.x
156 silly packumentCache full:https://registry.npmjs.org/typescript cache-miss
157 http cache https://registry.npmjs.org/typescript 12ms (cache hit)
158 silly packumentCache full:https://registry.npmjs.org/typescript set size:15103294 disposed:false
159 silly placeDep ROOT @antfu/ni@25.0.0 OK for: shadcn@3.6.3 want: ^25.0.0
160 silly placeDep ROOT @babel/plugin-transform-typescript@7.28.5 OK for: shadcn@3.6.3 want: ^7.28.0
161 silly placeDep ROOT @babel/preset-typescript@7.28.5 OK for: shadcn@3.6.3 want: ^7.27.1
162 silly placeDep ROOT @dotenvx/dotenvx@1.51.4 OK for: shadcn@3.6.3 want: ^1.48.4
163 silly placeDep ROOT @modelcontextprotocol/sdk@1.25.2 OK for: shadcn@3.6.3 want: ^1.17.2
164 silly placeDep ROOT @types/validate-npm-package-name@4.0.2 OK for: shadcn@3.6.3 want: ^4.0.2
165 silly placeDep ROOT commander@14.0.2 OK for: shadcn@3.6.3 want: ^14.0.0
166 silly placeDep ROOT cosmiconfig@9.0.0 OK for: shadcn@3.6.3 want: ^9.0.0
167 silly placeDep ROOT dedent@1.7.1 OK for: shadcn@3.6.3 want: ^1.6.0
168 silly placeDep ROOT deepmerge@4.3.1 OK for: shadcn@3.6.3 want: ^4.3.1
169 silly placeDep ROOT diff@8.0.2 OK for: shadcn@3.6.3 want: ^8.0.2
170 silly placeDep ROOT execa@9.6.1 OK for: shadcn@3.6.3 want: ^9.6.0
171 silly placeDep node_modules/shadcn fast-glob@3.3.3 OK for: shadcn@3.6.3 want: ^3.3.3
172 silly placeDep ROOT fs-extra@11.3.3 OK for: shadcn@3.6.3 want: ^11.3.1
173 silly placeDep ROOT fuzzysort@3.1.0 OK for: shadcn@3.6.3 want: ^3.1.0
174 silly placeDep ROOT https-proxy-agent@7.0.6 OK for: shadcn@3.6.3 want: ^7.0.6
175 silly placeDep ROOT kleur@4.1.5 OK for: shadcn@3.6.3 want: ^4.1.5
176 silly placeDep ROOT msw@2.12.7 OK for: shadcn@3.6.3 want: ^2.10.4
177 silly placeDep ROOT node-fetch@3.3.2 OK for: shadcn@3.6.3 want: ^3.3.2
178 silly placeDep ROOT open@11.0.0 OK for: shadcn@3.6.3 want: ^11.0.0
179 silly placeDep ROOT ora@8.2.0 OK for: shadcn@3.6.3 want: ^8.2.0
180 silly placeDep ROOT postcss-selector-parser@7.1.1 OK for: shadcn@3.6.3 want: ^7.1.0
181 silly placeDep ROOT prompts@2.4.2 OK for: shadcn@3.6.3 want: ^2.4.2
182 silly placeDep ROOT recast@0.23.11 OK for: shadcn@3.6.3 want: ^0.23.11
183 silly placeDep ROOT stringify-object@5.0.0 OK for: shadcn@3.6.3 want: ^5.0.0
184 silly placeDep ROOT ts-morph@26.0.0 OK for: shadcn@3.6.3 want: ^26.0.0
185 silly placeDep node_modules/shadcn tsconfig-paths@4.2.0 OK for: shadcn@3.6.3 want: ^4.2.0
186 silly placeDep ROOT validate-npm-package-name@7.0.2 OK for: shadcn@3.6.3 want: ^7.0.1
187 silly placeDep node_modules/shadcn zod@3.25.76 OK for: shadcn@3.6.3 want: ^3.24.1
188 silly placeDep ROOT zod-to-json-schema@3.25.1 OK for: shadcn@3.6.3 want: ^3.24.6
189 silly fetch manifest fzf@^0.5.2
190 silly packumentCache full:https://registry.npmjs.org/fzf cache-miss
191 silly fetch manifest ansis@^4.0.0
192 silly packumentCache full:https://registry.npmjs.org/ansis cache-miss
193 silly fetch manifest package-manager-detector@^1.3.0
194 silly packumentCache full:https://registry.npmjs.org/package-manager-detector cache-miss
195 silly fetch manifest @babel/helper-annotate-as-pure@^7.27.3
196 silly packumentCache full:https://registry.npmjs.org/@babel%2fhelper-annotate-as-pure cache-miss
197 silly fetch manifest @babel/helper-create-class-features-plugin@^7.28.5
198 silly packumentCache full:https://registry.npmjs.org/@babel%2fhelper-create-class-features-plugin cache-miss
199 silly fetch manifest @babel/helper-plugin-utils@^7.27.1
200 silly packumentCache full:https://registry.npmjs.org/@babel%2fhelper-plugin-utils cache-miss
201 silly fetch manifest @babel/helper-skip-transparent-expression-wrappers@^7.27.1
202 silly packumentCache full:https://registry.npmjs.org/@babel%2fhelper-skip-transparent-expression-wrappers cache-miss
203 silly fetch manifest @babel/plugin-syntax-typescript@^7.27.1
204 silly packumentCache full:https://registry.npmjs.org/@babel%2fplugin-syntax-typescript cache-miss
205 silly fetch manifest @babel/helper-plugin-utils@^7.27.1
206 silly packumentCache full:https://registry.npmjs.org/@babel%2fhelper-plugin-utils cache-miss
207 http fetch GET 200 https://registry.npmjs.org/ansis 49ms (cache miss)
208 silly packumentCache full:https://registry.npmjs.org/ansis set size:undefined disposed:false
209 silly fetch manifest @babel/plugin-syntax-jsx@^7.27.1
210 silly packumentCache full:https://registry.npmjs.org/@babel%2fplugin-syntax-jsx cache-miss
211 http fetch GET 200 https://registry.npmjs.org/@babel%2fhelper-skip-transparent-expression-wrappers 54ms (cache miss)
212 silly packumentCache full:https://registry.npmjs.org/@babel%2fhelper-skip-transparent-expression-wrappers set size:undefined disposed:false
213 silly fetch manifest @babel/plugin-transform-modules-commonjs@^7.27.1
214 silly packumentCache full:https://registry.npmjs.org/@babel%2fplugin-transform-modules-commonjs cache-miss
215 http fetch GET 200 https://registry.npmjs.org/package-manager-detector 58ms (cache miss)
216 silly packumentCache full:https://registry.npmjs.org/package-manager-detector set size:undefined disposed:false
217 silly fetch manifest commander@^11.1.0
218 silly packumentCache full:https://registry.npmjs.org/commander cache-miss
219 http cache https://registry.npmjs.org/commander 1ms (cache hit)
220 silly packumentCache full:https://registry.npmjs.org/commander set size:345426 disposed:false
221 silly fetch manifest dotenv@^17.2.1
222 silly packumentCache full:https://registry.npmjs.org/dotenv cache-miss
223 http cache https://registry.npmjs.org/dotenv 3ms (cache hit)
224 silly packumentCache full:https://registry.npmjs.org/dotenv set size:261324 disposed:false
225 silly fetch manifest eciesjs@^0.4.10
226 silly packumentCache full:https://registry.npmjs.org/eciesjs cache-miss
227 http fetch GET 200 https://registry.npmjs.org/@babel%2fhelper-plugin-utils 66ms (cache miss)
228 silly packumentCache full:https://registry.npmjs.org/@babel%2fhelper-plugin-utils set size:undefined disposed:false
229 silly fetch manifest execa@^5.1.1
230 silly packumentCache full:https://registry.npmjs.org/execa cache-miss
231 http fetch GET 200 https://registry.npmjs.org/@babel%2fhelper-create-class-features-plugin 69ms (cache miss)
232 silly packumentCache full:https://registry.npmjs.org/@babel%2fhelper-create-class-features-plugin set size:undefined disposed:false
233 silly fetch manifest fdir@^6.2.0
234 silly packumentCache full:https://registry.npmjs.org/fdir cache-miss
235 http cache https://registry.npmjs.org/execa 3ms (cache hit)
236 silly packumentCache full:https://registry.npmjs.org/execa set size:181234 disposed:false
237 silly fetch manifest object-treeify@1.1.33
238 silly packumentCache full:https://registry.npmjs.org/object-treeify cache-miss
239 http fetch GET 200 https://registry.npmjs.org/@babel%2fhelper-plugin-utils 71ms (cache miss)
240 silly packumentCache full:https://registry.npmjs.org/@babel%2fhelper-plugin-utils set size:undefined disposed:false
241 silly fetch manifest picomatch@^4.0.2
242 silly packumentCache full:https://registry.npmjs.org/picomatch cache-miss
243 http fetch GET 200 https://registry.npmjs.org/@babel%2fplugin-syntax-typescript 72ms (cache miss)
244 silly packumentCache full:https://registry.npmjs.org/@babel%2fplugin-syntax-typescript set size:undefined disposed:false
245 silly fetch manifest which@^4.0.0
246 silly packumentCache full:https://registry.npmjs.org/which cache-miss
247 http cache https://registry.npmjs.org/fdir 5ms (cache hit)
248 silly packumentCache full:https://registry.npmjs.org/fdir set size:136182 disposed:false
249 silly fetch manifest ajv@^8.17.1
250 silly packumentCache full:https://registry.npmjs.org/ajv cache-miss
251 http cache https://registry.npmjs.org/picomatch 4ms (cache hit)
252 silly packumentCache full:https://registry.npmjs.org/picomatch set size:118818 disposed:false
253 silly fetch manifest cors@^2.8.5
254 silly packumentCache full:https://registry.npmjs.org/cors cache-miss
255 http cache https://registry.npmjs.org/which 3ms (cache hit)
256 silly packumentCache full:https://registry.npmjs.org/which set size:65264 disposed:false
257 silly fetch manifest jose@^6.1.1
258 silly packumentCache full:https://registry.npmjs.org/jose cache-miss
259 http cache https://registry.npmjs.org/ajv 4ms (cache hit)
260 silly packumentCache full:https://registry.npmjs.org/ajv set size:1126055 disposed:false
261 silly fetch manifest express@^5.0.1
262 silly packumentCache full:https://registry.npmjs.org/express cache-miss
263 http fetch GET 200 https://registry.npmjs.org/@babel%2fplugin-transform-modules-commonjs 58ms (cache miss)
264 silly packumentCache full:https://registry.npmjs.org/@babel%2fplugin-transform-modules-commonjs set size:undefined disposed:false
265 silly fetch manifest raw-body@^3.0.0
266 silly packumentCache full:https://registry.npmjs.org/raw-body cache-miss
267 http fetch GET 200 https://registry.npmjs.org/@babel%2fplugin-syntax-jsx 64ms (cache miss)
268 silly packumentCache full:https://registry.npmjs.org/@babel%2fplugin-syntax-jsx set size:undefined disposed:false
269 silly fetch manifest ajv-formats@^3.0.1
270 silly packumentCache full:https://registry.npmjs.org/ajv-formats cache-miss
271 http fetch GET 200 https://registry.npmjs.org/cors 46ms (cache miss)
272 silly packumentCache full:https://registry.npmjs.org/cors set size:undefined disposed:false
273 silly fetch manifest eventsource@^3.0.2
274 silly packumentCache full:https://registry.npmjs.org/eventsource cache-miss
275 http fetch GET 200 https://registry.npmjs.org/jose 69ms (cache miss)
276 silly packumentCache full:https://registry.npmjs.org/jose set size:undefined disposed:false
277 silly fetch manifest content-type@^1.0.5
278 silly packumentCache full:https://registry.npmjs.org/content-type cache-miss
279 http fetch GET 200 https://registry.npmjs.org/express 73ms (cache miss)
280 silly packumentCache full:https://registry.npmjs.org/express set size:undefined disposed:false
281 silly fetch manifest pkce-challenge@^5.0.0
282 silly packumentCache full:https://registry.npmjs.org/pkce-challenge cache-miss
283 http fetch GET 200 https://registry.npmjs.org/ajv-formats 48ms (cache miss)
284 silly packumentCache full:https://registry.npmjs.org/ajv-formats set size:undefined disposed:false
285 silly fetch manifest @hono/node-server@^1.19.7
286 silly packumentCache full:https://registry.npmjs.org/@hono%2fnode-server cache-miss
287 http cache https://registry.npmjs.org/@hono%2fnode-server 2ms (cache hit)
288 silly packumentCache full:https://registry.npmjs.org/@hono%2fnode-server set size:213041 disposed:false
289 silly fetch manifest json-schema-typed@^8.0.2
290 silly packumentCache full:https://registry.npmjs.org/json-schema-typed cache-miss
291 http fetch GET 200 https://registry.npmjs.org/raw-body 53ms (cache miss)
292 silly packumentCache full:https://registry.npmjs.org/raw-body set size:undefined disposed:false
293 silly fetch manifest eventsource-parser@^3.0.0
294 silly packumentCache full:https://registry.npmjs.org/eventsource-parser cache-miss
295 http fetch GET 200 https://registry.npmjs.org/eventsource 54ms (cache miss)
296 silly packumentCache full:https://registry.npmjs.org/eventsource set size:undefined disposed:false
297 silly fetch manifest express-rate-limit@^7.5.0
298 silly packumentCache full:https://registry.npmjs.org/express-rate-limit cache-miss
299 http fetch GET 200 https://registry.npmjs.org/content-type 53ms (cache miss)
300 silly packumentCache full:https://registry.npmjs.org/content-type set size:undefined disposed:false
301 silly fetch manifest zod-to-json-schema@^3.25.0
302 silly packumentCache full:https://registry.npmjs.org/zod-to-json-schema cache-miss
303 http cache https://registry.npmjs.org/zod-to-json-schema 0ms (cache hit)
304 silly packumentCache full:https://registry.npmjs.org/zod-to-json-schema set size:301404 disposed:false
305 silly fetch manifest env-paths@^2.2.1
306 silly packumentCache full:https://registry.npmjs.org/env-paths cache-miss
307 http fetch GET 200 https://registry.npmjs.org/eventsource-parser 42ms (cache miss)
308 silly packumentCache full:https://registry.npmjs.org/eventsource-parser set size:undefined disposed:false
309 silly fetch manifest parse-json@^5.2.0
310 silly packumentCache full:https://registry.npmjs.org/parse-json cache-miss
311 http fetch GET 200 https://registry.npmjs.org/pkce-challenge 58ms (cache miss)
312 silly packumentCache full:https://registry.npmjs.org/pkce-challenge set size:undefined disposed:false
313 silly fetch manifest @sindresorhus/merge-streams@^4.0.0
314 silly packumentCache full:https://registry.npmjs.org/@sindresorhus%2fmerge-streams cache-miss
315 http fetch GET 200 https://registry.npmjs.org/json-schema-typed 72ms (cache miss)
316 silly packumentCache full:https://registry.npmjs.org/json-schema-typed set size:undefined disposed:false
317 silly fetch manifest figures@^6.1.0
318 silly packumentCache full:https://registry.npmjs.org/figures cache-miss
319 http fetch GET 200 https://registry.npmjs.org/env-paths 41ms (cache miss)
320 silly packumentCache full:https://registry.npmjs.org/env-paths set size:undefined disposed:false
321 silly fetch manifest get-stream@^9.0.0
322 silly packumentCache full:https://registry.npmjs.org/get-stream cache-miss
323 http fetch GET 200 https://registry.npmjs.org/parse-json 43ms (cache miss)
324 silly packumentCache full:https://registry.npmjs.org/parse-json set size:undefined disposed:false
325 silly fetch manifest human-signals@^8.0.1
326 silly packumentCache full:https://registry.npmjs.org/human-signals cache-miss
327 http fetch GET 200 https://registry.npmjs.org/express-rate-limit 90ms (cache miss)
328 silly packumentCache full:https://registry.npmjs.org/express-rate-limit set size:undefined disposed:false
329 silly fetch manifest is-plain-obj@^4.1.0
330 silly packumentCache full:https://registry.npmjs.org/is-plain-obj cache-miss
331 http fetch GET 200 https://registry.npmjs.org/@sindresorhus%2fmerge-streams 70ms (cache miss)
332 silly packumentCache full:https://registry.npmjs.org/@sindresorhus%2fmerge-streams set size:undefined disposed:false
333 silly fetch manifest is-stream@^4.0.1
334 silly packumentCache full:https://registry.npmjs.org/is-stream cache-miss
335 http fetch GET 200 https://registry.npmjs.org/figures 48ms (cache miss)
336 silly packumentCache full:https://registry.npmjs.org/figures set size:undefined disposed:false
337 silly fetch manifest npm-run-path@^6.0.0
338 silly packumentCache full:https://registry.npmjs.org/npm-run-path cache-miss
339 http fetch GET 200 https://registry.npmjs.org/get-stream 45ms (cache miss)
340 silly packumentCache full:https://registry.npmjs.org/get-stream set size:undefined disposed:false
341 silly fetch manifest pretty-ms@^9.2.0
342 silly packumentCache full:https://registry.npmjs.org/pretty-ms cache-miss
343 http fetch GET 200 https://registry.npmjs.org/human-signals 44ms (cache miss)
344 silly packumentCache full:https://registry.npmjs.org/human-signals set size:undefined disposed:false
345 silly fetch manifest strip-final-newline@^4.0.0
346 silly packumentCache full:https://registry.npmjs.org/strip-final-newline cache-miss
347 http fetch GET 200 https://registry.npmjs.org/is-plain-obj 63ms (cache miss)
348 silly packumentCache full:https://registry.npmjs.org/is-plain-obj set size:undefined disposed:false
349 silly fetch manifest yoctocolors@^2.1.1
350 silly packumentCache full:https://registry.npmjs.org/yoctocolors cache-miss
351 http fetch GET 200 https://registry.npmjs.org/fzf 335ms (cache miss)
352 silly packumentCache full:https://registry.npmjs.org/fzf set size:undefined disposed:false
353 silly fetch manifest glob-parent@^5.1.2
354 silly packumentCache full:https://registry.npmjs.org/glob-parent cache-miss
355 http fetch GET 200 https://registry.npmjs.org/@babel%2fhelper-annotate-as-pure 335ms (cache miss)
356 silly packumentCache full:https://registry.npmjs.org/@babel%2fhelper-annotate-as-pure set size:undefined disposed:false
357 silly fetch manifest jsonfile@^6.0.1
358 silly packumentCache full:https://registry.npmjs.org/jsonfile cache-miss
359 http fetch GET 200 https://registry.npmjs.org/pretty-ms 45ms (cache miss)
360 silly packumentCache full:https://registry.npmjs.org/pretty-ms set size:undefined disposed:false
361 silly fetch manifest universalify@^2.0.0
362 silly packumentCache full:https://registry.npmjs.org/universalify cache-miss
363 http fetch GET 200 https://registry.npmjs.org/npm-run-path 51ms (cache miss)
364 silly packumentCache full:https://registry.npmjs.org/npm-run-path set size:undefined disposed:false
365 silly fetch manifest agent-base@^7.1.2
366 silly packumentCache full:https://registry.npmjs.org/agent-base cache-miss
367 http cache https://registry.npmjs.org/glob-parent 5ms (cache hit)
368 silly packumentCache full:https://registry.npmjs.org/glob-parent set size:42445 disposed:false
369 silly fetch manifest @inquirer/confirm@^5.0.0
370 silly packumentCache full:https://registry.npmjs.org/@inquirer%2fconfirm cache-miss
371 http fetch GET 200 https://registry.npmjs.org/is-stream 55ms (cache miss)
372 silly packumentCache full:https://registry.npmjs.org/is-stream set size:undefined disposed:false
373 silly fetch manifest @mswjs/interceptors@^0.40.0
374 silly packumentCache full:https://registry.npmjs.org/@mswjs%2finterceptors cache-miss
375 http fetch GET 200 https://registry.npmjs.org/yoctocolors 51ms (cache miss)
376 silly packumentCache full:https://registry.npmjs.org/yoctocolors set size:undefined disposed:false
377 silly fetch manifest @open-draft/deferred-promise@^2.2.0
378 silly packumentCache full:https://registry.npmjs.org/@open-draft%2fdeferred-promise cache-miss
379 http fetch GET 200 https://registry.npmjs.org/agent-base 47ms (cache miss)
380 silly packumentCache full:https://registry.npmjs.org/agent-base set size:undefined disposed:false
381 silly fetch manifest @types/statuses@^2.0.6
382 silly packumentCache full:https://registry.npmjs.org/@types%2fstatuses cache-miss
383 http fetch GET 200 https://registry.npmjs.org/jsonfile 59ms (cache miss)
384 silly packumentCache full:https://registry.npmjs.org/jsonfile set size:undefined disposed:false
385 silly fetch manifest graphql@^16.12.0
386 silly packumentCache full:https://registry.npmjs.org/graphql cache-miss
387 http fetch GET 200 https://registry.npmjs.org/universalify 60ms (cache miss)
388 silly packumentCache full:https://registry.npmjs.org/universalify set size:undefined disposed:false
389 silly fetch manifest headers-polyfill@^4.0.2
390 silly packumentCache full:https://registry.npmjs.org/headers-polyfill cache-miss
391 http fetch GET 200 https://registry.npmjs.org/@inquirer%2fconfirm 69ms (cache miss)
392 silly packumentCache full:https://registry.npmjs.org/@inquirer%2fconfirm set size:undefined disposed:false
393 silly fetch manifest is-node-process@^1.2.0
394 silly packumentCache full:https://registry.npmjs.org/is-node-process cache-miss
395 http fetch GET 200 https://registry.npmjs.org/object-treeify 339ms (cache miss)
396 silly packumentCache full:https://registry.npmjs.org/object-treeify set size:undefined disposed:false
397 silly fetch manifest outvariant@^1.4.3
398 silly packumentCache full:https://registry.npmjs.org/outvariant cache-miss
399 http fetch GET 200 https://registry.npmjs.org/headers-polyfill 51ms (cache miss)
400 silly packumentCache full:https://registry.npmjs.org/headers-polyfill set size:undefined disposed:false
401 silly fetch manifest path-to-regexp@^6.3.0
402 silly packumentCache full:https://registry.npmjs.org/path-to-regexp cache-miss
403 http fetch GET 200 https://registry.npmjs.org/is-node-process 61ms (cache miss)
404 silly packumentCache full:https://registry.npmjs.org/is-node-process set size:undefined disposed:false
405 silly fetch manifest rettime@^0.7.0
406 silly packumentCache full:https://registry.npmjs.org/rettime cache-miss
407 http fetch GET 200 https://registry.npmjs.org/path-to-regexp 53ms (cache miss)
408 silly packumentCache full:https://registry.npmjs.org/path-to-regexp set size:undefined disposed:false
409 silly fetch manifest statuses@^2.0.2
410 silly packumentCache full:https://registry.npmjs.org/statuses cache-miss
411 http fetch GET 200 https://registry.npmjs.org/statuses 63ms (cache miss)
412 silly packumentCache full:https://registry.npmjs.org/statuses set size:undefined disposed:false
413 silly fetch manifest strict-event-emitter@^0.5.1
414 silly packumentCache full:https://registry.npmjs.org/strict-event-emitter cache-miss
415 http fetch GET 200 https://registry.npmjs.org/@mswjs%2finterceptors 274ms (cache miss)
416 silly packumentCache full:https://registry.npmjs.org/@mswjs%2finterceptors set size:undefined disposed:false
417 silly fetch manifest tough-cookie@^6.0.0
418 silly packumentCache full:https://registry.npmjs.org/tough-cookie cache-miss
419 http fetch GET 200 https://registry.npmjs.org/strip-final-newline 358ms (cache miss)
420 silly packumentCache full:https://registry.npmjs.org/strip-final-newline set size:undefined disposed:false
421 silly fetch manifest type-fest@^5.2.0
422 silly packumentCache full:https://registry.npmjs.org/type-fest cache-miss
423 http cache https://registry.npmjs.org/type-fest 9ms (cache hit)
424 silly packumentCache full:https://registry.npmjs.org/type-fest set size:542005 disposed:false
425 silly fetch manifest until-async@^3.0.2
426 silly packumentCache full:https://registry.npmjs.org/until-async cache-miss
427 http fetch GET 200 https://registry.npmjs.org/tough-cookie 79ms (cache miss)
428 silly packumentCache full:https://registry.npmjs.org/tough-cookie set size:undefined disposed:false
429 silly fetch manifest yargs@^17.7.2
430 silly packumentCache full:https://registry.npmjs.org/yargs cache-miss
431 http fetch GET 200 https://registry.npmjs.org/outvariant 311ms (cache miss)
432 silly packumentCache full:https://registry.npmjs.org/outvariant set size:undefined disposed:false
433 silly fetch manifest data-uri-to-buffer@^4.0.0
434 silly packumentCache full:https://registry.npmjs.org/data-uri-to-buffer cache-miss
435 http fetch GET 200 https://registry.npmjs.org/graphql 327ms (cache miss)
436 silly packumentCache full:https://registry.npmjs.org/graphql set size:undefined disposed:false
437 silly fetch manifest fetch-blob@^3.1.4
438 silly packumentCache full:https://registry.npmjs.org/fetch-blob cache-miss
439 http fetch GET 200 https://registry.npmjs.org/data-uri-to-buffer 48ms (cache miss)
440 silly packumentCache full:https://registry.npmjs.org/data-uri-to-buffer set size:undefined disposed:false
441 silly fetch manifest formdata-polyfill@^4.0.10
442 silly packumentCache full:https://registry.npmjs.org/formdata-polyfill cache-miss
443 http fetch GET 200 https://registry.npmjs.org/fetch-blob 51ms (cache miss)
444 silly packumentCache full:https://registry.npmjs.org/fetch-blob set size:undefined disposed:false
445 silly fetch manifest default-browser@^5.4.0
446 silly packumentCache full:https://registry.npmjs.org/default-browser cache-miss
447 http fetch GET 200 https://registry.npmjs.org/yargs 88ms (cache miss)
448 silly packumentCache full:https://registry.npmjs.org/yargs set size:undefined disposed:false
449 silly fetch manifest define-lazy-prop@^3.0.0
450 silly packumentCache full:https://registry.npmjs.org/define-lazy-prop cache-miss
451 http fetch GET 200 https://registry.npmjs.org/rettime 345ms (cache miss)
452 silly packumentCache full:https://registry.npmjs.org/rettime set size:undefined disposed:false
453 silly fetch manifest is-in-ssh@^1.0.0
454 silly packumentCache full:https://registry.npmjs.org/is-in-ssh cache-miss
455 http fetch GET 200 https://registry.npmjs.org/default-browser 42ms (cache miss)
456 silly packumentCache full:https://registry.npmjs.org/default-browser set size:undefined disposed:false
457 silly fetch manifest is-inside-container@^1.0.0
458 silly packumentCache full:https://registry.npmjs.org/is-inside-container cache-miss
459 http fetch GET 200 https://registry.npmjs.org/define-lazy-prop 75ms (cache miss)
460 silly packumentCache full:https://registry.npmjs.org/define-lazy-prop set size:undefined disposed:false
461 silly fetch manifest powershell-utils@^0.1.0
462 silly packumentCache full:https://registry.npmjs.org/powershell-utils cache-miss
463 http fetch GET 200 https://registry.npmjs.org/is-inside-container 50ms (cache miss)
464 silly packumentCache full:https://registry.npmjs.org/is-inside-container set size:undefined disposed:false
465 silly fetch manifest wsl-utils@^0.3.0
466 silly packumentCache full:https://registry.npmjs.org/wsl-utils cache-miss
467 http fetch GET 200 https://registry.npmjs.org/strict-event-emitter 303ms (cache miss)
468 silly packumentCache full:https://registry.npmjs.org/strict-event-emitter set size:undefined disposed:false
469 silly fetch manifest chalk@^5.3.0
470 silly packumentCache full:https://registry.npmjs.org/chalk cache-miss
471 http cache https://registry.npmjs.org/chalk 2ms (cache hit)
472 silly packumentCache full:https://registry.npmjs.org/chalk set size:117861 disposed:false
473 silly fetch manifest cli-cursor@^5.0.0
474 silly packumentCache full:https://registry.npmjs.org/cli-cursor cache-miss
475 http fetch GET 200 https://registry.npmjs.org/eciesjs 845ms (cache miss)
476 silly packumentCache full:https://registry.npmjs.org/eciesjs set size:undefined disposed:false
477 silly fetch manifest strip-ansi@^7.1.0
478 silly packumentCache full:https://registry.npmjs.org/strip-ansi cache-miss
479 http fetch GET 200 https://registry.npmjs.org/wsl-utils 54ms (cache miss)
480 silly packumentCache full:https://registry.npmjs.org/wsl-utils set size:undefined disposed:false
481 silly fetch manifest log-symbols@^6.0.0
482 silly packumentCache full:https://registry.npmjs.org/log-symbols cache-miss
483 http fetch GET 200 https://registry.npmjs.org/cli-cursor 51ms (cache miss)
484 silly packumentCache full:https://registry.npmjs.org/cli-cursor set size:undefined disposed:false
485 silly fetch manifest cli-spinners@^2.9.2
486 silly packumentCache full:https://registry.npmjs.org/cli-spinners cache-miss
487 http fetch GET 200 https://registry.npmjs.org/strip-ansi 50ms (cache miss)
488 silly packumentCache full:https://registry.npmjs.org/strip-ansi set size:undefined disposed:false
489 silly fetch manifest string-width@^7.2.0
490 silly packumentCache full:https://registry.npmjs.org/string-width cache-miss
491 http fetch GET 200 https://registry.npmjs.org/cli-spinners 44ms (cache miss)
492 silly packumentCache full:https://registry.npmjs.org/cli-spinners set size:undefined disposed:false
493 silly fetch manifest is-interactive@^2.0.0
494 silly packumentCache full:https://registry.npmjs.org/is-interactive cache-miss
495 http fetch GET 200 https://registry.npmjs.org/log-symbols 50ms (cache miss)
496 silly packumentCache full:https://registry.npmjs.org/log-symbols set size:undefined disposed:false
497 silly fetch manifest stdin-discarder@^0.2.2
498 silly packumentCache full:https://registry.npmjs.org/stdin-discarder cache-miss
499 http fetch GET 200 https://registry.npmjs.org/@types%2fstatuses 634ms (cache miss)
500 silly packumentCache full:https://registry.npmjs.org/@types%2fstatuses set size:undefined disposed:false
501 silly fetch manifest is-unicode-supported@^2.0.0
502 silly packumentCache full:https://registry.npmjs.org/is-unicode-supported cache-miss
503 http fetch GET 200 https://registry.npmjs.org/is-interactive 50ms (cache miss)
504 silly packumentCache full:https://registry.npmjs.org/is-interactive set size:undefined disposed:false
505 silly fetch manifest cssesc@^3.0.0
506 silly packumentCache full:https://registry.npmjs.org/cssesc cache-miss
507 http fetch GET 200 https://registry.npmjs.org/string-width 59ms (cache miss)
508 silly packumentCache full:https://registry.npmjs.org/string-width set size:undefined disposed:false
509 silly fetch manifest util-deprecate@^1.0.2
510 silly packumentCache full:https://registry.npmjs.org/util-deprecate cache-miss
511 http fetch GET 200 https://registry.npmjs.org/stdin-discarder 50ms (cache miss)
512 silly packumentCache full:https://registry.npmjs.org/stdin-discarder set size:undefined disposed:false
513 silly fetch manifest kleur@^3.0.3
514 silly packumentCache full:https://registry.npmjs.org/kleur cache-miss
515 http cache https://registry.npmjs.org/kleur 1ms (cache hit)
516 silly packumentCache full:https://registry.npmjs.org/kleur set size:61853 disposed:false
517 silly fetch manifest sisteransi@^1.0.5
518 silly packumentCache full:https://registry.npmjs.org/sisteransi cache-miss
519 http fetch GET 200 https://registry.npmjs.org/util-deprecate 52ms (cache miss)
520 silly packumentCache full:https://registry.npmjs.org/util-deprecate set size:undefined disposed:false
521 silly fetch manifest ast-types@^0.16.1
522 silly packumentCache full:https://registry.npmjs.org/ast-types cache-miss
523 http fetch GET 200 https://registry.npmjs.org/cssesc 54ms (cache miss)
524 silly packumentCache full:https://registry.npmjs.org/cssesc set size:undefined disposed:false
525 silly fetch manifest esprima@~4.0.0
526 silly packumentCache full:https://registry.npmjs.org/esprima cache-miss
527 http fetch GET 200 https://registry.npmjs.org/is-unicode-supported 58ms (cache miss)
528 silly packumentCache full:https://registry.npmjs.org/is-unicode-supported set size:undefined disposed:false
529 silly fetch manifest source-map@~0.6.1
530 silly packumentCache full:https://registry.npmjs.org/source-map cache-miss
531 http fetch GET 200 https://registry.npmjs.org/sisteransi 54ms (cache miss)
532 silly packumentCache full:https://registry.npmjs.org/sisteransi set size:undefined disposed:false
533 silly fetch manifest tiny-invariant@^1.3.3
534 silly packumentCache full:https://registry.npmjs.org/tiny-invariant cache-miss
535 http fetch GET 200 https://registry.npmjs.org/formdata-polyfill 335ms (cache miss)
536 silly packumentCache full:https://registry.npmjs.org/formdata-polyfill set size:undefined disposed:false
537 silly fetch manifest is-obj@^3.0.0
538 silly packumentCache full:https://registry.npmjs.org/is-obj cache-miss
539 http fetch GET 200 https://registry.npmjs.org/is-in-ssh 314ms (cache miss)
540 silly packumentCache full:https://registry.npmjs.org/is-in-ssh set size:undefined disposed:false
541 silly fetch manifest is-regexp@^3.1.0
542 silly packumentCache full:https://registry.npmjs.org/is-regexp cache-miss
543 http fetch GET 200 https://registry.npmjs.org/tiny-invariant 55ms (cache miss)
544 silly packumentCache full:https://registry.npmjs.org/tiny-invariant set size:undefined disposed:false
545 silly fetch manifest get-own-enumerable-keys@^1.0.0
546 silly packumentCache full:https://registry.npmjs.org/get-own-enumerable-keys cache-miss
547 http fetch GET 200 https://registry.npmjs.org/source-map 59ms (cache miss)
548 silly packumentCache full:https://registry.npmjs.org/source-map set size:undefined disposed:false
549 silly fetch manifest @ts-morph/common@~0.27.0
550 silly packumentCache full:https://registry.npmjs.org/@ts-morph%2fcommon cache-miss
551 http fetch GET 200 https://registry.npmjs.org/esprima 64ms (cache miss)
552 silly packumentCache full:https://registry.npmjs.org/esprima set size:undefined disposed:false
553 silly fetch manifest code-block-writer@^13.0.3
554 silly packumentCache full:https://registry.npmjs.org/code-block-writer cache-miss
555 http fetch GET 200 https://registry.npmjs.org/is-obj 43ms (cache miss)
556 silly packumentCache full:https://registry.npmjs.org/is-obj set size:undefined disposed:false
557 http fetch GET 200 https://registry.npmjs.org/is-regexp 57ms (cache miss)
558 silly packumentCache full:https://registry.npmjs.org/is-regexp set size:undefined disposed:false
559 http fetch GET 200 https://registry.npmjs.org/powershell-utils 340ms (cache miss)
560 silly packumentCache full:https://registry.npmjs.org/powershell-utils set size:undefined disposed:false
561 http fetch GET 200 https://registry.npmjs.org/code-block-writer 63ms (cache miss)
562 silly packumentCache full:https://registry.npmjs.org/code-block-writer set size:undefined disposed:false
563 http fetch GET 200 https://registry.npmjs.org/@open-draft%2fdeferred-promise 840ms (cache miss)
564 silly packumentCache full:https://registry.npmjs.org/@open-draft%2fdeferred-promise set size:undefined disposed:false
565 http fetch GET 200 https://registry.npmjs.org/@ts-morph%2fcommon 254ms (cache miss)
566 silly packumentCache full:https://registry.npmjs.org/@ts-morph%2fcommon set size:undefined disposed:false
567 http fetch GET 200 https://registry.npmjs.org/ast-types 321ms (cache miss)
568 silly packumentCache full:https://registry.npmjs.org/ast-types set size:undefined disposed:false
569 http fetch GET 200 https://registry.npmjs.org/get-own-enumerable-keys 322ms (cache miss)
570 silly packumentCache full:https://registry.npmjs.org/get-own-enumerable-keys set size:undefined disposed:false
571 http fetch GET 200 https://registry.npmjs.org/until-async 881ms (cache miss)
572 silly packumentCache full:https://registry.npmjs.org/until-async set size:undefined disposed:false
573 silly placeDep ROOT ansis@4.2.0 OK for: @antfu/ni@25.0.0 want: ^4.0.0
574 silly placeDep ROOT fzf@0.5.2 OK for: @antfu/ni@25.0.0 want: ^0.5.2
575 silly placeDep ROOT package-manager-detector@1.6.0 OK for: @antfu/ni@25.0.0 want: ^1.3.0
576 silly fetch manifest @babel/core@^7.0.0-0
577 silly packumentCache full:https://registry.npmjs.org/@babel%2fcore cache-hit
578 silly placeDep ROOT @babel/helper-annotate-as-pure@7.27.3 OK for: @babel/plugin-transform-typescript@7.28.5 want: ^7.27.3
579 silly placeDep ROOT @babel/helper-create-class-features-plugin@7.28.5 OK for: @babel/plugin-transform-typescript@7.28.5 want: ^7.28.5
580 silly placeDep ROOT @babel/helper-plugin-utils@7.27.1 OK for: @babel/plugin-transform-typescript@7.28.5 want: ^7.27.1
581 silly placeDep ROOT @babel/helper-skip-transparent-expression-wrappers@7.27.1 OK for: @babel/plugin-transform-typescript@7.28.5 want: ^7.27.1
582 silly placeDep ROOT @babel/plugin-syntax-typescript@7.27.1 OK for: @babel/plugin-transform-typescript@7.28.5 want: ^7.27.1
583 silly fetch manifest @babel/helper-member-expression-to-functions@^7.28.5
584 silly packumentCache full:https://registry.npmjs.org/@babel%2fhelper-member-expression-to-functions cache-miss
585 silly fetch manifest @babel/helper-optimise-call-expression@^7.27.1
586 silly packumentCache full:https://registry.npmjs.org/@babel%2fhelper-optimise-call-expression cache-miss
587 silly fetch manifest @babel/helper-replace-supers@^7.27.1
588 silly packumentCache full:https://registry.npmjs.org/@babel%2fhelper-replace-supers cache-miss
589 http fetch GET 200 https://registry.npmjs.org/@babel%2fhelper-optimise-call-expression 58ms (cache miss)
590 silly packumentCache full:https://registry.npmjs.org/@babel%2fhelper-optimise-call-expression set size:undefined disposed:false
591 http fetch GET 200 https://registry.npmjs.org/@babel%2fhelper-replace-supers 78ms (cache miss)
592 silly packumentCache full:https://registry.npmjs.org/@babel%2fhelper-replace-supers set size:undefined disposed:false
593 http fetch GET 200 https://registry.npmjs.org/@babel%2fhelper-member-expression-to-functions 85ms (cache miss)
594 silly packumentCache full:https://registry.npmjs.org/@babel%2fhelper-member-expression-to-functions set size:undefined disposed:false
595 silly fetch manifest @babel/core@^7.0.0
596 silly packumentCache full:https://registry.npmjs.org/@babel%2fcore cache-hit
597 silly placeDep ROOT @babel/helper-member-expression-to-functions@7.28.5 OK for: @babel/helper-create-class-features-plugin@7.28.5 want: ^7.28.5
598 silly placeDep ROOT @babel/helper-optimise-call-expression@7.27.1 OK for: @babel/helper-create-class-features-plugin@7.28.5 want: ^7.27.1
599 silly placeDep ROOT @babel/helper-replace-supers@7.27.1 OK for: @babel/helper-create-class-features-plugin@7.28.5 want: ^7.27.1
600 silly placeDep ROOT @babel/plugin-syntax-jsx@7.27.1 OK for: @babel/preset-typescript@7.28.5 want: ^7.27.1
601 silly placeDep ROOT @babel/plugin-transform-modules-commonjs@7.27.1 OK for: @babel/preset-typescript@7.28.5 want: ^7.27.1
602 silly placeDep node_modules/@dotenvx/dotenvx commander@11.1.0 OK for: @dotenvx/dotenvx@1.51.4 want: ^11.1.0
603 silly placeDep node_modules/@dotenvx/dotenvx dotenv@17.2.3 OK for: @dotenvx/dotenvx@1.51.4 want: ^17.2.1
604 silly placeDep ROOT eciesjs@0.4.16 OK for: @dotenvx/dotenvx@1.51.4 want: ^0.4.10
605 silly placeDep node_modules/@dotenvx/dotenvx execa@5.1.1 OK for: @dotenvx/dotenvx@1.51.4 want: ^5.1.1
606 silly placeDep node_modules/@dotenvx/dotenvx fdir@6.5.0 OK for: @dotenvx/dotenvx@1.51.4 want: ^6.2.0
607 silly placeDep node_modules/@dotenvx/dotenvx picomatch@4.0.3 OK for: fdir@6.5.0 want: ^3 || ^4
608 silly placeDep ROOT object-treeify@1.1.33 OK for: @dotenvx/dotenvx@1.51.4 want: 1.1.33
609 silly placeDep node_modules/@dotenvx/dotenvx which@4.0.0 OK for: @dotenvx/dotenvx@1.51.4 want: ^4.0.0
610 silly fetch manifest @ecies/ciphers@^0.2.4
611 silly packumentCache full:https://registry.npmjs.org/@ecies%2fciphers cache-miss
612 silly fetch manifest @noble/ciphers@^1.3.0
613 silly packumentCache full:https://registry.npmjs.org/@noble%2fciphers cache-miss
614 silly fetch manifest @noble/curves@^1.9.7
615 silly packumentCache full:https://registry.npmjs.org/@noble%2fcurves cache-miss
616 silly fetch manifest @noble/hashes@^1.8.0
617 silly packumentCache full:https://registry.npmjs.org/@noble%2fhashes cache-miss
618 silly fetch manifest onetime@^5.1.2
619 silly packumentCache full:https://registry.npmjs.org/onetime cache-miss
620 silly fetch manifest is-stream@^2.0.0
621 silly packumentCache full:https://registry.npmjs.org/is-stream cache-miss
622 silly fetch manifest get-stream@^6.0.0
623 silly packumentCache full:https://registry.npmjs.org/get-stream cache-miss
624 silly fetch manifest signal-exit@^3.0.3
625 silly packumentCache full:https://registry.npmjs.org/signal-exit cache-miss
626 silly fetch manifest merge-stream@^2.0.0
627 silly packumentCache full:https://registry.npmjs.org/merge-stream cache-miss
628 http cache https://registry.npmjs.org/is-stream 3ms (cache hit)
629 silly packumentCache full:https://registry.npmjs.org/is-stream set size:18582 disposed:false
630 silly fetch manifest npm-run-path@^4.0.1
631 silly packumentCache full:https://registry.npmjs.org/npm-run-path cache-miss
632 http cache https://registry.npmjs.org/get-stream 4ms (cache hit)
633 silly packumentCache full:https://registry.npmjs.org/get-stream set size:57536 disposed:false
634 silly fetch manifest human-signals@^2.1.0
635 silly packumentCache full:https://registry.npmjs.org/human-signals cache-miss
636 http cache https://registry.npmjs.org/signal-exit 4ms (cache hit)
637 silly packumentCache full:https://registry.npmjs.org/signal-exit set size:53489 disposed:false
638 silly fetch manifest strip-final-newline@^2.0.0
639 silly packumentCache full:https://registry.npmjs.org/strip-final-newline cache-miss
640 http cache https://registry.npmjs.org/npm-run-path 1ms (cache hit)
641 silly packumentCache full:https://registry.npmjs.org/npm-run-path set size:33596 disposed:false
642 silly fetch manifest isexe@^3.1.1
643 silly packumentCache full:https://registry.npmjs.org/isexe cache-miss
644 http cache https://registry.npmjs.org/human-signals 2ms (cache hit)
645 silly packumentCache full:https://registry.npmjs.org/human-signals set size:47322 disposed:false
646 http cache https://registry.npmjs.org/strip-final-newline 1ms (cache hit)
647 silly packumentCache full:https://registry.npmjs.org/strip-final-newline set size:9328 disposed:false
648 http cache https://registry.npmjs.org/isexe 1ms (cache hit)
649 silly packumentCache full:https://registry.npmjs.org/isexe set size:19340 disposed:false
650 http fetch GET 200 https://registry.npmjs.org/onetime 69ms (cache miss)
651 silly packumentCache full:https://registry.npmjs.org/onetime set size:undefined disposed:false
652 http fetch GET 200 https://registry.npmjs.org/merge-stream 70ms (cache miss)
653 silly packumentCache full:https://registry.npmjs.org/merge-stream set size:undefined disposed:false
654 http fetch GET 200 https://registry.npmjs.org/@noble%2fciphers 71ms (cache miss)
655 silly packumentCache full:https://registry.npmjs.org/@noble%2fciphers set size:undefined disposed:false
656 http fetch GET 200 https://registry.npmjs.org/@noble%2fcurves 339ms (cache miss)
657 silly packumentCache full:https://registry.npmjs.org/@noble%2fcurves set size:undefined disposed:false
658 http fetch GET 200 https://registry.npmjs.org/@ecies%2fciphers 917ms (cache miss)
659 silly packumentCache full:https://registry.npmjs.org/@ecies%2fciphers set size:undefined disposed:false
660 http fetch GET 200 https://registry.npmjs.org/@noble%2fhashes 1648ms (cache miss)
661 silly packumentCache full:https://registry.npmjs.org/@noble%2fhashes set size:undefined disposed:false
662 silly fetch manifest hono@^4
663 silly packumentCache full:https://registry.npmjs.org/hono cache-miss
664 http cache https://registry.npmjs.org/hono 7ms (cache hit)
665 silly packumentCache full:https://registry.npmjs.org/hono set size:5197921 disposed:false
666 silly placeDep node_modules/@modelcontextprotocol/sdk @hono/node-server@1.19.7 OK for: @modelcontextprotocol/sdk@1.25.2 want: ^1.19.7
667 silly placeDep node_modules/@modelcontextprotocol/sdk ajv@8.17.1 OK for: @modelcontextprotocol/sdk@1.25.2 want: ^8.17.1
668 silly placeDep ROOT ajv-formats@3.0.1 OK for: @modelcontextprotocol/sdk@1.25.2 want: ^3.0.1
669 silly placeDep ROOT content-type@1.0.5 OK for: @modelcontextprotocol/sdk@1.25.2 want: ^1.0.5
670 silly placeDep ROOT cors@2.8.5 OK for: @modelcontextprotocol/sdk@1.25.2 want: ^2.8.5
671 silly placeDep ROOT eventsource@3.0.7 OK for: @modelcontextprotocol/sdk@1.25.2 want: ^3.0.2
672 silly placeDep ROOT eventsource-parser@3.0.6 OK for: @modelcontextprotocol/sdk@1.25.2 want: ^3.0.0
673 silly placeDep ROOT express@5.2.1 OK for: @modelcontextprotocol/sdk@1.25.2 want: ^5.0.1
674 silly placeDep ROOT express-rate-limit@7.5.1 OK for: @modelcontextprotocol/sdk@1.25.2 want: ^7.5.0
675 silly placeDep ROOT jose@6.1.3 OK for: @modelcontextprotocol/sdk@1.25.2 want: ^6.1.1
676 silly placeDep ROOT json-schema-typed@8.0.2 OK for: @modelcontextprotocol/sdk@1.25.2 want: ^8.0.2
677 silly placeDep ROOT pkce-challenge@5.0.1 OK for: @modelcontextprotocol/sdk@1.25.2 want: ^5.0.0
678 silly placeDep ROOT raw-body@3.0.2 OK for: @modelcontextprotocol/sdk@1.25.2 want: ^3.0.0
679 silly fetch manifest fast-uri@^3.0.1
680 silly packumentCache full:https://registry.npmjs.org/fast-uri cache-miss
681 silly fetch manifest require-from-string@^2.0.2
682 silly packumentCache full:https://registry.npmjs.org/require-from-string cache-miss
683 silly fetch manifest json-schema-traverse@^1.0.0
684 silly packumentCache full:https://registry.npmjs.org/json-schema-traverse cache-miss
685 silly fetch manifest ajv@^8.0.0
686 silly packumentCache full:https://registry.npmjs.org/ajv cache-miss
687 silly fetch manifest vary@^1
688 silly packumentCache full:https://registry.npmjs.org/vary cache-miss
689 silly fetch manifest eventsource-parser@^3.0.1
690 silly packumentCache full:https://registry.npmjs.org/eventsource-parser cache-miss
691 silly fetch manifest qs@^6.14.0
692 silly packumentCache full:https://registry.npmjs.org/qs cache-miss
693 silly fetch manifest depd@^2.0.0
694 silly packumentCache full:https://registry.npmjs.org/depd cache-miss
695 silly fetch manifest etag@^1.8.1
696 silly packumentCache full:https://registry.npmjs.org/etag cache-miss
697 http cache https://registry.npmjs.org/eventsource-parser 3ms (cache hit)
698 silly packumentCache full:https://registry.npmjs.org/eventsource-parser set size:66053 disposed:false
699 silly fetch manifest once@^1.4.0
700 silly packumentCache full:https://registry.npmjs.org/once cache-miss
701 http cache https://registry.npmjs.org/ajv 5ms (cache hit)
702 silly packumentCache full:https://registry.npmjs.org/ajv set size:1126055 disposed:false
703 silly fetch manifest send@^1.1.0
704 silly packumentCache full:https://registry.npmjs.org/send cache-miss
705 http cache https://registry.npmjs.org/json-schema-traverse 12ms (cache hit)
706 silly packumentCache full:https://registry.npmjs.org/json-schema-traverse set size:23537 disposed:false
707 silly fetch manifest vary@^1.1.2
708 silly packumentCache full:https://registry.npmjs.org/vary cache-miss
709 http fetch GET 200 https://registry.npmjs.org/vary 48ms (cache miss)
710 silly packumentCache full:https://registry.npmjs.org/vary set size:undefined disposed:false
711 silly fetch manifest fresh@^2.0.0
712 silly packumentCache full:https://registry.npmjs.org/fresh cache-miss
713 http fetch GET 200 https://registry.npmjs.org/qs 52ms (cache miss)
714 silly packumentCache full:https://registry.npmjs.org/qs set size:undefined disposed:false
715 silly fetch manifest cookie@^0.7.1
716 silly packumentCache full:https://registry.npmjs.org/cookie cache-miss
717 http fetch GET 200 https://registry.npmjs.org/depd 53ms (cache miss)
718 silly packumentCache full:https://registry.npmjs.org/depd set size:undefined disposed:false
719 silly fetch manifest router@^2.2.0
720 silly packumentCache full:https://registry.npmjs.org/router cache-miss
721 http fetch GET 200 https://registry.npmjs.org/require-from-string 54ms (cache miss)
722 silly packumentCache full:https://registry.npmjs.org/require-from-string set size:undefined disposed:false
723 silly fetch manifest accepts@^2.0.0
724 silly packumentCache full:https://registry.npmjs.org/accepts cache-miss
725 http cache https://registry.npmjs.org/cookie 2ms (cache hit)
726 silly packumentCache full:https://registry.npmjs.org/cookie set size:72891 disposed:false
727 silly fetch manifest type-is@^2.0.1
728 silly packumentCache full:https://registry.npmjs.org/type-is cache-miss
729 http fetch GET 200 https://registry.npmjs.org/vary 47ms (cache miss)
730 silly packumentCache full:https://registry.npmjs.org/vary set size:undefined disposed:false
731 silly fetch manifest parseurl@^1.3.3
732 silly packumentCache full:https://registry.npmjs.org/parseurl cache-miss
733 http fetch GET 200 https://registry.npmjs.org/fast-uri 63ms (cache miss)
734 silly packumentCache full:https://registry.npmjs.org/fast-uri set size:undefined disposed:false
735 silly fetch manifest statuses@^2.0.1
736 silly packumentCache full:https://registry.npmjs.org/statuses cache-miss
737 http fetch GET 200 https://registry.npmjs.org/once 59ms (cache miss)
738 silly packumentCache full:https://registry.npmjs.org/once set size:undefined disposed:false
739 silly fetch manifest encodeurl@^2.0.0
740 silly packumentCache full:https://registry.npmjs.org/encodeurl cache-miss
741 http fetch GET 200 https://registry.npmjs.org/send 56ms (cache miss)
742 silly packumentCache full:https://registry.npmjs.org/send set size:undefined disposed:false
743 silly fetch manifest mime-types@^3.0.0
744 silly packumentCache full:https://registry.npmjs.org/mime-types cache-miss
745 http fetch GET 200 https://registry.npmjs.org/etag 65ms (cache miss)
746 silly packumentCache full:https://registry.npmjs.org/etag set size:undefined disposed:false
747 silly fetch manifest proxy-addr@^2.0.7
748 silly packumentCache full:https://registry.npmjs.org/proxy-addr cache-miss
749 http cache https://registry.npmjs.org/statuses 3ms (cache hit)
750 silly packumentCache full:https://registry.npmjs.org/statuses set size:37117 disposed:false
751 silly fetch manifest body-parser@^2.2.1
752 silly packumentCache full:https://registry.npmjs.org/body-parser cache-miss
753 http fetch GET 200 https://registry.npmjs.org/fresh 50ms (cache miss)
754 silly packumentCache full:https://registry.npmjs.org/fresh set size:undefined disposed:false
755 silly fetch manifest escape-html@^1.0.3
756 silly packumentCache full:https://registry.npmjs.org/escape-html cache-miss
757 http fetch GET 200 https://registry.npmjs.org/accepts 47ms (cache miss)
758 silly packumentCache full:https://registry.npmjs.org/accepts set size:undefined disposed:false
759 silly fetch manifest http-errors@^2.0.0
760 silly packumentCache full:https://registry.npmjs.org/http-errors cache-miss
761 http fetch GET 200 https://registry.npmjs.org/router 49ms (cache miss)
762 silly packumentCache full:https://registry.npmjs.org/router set size:undefined disposed:false
763 silly fetch manifest on-finished@^2.4.1
764 silly packumentCache full:https://registry.npmjs.org/on-finished cache-miss
765 http fetch GET 200 https://registry.npmjs.org/type-is 48ms (cache miss)
766 silly packumentCache full:https://registry.npmjs.org/type-is set size:undefined disposed:false
767 silly fetch manifest finalhandler@^2.1.0
768 silly packumentCache full:https://registry.npmjs.org/finalhandler cache-miss
769 http fetch GET 200 https://registry.npmjs.org/proxy-addr 45ms (cache miss)
770 silly packumentCache full:https://registry.npmjs.org/proxy-addr set size:undefined disposed:false
771 silly fetch manifest range-parser@^1.2.1
772 silly packumentCache full:https://registry.npmjs.org/range-parser cache-miss
773 http fetch GET 200 https://registry.npmjs.org/body-parser 46ms (cache miss)
774 silly packumentCache full:https://registry.npmjs.org/body-parser set size:undefined disposed:false
775 silly fetch manifest serve-static@^2.2.0
776 silly packumentCache full:https://registry.npmjs.org/serve-static cache-miss
777 http fetch GET 200 https://registry.npmjs.org/mime-types 49ms (cache miss)
778 silly packumentCache full:https://registry.npmjs.org/mime-types set size:undefined disposed:false
779 silly fetch manifest cookie-signature@^1.2.1
780 silly packumentCache full:https://registry.npmjs.org/cookie-signature cache-miss
781 http fetch GET 200 https://registry.npmjs.org/encodeurl 51ms (cache miss)
782 silly packumentCache full:https://registry.npmjs.org/encodeurl set size:undefined disposed:false
783 silly fetch manifest merge-descriptors@^2.0.0
784 silly packumentCache full:https://registry.npmjs.org/merge-descriptors cache-miss
785 http fetch GET 200 https://registry.npmjs.org/on-finished 43ms (cache miss)
786 silly packumentCache full:https://registry.npmjs.org/on-finished set size:undefined disposed:false
787 silly fetch manifest content-disposition@^1.0.0
788 silly packumentCache full:https://registry.npmjs.org/content-disposition cache-miss
789 http fetch GET 200 https://registry.npmjs.org/http-errors 46ms (cache miss)
790 silly packumentCache full:https://registry.npmjs.org/http-errors set size:undefined disposed:false
791 silly fetch manifest bytes@~3.1.2
792 silly packumentCache full:https://registry.npmjs.org/bytes cache-miss
793 http fetch GET 200 https://registry.npmjs.org/escape-html 56ms (cache miss)
794 silly packumentCache full:https://registry.npmjs.org/escape-html set size:undefined disposed:false
795 silly fetch manifest unpipe@~1.0.0
796 silly packumentCache full:https://registry.npmjs.org/unpipe cache-miss
797 http fetch GET 200 https://registry.npmjs.org/range-parser 43ms (cache miss)
798 silly packumentCache full:https://registry.npmjs.org/range-parser set size:undefined disposed:false
799 silly fetch manifest http-errors@~2.0.1
800 silly packumentCache full:https://registry.npmjs.org/http-errors cache-miss
801 http cache https://registry.npmjs.org/http-errors 1ms (cache hit)
802 silly packumentCache full:https://registry.npmjs.org/http-errors set size:71987 disposed:false
803 http fetch GET 200 https://registry.npmjs.org/merge-descriptors 46ms (cache miss)
804 silly packumentCache full:https://registry.npmjs.org/merge-descriptors set size:undefined disposed:false
805 http fetch GET 200 https://registry.npmjs.org/cookie-signature 46ms (cache miss)
806 silly packumentCache full:https://registry.npmjs.org/cookie-signature set size:undefined disposed:false
807 http fetch GET 200 https://registry.npmjs.org/serve-static 51ms (cache miss)
808 silly packumentCache full:https://registry.npmjs.org/serve-static set size:undefined disposed:false
809 http fetch GET 200 https://registry.npmjs.org/finalhandler 62ms (cache miss)
810 silly packumentCache full:https://registry.npmjs.org/finalhandler set size:undefined disposed:false
811 http fetch GET 200 https://registry.npmjs.org/bytes 55ms (cache miss)
812 silly packumentCache full:https://registry.npmjs.org/bytes set size:undefined disposed:false
813 http fetch GET 200 https://registry.npmjs.org/unpipe 50ms (cache miss)
814 silly packumentCache full:https://registry.npmjs.org/unpipe set size:undefined disposed:false
815 http fetch GET 200 https://registry.npmjs.org/parseurl 303ms (cache miss)
816 silly packumentCache full:https://registry.npmjs.org/parseurl set size:undefined disposed:false
817 http fetch GET 200 https://registry.npmjs.org/content-disposition 331ms (cache miss)
818 silly packumentCache full:https://registry.npmjs.org/content-disposition set size:undefined disposed:false
819 silly placeDep node_modules/ajv-formats ajv@8.17.1 OK for: ajv-formats@3.0.1 want: ^8.0.0
820 silly placeDep ROOT vary@1.1.2 OK for: cors@2.8.5 want: ^1
821 silly placeDep ROOT env-paths@2.2.1 OK for: cosmiconfig@9.0.0 want: ^2.2.1
822 silly placeDep ROOT parse-json@5.2.0 OK for: cosmiconfig@9.0.0 want: ^5.2.0
823 silly fetch manifest error-ex@^1.3.1
824 silly packumentCache full:https://registry.npmjs.org/error-ex cache-miss
825 silly fetch manifest lines-and-columns@^1.1.6
826 silly packumentCache full:https://registry.npmjs.org/lines-and-columns cache-miss
827 silly fetch manifest json-parse-even-better-errors@^2.3.0
828 silly packumentCache full:https://registry.npmjs.org/json-parse-even-better-errors cache-miss
829 http fetch GET 200 https://registry.npmjs.org/error-ex 64ms (cache miss)
830 silly packumentCache full:https://registry.npmjs.org/error-ex set size:undefined disposed:false
831 http fetch GET 200 https://registry.npmjs.org/json-parse-even-better-errors 66ms (cache miss)
832 silly packumentCache full:https://registry.npmjs.org/json-parse-even-better-errors set size:undefined disposed:false
833 http fetch GET 200 https://registry.npmjs.org/lines-and-columns 68ms (cache miss)
834 silly packumentCache full:https://registry.npmjs.org/lines-and-columns set size:undefined disposed:false
835 silly placeDep ROOT @ecies/ciphers@0.2.5 OK for: eciesjs@0.4.16 want: ^0.2.4
836 silly placeDep ROOT @noble/ciphers@1.3.0 OK for: @ecies/ciphers@0.2.5 want: ^1.0.0
837 silly placeDep ROOT @noble/curves@1.9.7 OK for: eciesjs@0.4.16 want: ^1.9.7
838 silly placeDep ROOT @noble/hashes@1.8.0 OK for: eciesjs@0.4.16 want: ^1.8.0
839 silly fetch manifest @noble/hashes@1.8.0
840 silly packumentCache full:https://registry.npmjs.org/@noble%2fhashes cache-miss
841 http cache https://registry.npmjs.org/@noble%2fhashes 1ms (cache hit)
842 silly packumentCache full:https://registry.npmjs.org/@noble%2fhashes set size:214622 disposed:false
843 silly placeDep ROOT @sindresorhus/merge-streams@4.0.0 OK for: execa@9.6.1 want: ^4.0.0
844 silly placeDep ROOT figures@6.1.0 OK for: execa@9.6.1 want: ^6.1.0
845 silly placeDep ROOT get-stream@9.0.1 OK for: execa@9.6.1 want: ^9.0.0
846 silly placeDep ROOT human-signals@8.0.1 OK for: execa@9.6.1 want: ^8.0.1
847 silly placeDep ROOT is-plain-obj@4.1.0 OK for: execa@9.6.1 want: ^4.1.0
848 silly placeDep ROOT is-stream@4.0.1 OK for: execa@9.6.1 want: ^4.0.1
849 silly placeDep ROOT npm-run-path@6.0.0 OK for: execa@9.6.1 want: ^6.0.0
850 silly placeDep ROOT pretty-ms@9.3.0 OK for: execa@9.6.1 want: ^9.2.0
851 silly placeDep ROOT strip-final-newline@4.0.0 OK for: execa@9.6.1 want: ^4.0.0
852 silly placeDep ROOT yoctocolors@2.1.2 OK for: execa@9.6.1 want: ^2.1.1
853 silly fetch manifest @sec-ant/readable-stream@^0.4.1
854 silly packumentCache full:https://registry.npmjs.org/@sec-ant%2freadable-stream cache-miss
855 silly fetch manifest path-key@^4.0.0
856 silly packumentCache full:https://registry.npmjs.org/path-key cache-miss
857 silly fetch manifest unicorn-magic@^0.3.0
858 silly packumentCache full:https://registry.npmjs.org/unicorn-magic cache-miss
859 silly fetch manifest parse-ms@^4.0.0
860 silly packumentCache full:https://registry.npmjs.org/parse-ms cache-miss
861 http cache https://registry.npmjs.org/path-key 4ms (cache hit)
862 silly packumentCache full:https://registry.npmjs.org/path-key set size:16975 disposed:false
863 http fetch GET 200 https://registry.npmjs.org/unicorn-magic 48ms (cache miss)
864 silly packumentCache full:https://registry.npmjs.org/unicorn-magic set size:undefined disposed:false
865 http fetch GET 200 https://registry.npmjs.org/parse-ms 52ms (cache miss)
866 silly packumentCache full:https://registry.npmjs.org/parse-ms set size:undefined disposed:false
867 http fetch GET 200 https://registry.npmjs.org/@sec-ant%2freadable-stream 77ms (cache miss)
868 silly packumentCache full:https://registry.npmjs.org/@sec-ant%2freadable-stream set size:undefined disposed:false
869 silly placeDep ROOT accepts@2.0.0 OK for: express@5.2.1 want: ^2.0.0
870 silly placeDep ROOT body-parser@2.2.2 OK for: express@5.2.1 want: ^2.2.1
871 silly placeDep ROOT content-disposition@1.0.1 OK for: express@5.2.1 want: ^1.0.0
872 silly placeDep node_modules/express cookie@0.7.2 OK for: express@5.2.1 want: ^0.7.1
873 silly placeDep ROOT cookie-signature@1.2.2 OK for: express@5.2.1 want: ^1.2.1
874 silly placeDep ROOT depd@2.0.0 OK for: express@5.2.1 want: ^2.0.0
875 silly placeDep ROOT encodeurl@2.0.0 OK for: express@5.2.1 want: ^2.0.0
876 silly placeDep ROOT escape-html@1.0.3 OK for: express@5.2.1 want: ^1.0.3
877 silly placeDep ROOT etag@1.8.1 OK for: express@5.2.1 want: ^1.8.1
878 silly placeDep ROOT finalhandler@2.1.1 OK for: express@5.2.1 want: ^2.1.0
879 silly placeDep ROOT fresh@2.0.0 OK for: express@5.2.1 want: ^2.0.0
880 silly placeDep ROOT http-errors@2.0.1 OK for: express@5.2.1 want: ^2.0.0
881 silly placeDep ROOT merge-descriptors@2.0.0 OK for: express@5.2.1 want: ^2.0.0
882 silly placeDep ROOT mime-types@3.0.2 OK for: express@5.2.1 want: ^3.0.0
883 silly placeDep ROOT on-finished@2.4.1 OK for: express@5.2.1 want: ^2.4.1
884 silly placeDep ROOT once@1.4.0 OK for: express@5.2.1 want: ^1.4.0
885 silly placeDep ROOT parseurl@1.3.3 OK for: express@5.2.1 want: ^1.3.3
886 silly placeDep ROOT proxy-addr@2.0.7 OK for: express@5.2.1 want: ^2.0.7
887 silly placeDep ROOT qs@6.14.1 OK for: express@5.2.1 want: ^6.14.0
888 silly placeDep ROOT range-parser@1.2.1 OK for: express@5.2.1 want: ^1.2.1
889 silly placeDep ROOT router@2.2.0 OK for: express@5.2.1 want: ^2.2.0
890 silly placeDep ROOT send@1.2.1 OK for: express@5.2.1 want: ^1.1.0
891 silly placeDep ROOT serve-static@2.2.1 OK for: express@5.2.1 want: ^2.2.0
892 silly placeDep ROOT statuses@2.0.2 OK for: express@5.2.1 want: ^2.0.1
893 silly placeDep ROOT type-is@2.0.1 OK for: express@5.2.1 want: ^2.0.1
894 silly fetch manifest negotiator@^1.0.0
895 silly packumentCache full:https://registry.npmjs.org/negotiator cache-miss
896 silly fetch manifest bytes@^3.1.2
897 silly packumentCache full:https://registry.npmjs.org/bytes cache-miss
898 silly fetch manifest qs@^6.14.1
899 silly packumentCache full:https://registry.npmjs.org/qs cache-miss
900 silly fetch manifest inherits@~2.0.4
901 silly packumentCache full:https://registry.npmjs.org/inherits cache-miss
902 silly fetch manifest setprototypeof@~1.2.0
903 silly packumentCache full:https://registry.npmjs.org/setprototypeof cache-miss
904 silly fetch manifest statuses@~2.0.2
905 silly packumentCache full:https://registry.npmjs.org/statuses cache-hit
906 silly fetch manifest toidentifier@~1.0.1
907 silly packumentCache full:https://registry.npmjs.org/toidentifier cache-miss
908 silly fetch manifest mime-db@^1.54.0
909 silly packumentCache full:https://registry.npmjs.org/mime-db cache-miss
910 silly fetch manifest ee-first@1.1.1
911 silly packumentCache full:https://registry.npmjs.org/ee-first cache-miss
912 silly fetch manifest wrappy@1
913 silly packumentCache full:https://registry.npmjs.org/wrappy cache-miss
914 http cache https://registry.npmjs.org/bytes 3ms (cache hit)
915 silly packumentCache full:https://registry.npmjs.org/bytes set size:37018 disposed:false
916 silly fetch manifest forwarded@0.2.0
917 silly packumentCache full:https://registry.npmjs.org/forwarded cache-miss
918 http cache https://registry.npmjs.org/qs 4ms (cache hit)
919 silly packumentCache full:https://registry.npmjs.org/qs set size:268000 disposed:false
920 silly fetch manifest ipaddr.js@1.9.1
921 silly packumentCache full:https://registry.npmjs.org/ipaddr.js cache-miss
922 http fetch GET 200 https://registry.npmjs.org/inherits 46ms (cache miss)
923 silly packumentCache full:https://registry.npmjs.org/inherits set size:undefined disposed:false
924 silly fetch manifest is-promise@^4.0.0
925 silly packumentCache full:https://registry.npmjs.org/is-promise cache-miss
926 http fetch GET 200 https://registry.npmjs.org/mime-db 46ms (cache miss)
927 silly packumentCache full:https://registry.npmjs.org/mime-db set size:undefined disposed:false
928 silly fetch manifest path-to-regexp@^8.0.0
929 silly packumentCache full:https://registry.npmjs.org/path-to-regexp cache-miss
930 http fetch GET 200 https://registry.npmjs.org/negotiator 48ms (cache miss)
931 silly packumentCache full:https://registry.npmjs.org/negotiator set size:undefined disposed:false
932 silly fetch manifest media-typer@^1.1.0
933 silly packumentCache full:https://registry.npmjs.org/media-typer cache-miss
934 http fetch GET 200 https://registry.npmjs.org/forwarded 50ms (cache miss)
935 silly packumentCache full:https://registry.npmjs.org/forwarded set size:undefined disposed:false
936 http cache https://registry.npmjs.org/path-to-regexp 6ms (cache hit)
937 silly packumentCache full:https://registry.npmjs.org/path-to-regexp set size:207142 disposed:false
938 http fetch GET 200 https://registry.npmjs.org/ipaddr.js 53ms (cache miss)
939 silly packumentCache full:https://registry.npmjs.org/ipaddr.js set size:undefined disposed:false
940 http fetch GET 200 https://registry.npmjs.org/toidentifier 59ms (cache miss)
941 silly packumentCache full:https://registry.npmjs.org/toidentifier set size:undefined disposed:false
942 http fetch GET 200 https://registry.npmjs.org/wrappy 69ms (cache miss)
943 silly packumentCache full:https://registry.npmjs.org/wrappy set size:undefined disposed:false
944 http fetch GET 200 https://registry.npmjs.org/ee-first 69ms (cache miss)
945 silly packumentCache full:https://registry.npmjs.org/ee-first set size:undefined disposed:false
946 http fetch GET 200 https://registry.npmjs.org/is-promise 47ms (cache miss)
947 silly packumentCache full:https://registry.npmjs.org/is-promise set size:undefined disposed:false
948 http fetch GET 200 https://registry.npmjs.org/media-typer 55ms (cache miss)
949 silly packumentCache full:https://registry.npmjs.org/media-typer set size:undefined disposed:false
950 http fetch GET 200 https://registry.npmjs.org/setprototypeof 338ms (cache miss)
951 silly packumentCache full:https://registry.npmjs.org/setprototypeof set size:undefined disposed:false
952 silly placeDep ROOT negotiator@1.0.0 OK for: accepts@2.0.0 want: ^1.0.0
953 silly placeDep ROOT bytes@3.1.2 OK for: body-parser@2.2.2 want: ^3.1.2
954 silly placeDep ROOT is-unicode-supported@2.1.0 OK for: figures@6.1.0 want: ^2.0.0
955 silly placeDep ROOT jsonfile@6.2.0 OK for: fs-extra@11.3.3 want: ^6.0.1
956 silly placeDep ROOT universalify@2.0.1 OK for: fs-extra@11.3.3 want: ^2.0.0
957 silly placeDep ROOT @sec-ant/readable-stream@0.4.1 OK for: get-stream@9.0.1 want: ^0.4.1
958 silly placeDep ROOT inherits@2.0.4 OK for: http-errors@2.0.1 want: ~2.0.4
959 silly placeDep ROOT setprototypeof@1.2.0 OK for: http-errors@2.0.1 want: ~1.2.0
960 silly placeDep ROOT toidentifier@1.0.1 OK for: http-errors@2.0.1 want: ~1.0.1
961 silly placeDep ROOT agent-base@7.1.4 OK for: https-proxy-agent@7.0.6 want: ^7.1.2
962 silly placeDep ROOT mime-db@1.54.0 OK for: mime-types@3.0.2 want: ^1.54.0
963 silly fetch manifest @types/node@>=18
964 silly packumentCache full:https://registry.npmjs.org/@types%2fnode cache-miss
965 http cache https://registry.npmjs.org/@types%2fnode 16ms (cache hit)
966 silly packumentCache full:https://registry.npmjs.org/@types%2fnode set size:10733106 disposed:false
967 silly placeDep ROOT @inquirer/confirm@5.1.21 OK for: msw@2.12.7 want: ^5.0.0
968 silly placeDep ROOT @mswjs/interceptors@0.40.0 OK for: msw@2.12.7 want: ^0.40.0
969 silly placeDep ROOT @open-draft/deferred-promise@2.2.0 OK for: msw@2.12.7 want: ^2.2.0
970 silly placeDep ROOT @types/statuses@2.0.6 OK for: msw@2.12.7 want: ^2.0.6
971 silly placeDep ROOT graphql@16.12.0 OK for: msw@2.12.7 want: ^16.12.0
972 silly placeDep ROOT headers-polyfill@4.0.3 OK for: msw@2.12.7 want: ^4.0.2
973 silly placeDep ROOT is-node-process@1.2.0 OK for: msw@2.12.7 want: ^1.2.0
974 silly placeDep ROOT outvariant@1.4.3 OK for: msw@2.12.7 want: ^1.4.3
975 silly placeDep ROOT path-to-regexp@6.3.0 OK for: msw@2.12.7 want: ^6.3.0
976 silly placeDep ROOT rettime@0.7.0 OK for: msw@2.12.7 want: ^0.7.0
977 silly placeDep ROOT strict-event-emitter@0.5.1 OK for: msw@2.12.7 want: ^0.5.1
978 silly placeDep ROOT tough-cookie@6.0.0 OK for: msw@2.12.7 want: ^6.0.0
979 silly placeDep node_modules/msw type-fest@5.3.1 OK for: msw@2.12.7 want: ^5.2.0
980 silly placeDep ROOT until-async@3.0.2 OK for: msw@2.12.7 want: ^3.0.2
981 silly placeDep ROOT yargs@17.7.2 OK for: msw@2.12.7 want: ^17.7.2
982 silly fetch manifest @inquirer/core@^10.3.2
983 silly packumentCache full:https://registry.npmjs.org/@inquirer%2fcore cache-miss
984 silly fetch manifest @inquirer/type@^3.0.10
985 silly packumentCache full:https://registry.npmjs.org/@inquirer%2ftype cache-miss
986 silly fetch manifest @open-draft/logger@^0.3.0
987 silly packumentCache full:https://registry.npmjs.org/@open-draft%2flogger cache-miss
988 silly fetch manifest @open-draft/until@^2.0.0
989 silly packumentCache full:https://registry.npmjs.org/@open-draft%2funtil cache-miss
990 silly fetch manifest tldts@^7.0.5
991 silly packumentCache full:https://registry.npmjs.org/tldts cache-miss
992 silly fetch manifest tagged-tag@^1.0.0
993 silly packumentCache full:https://registry.npmjs.org/tagged-tag cache-miss
994 silly fetch manifest y18n@^5.0.5
995 silly packumentCache full:https://registry.npmjs.org/y18n cache-miss
996 silly fetch manifest cliui@^8.0.1
997 silly packumentCache full:https://registry.npmjs.org/cliui cache-miss
998 silly fetch manifest string-width@^4.2.3
999 silly packumentCache full:https://registry.npmjs.org/string-width cache-miss
1000 http cache https://registry.npmjs.org/string-width 5ms (cache hit)
1001 silly packumentCache full:https://registry.npmjs.org/string-width set size:64158 disposed:false
1002 silly fetch manifest yargs-parser@^21.1.1
1003 silly packumentCache full:https://registry.npmjs.org/yargs-parser cache-miss
1004 http fetch GET 200 https://registry.npmjs.org/cliui 45ms (cache miss)
1005 silly packumentCache full:https://registry.npmjs.org/cliui set size:undefined disposed:false
1006 silly fetch manifest get-caller-file@^2.0.5
1007 silly packumentCache full:https://registry.npmjs.org/get-caller-file cache-miss
1008 http fetch GET 200 https://registry.npmjs.org/tagged-tag 47ms (cache miss)
1009 silly packumentCache full:https://registry.npmjs.org/tagged-tag set size:undefined disposed:false
1010 silly fetch manifest require-directory@^2.1.1
1011 silly packumentCache full:https://registry.npmjs.org/require-directory cache-miss
1012 http fetch GET 200 https://registry.npmjs.org/y18n 47ms (cache miss)
1013 silly packumentCache full:https://registry.npmjs.org/y18n set size:undefined disposed:false
1014 http fetch GET 200 https://registry.npmjs.org/@inquirer%2ftype 68ms (cache miss)
1015 silly packumentCache full:https://registry.npmjs.org/@inquirer%2ftype set size:undefined disposed:false
1016 http fetch GET 200 https://registry.npmjs.org/yargs-parser 63ms (cache miss)
1017 silly packumentCache full:https://registry.npmjs.org/yargs-parser set size:undefined disposed:false
1018 http fetch GET 200 https://registry.npmjs.org/@inquirer%2fcore 72ms (cache miss)
1019 silly packumentCache full:https://registry.npmjs.org/@inquirer%2fcore set size:undefined disposed:false
1020 http fetch GET 200 https://registry.npmjs.org/get-caller-file 40ms (cache miss)
1021 silly packumentCache full:https://registry.npmjs.org/get-caller-file set size:undefined disposed:false
1022 http fetch GET 200 https://registry.npmjs.org/require-directory 44ms (cache miss)
1023 silly packumentCache full:https://registry.npmjs.org/require-directory set size:undefined disposed:false
1024 http fetch GET 200 https://registry.npmjs.org/tldts 402ms (cache miss)
1025 silly packumentCache full:https://registry.npmjs.org/tldts set size:undefined disposed:false
1026 http fetch GET 200 https://registry.npmjs.org/@open-draft%2flogger 814ms (cache miss)
1027 silly packumentCache full:https://registry.npmjs.org/@open-draft%2flogger set size:undefined disposed:false
1028 http fetch GET 200 https://registry.npmjs.org/@open-draft%2funtil 1117ms (cache miss)
1029 silly packumentCache full:https://registry.npmjs.org/@open-draft%2funtil set size:undefined disposed:false
1030 silly placeDep ROOT @inquirer/core@10.3.2 OK for: @inquirer/confirm@5.1.21 want: ^10.3.2
1031 silly placeDep ROOT @inquirer/type@3.0.10 OK for: @inquirer/confirm@5.1.21 want: ^3.0.10
1032 silly fetch manifest cli-width@^4.1.0
1033 silly packumentCache full:https://registry.npmjs.org/cli-width cache-miss
1034 silly fetch manifest wrap-ansi@^6.2.0
1035 silly packumentCache full:https://registry.npmjs.org/wrap-ansi cache-miss
1036 silly fetch manifest mute-stream@^2.0.0
1037 silly packumentCache full:https://registry.npmjs.org/mute-stream cache-miss
1038 silly fetch manifest @inquirer/ansi@^1.0.2
1039 silly packumentCache full:https://registry.npmjs.org/@inquirer%2fansi cache-miss
1040 silly fetch manifest yoctocolors-cjs@^2.1.3
1041 silly packumentCache full:https://registry.npmjs.org/yoctocolors-cjs cache-miss
1042 silly fetch manifest @inquirer/figures@^1.0.15
1043 silly packumentCache full:https://registry.npmjs.org/@inquirer%2ffigures cache-miss
1044 http fetch GET 200 https://registry.npmjs.org/cli-width 46ms (cache miss)
1045 silly packumentCache full:https://registry.npmjs.org/cli-width set size:undefined disposed:false
1046 http fetch GET 200 https://registry.npmjs.org/yoctocolors-cjs 49ms (cache miss)
1047 silly packumentCache full:https://registry.npmjs.org/yoctocolors-cjs set size:undefined disposed:false
1048 http fetch GET 200 https://registry.npmjs.org/mute-stream 50ms (cache miss)
1049 silly packumentCache full:https://registry.npmjs.org/mute-stream set size:undefined disposed:false
1050 http fetch GET 200 https://registry.npmjs.org/wrap-ansi 51ms (cache miss)
1051 silly packumentCache full:https://registry.npmjs.org/wrap-ansi set size:undefined disposed:false
1052 http fetch GET 200 https://registry.npmjs.org/@inquirer%2fansi 82ms (cache miss)
1053 silly packumentCache full:https://registry.npmjs.org/@inquirer%2fansi set size:undefined disposed:false
1054 http fetch GET 200 https://registry.npmjs.org/@inquirer%2ffigures 330ms (cache miss)
1055 silly packumentCache full:https://registry.npmjs.org/@inquirer%2ffigures set size:undefined disposed:false
1056 silly placeDep ROOT @inquirer/ansi@1.0.2 OK for: @inquirer/core@10.3.2 want: ^1.0.2
1057 silly placeDep ROOT @inquirer/figures@1.0.15 OK for: @inquirer/core@10.3.2 want: ^1.0.15
1058 silly placeDep ROOT cli-width@4.1.0 OK for: @inquirer/core@10.3.2 want: ^4.1.0
1059 silly placeDep ROOT mute-stream@2.0.0 OK for: @inquirer/core@10.3.2 want: ^2.0.0
1060 silly placeDep ROOT wrap-ansi@6.2.0 OK for: @inquirer/core@10.3.2 want: ^6.2.0
1061 silly placeDep ROOT yoctocolors-cjs@2.1.3 OK for: @inquirer/core@10.3.2 want: ^2.1.3
1062 silly fetch manifest strip-ansi@^6.0.0
1063 silly packumentCache full:https://registry.npmjs.org/strip-ansi cache-miss
1064 silly fetch manifest string-width@^4.1.0
1065 silly packumentCache full:https://registry.npmjs.org/string-width cache-hit
1066 http cache https://registry.npmjs.org/strip-ansi 2ms (cache hit)
1067 silly packumentCache full:https://registry.npmjs.org/strip-ansi set size:41855 disposed:false
1068 silly placeDep ROOT @open-draft/logger@0.3.0 OK for: @mswjs/interceptors@0.40.0 want: ^0.3.0
1069 silly placeDep ROOT @open-draft/until@2.1.0 OK for: @mswjs/interceptors@0.40.0 want: ^2.0.0
1070 silly placeDep ROOT data-uri-to-buffer@4.0.1 OK for: node-fetch@3.3.2 want: ^4.0.0
1071 silly placeDep ROOT fetch-blob@3.2.0 OK for: node-fetch@3.3.2 want: ^3.1.4
1072 silly placeDep ROOT formdata-polyfill@4.0.10 OK for: node-fetch@3.3.2 want: ^4.0.10
1073 silly fetch manifest node-domexception@^1.0.0
1074 silly packumentCache full:https://registry.npmjs.org/node-domexception cache-miss
1075 silly fetch manifest web-streams-polyfill@^3.0.3
1076 silly packumentCache full:https://registry.npmjs.org/web-streams-polyfill cache-miss
1077 http fetch GET 200 https://registry.npmjs.org/node-domexception 47ms (cache miss)
1078 silly packumentCache full:https://registry.npmjs.org/node-domexception set size:undefined disposed:false
1079 http fetch GET 200 https://registry.npmjs.org/web-streams-polyfill 74ms (cache miss)
1080 silly packumentCache full:https://registry.npmjs.org/web-streams-polyfill set size:undefined disposed:false
1081 silly placeDep ROOT node-domexception@1.0.0 OK for: fetch-blob@3.2.0 want: ^1.0.0
1082 silly placeDep ROOT web-streams-polyfill@3.3.3 OK for: fetch-blob@3.2.0 want: ^3.0.3
1083 silly placeDep node_modules/npm-run-path path-key@4.0.0 OK for: npm-run-path@6.0.0 want: ^4.0.0
1084 silly placeDep ROOT unicorn-magic@0.3.0 OK for: npm-run-path@6.0.0 want: ^0.3.0
1085 silly placeDep ROOT ee-first@1.1.1 OK for: on-finished@2.4.1 want: 1.1.1
1086 silly placeDep ROOT wrappy@1.0.2 OK for: once@1.4.0 want: 1
1087 silly placeDep ROOT default-browser@5.4.0 OK for: open@11.0.0 want: ^5.4.0
1088 silly placeDep ROOT define-lazy-prop@3.0.0 OK for: open@11.0.0 want: ^3.0.0
1089 silly placeDep ROOT is-in-ssh@1.0.0 OK for: open@11.0.0 want: ^1.0.0
1090 silly placeDep ROOT is-inside-container@1.0.0 OK for: open@11.0.0 want: ^1.0.0
1091 silly placeDep ROOT powershell-utils@0.1.0 OK for: open@11.0.0 want: ^0.1.0
1092 silly placeDep ROOT wsl-utils@0.3.1 OK for: open@11.0.0 want: ^0.3.0
1093 silly fetch manifest bundle-name@^4.1.0
1094 silly packumentCache full:https://registry.npmjs.org/bundle-name cache-miss
1095 silly fetch manifest default-browser-id@^5.0.0
1096 silly packumentCache full:https://registry.npmjs.org/default-browser-id cache-miss
1097 silly fetch manifest is-docker@^3.0.0
1098 silly packumentCache full:https://registry.npmjs.org/is-docker cache-miss
1099 silly fetch manifest is-wsl@^3.1.0
1100 silly packumentCache full:https://registry.npmjs.org/is-wsl cache-miss
1101 http fetch GET 200 https://registry.npmjs.org/is-docker 43ms (cache miss)
1102 silly packumentCache full:https://registry.npmjs.org/is-docker set size:undefined disposed:false
1103 http fetch GET 200 https://registry.npmjs.org/default-browser-id 46ms (cache miss)
1104 silly packumentCache full:https://registry.npmjs.org/default-browser-id set size:undefined disposed:false
1105 http fetch GET 200 https://registry.npmjs.org/is-wsl 50ms (cache miss)
1106 silly packumentCache full:https://registry.npmjs.org/is-wsl set size:undefined disposed:false
1107 http fetch GET 200 https://registry.npmjs.org/bundle-name 66ms (cache miss)
1108 silly packumentCache full:https://registry.npmjs.org/bundle-name set size:undefined disposed:false
1109 silly placeDep ROOT bundle-name@4.1.0 OK for: default-browser@5.4.0 want: ^4.1.0
1110 silly placeDep ROOT default-browser-id@5.0.1 OK for: default-browser@5.4.0 want: ^5.0.0
1111 silly fetch manifest run-applescript@^7.0.0
1112 silly packumentCache full:https://registry.npmjs.org/run-applescript cache-miss
1113 http fetch GET 200 https://registry.npmjs.org/run-applescript 46ms (cache miss)
1114 silly packumentCache full:https://registry.npmjs.org/run-applescript set size:undefined disposed:false
1115 silly placeDep ROOT run-applescript@7.1.0 OK for: bundle-name@4.1.0 want: ^7.0.0
1116 silly placeDep ROOT is-docker@3.0.0 OK for: is-inside-container@1.0.0 want: ^3.0.0
1117 silly placeDep node_modules/ora chalk@5.6.2 OK for: ora@8.2.0 want: ^5.3.0
1118 silly placeDep ROOT cli-cursor@5.0.0 OK for: ora@8.2.0 want: ^5.0.0
1119 silly placeDep ROOT cli-spinners@2.9.2 OK for: ora@8.2.0 want: ^2.9.2
1120 silly placeDep ROOT is-interactive@2.0.0 OK for: ora@8.2.0 want: ^2.0.0
1121 silly placeDep ROOT log-symbols@6.0.0 OK for: ora@8.2.0 want: ^6.0.0
1122 silly placeDep ROOT stdin-discarder@0.2.2 OK for: ora@8.2.0 want: ^0.2.2
1123 silly placeDep ROOT string-width@7.2.0 OK for: ora@8.2.0 want: ^7.2.0
1124 silly placeDep ROOT strip-ansi@7.1.2 OK for: ora@8.2.0 want: ^7.1.0
1125 silly fetch manifest restore-cursor@^5.0.0
1126 silly packumentCache full:https://registry.npmjs.org/restore-cursor cache-miss
1127 silly fetch manifest is-unicode-supported@^1.3.0
1128 silly packumentCache full:https://registry.npmjs.org/is-unicode-supported cache-miss
1129 silly fetch manifest emoji-regex@^10.3.0
1130 silly packumentCache full:https://registry.npmjs.org/emoji-regex cache-miss
1131 silly fetch manifest get-east-asian-width@^1.0.0
1132 silly packumentCache full:https://registry.npmjs.org/get-east-asian-width cache-miss
1133 silly fetch manifest ansi-regex@^6.0.1
1134 silly packumentCache full:https://registry.npmjs.org/ansi-regex cache-miss
1135 http cache https://registry.npmjs.org/is-unicode-supported 2ms (cache hit)
1136 silly packumentCache full:https://registry.npmjs.org/is-unicode-supported set size:19461 disposed:false
1137 http cache https://registry.npmjs.org/emoji-regex 2ms (cache hit)
1138 silly packumentCache full:https://registry.npmjs.org/emoji-regex set size:89088 disposed:false
1139 http fetch GET 200 https://registry.npmjs.org/ansi-regex 46ms (cache miss)
1140 silly packumentCache full:https://registry.npmjs.org/ansi-regex set size:undefined disposed:false
1141 http fetch GET 200 https://registry.npmjs.org/get-east-asian-width 58ms (cache miss)
1142 silly packumentCache full:https://registry.npmjs.org/get-east-asian-width set size:undefined disposed:false
1143 http fetch GET 200 https://registry.npmjs.org/restore-cursor 62ms (cache miss)
1144 silly packumentCache full:https://registry.npmjs.org/restore-cursor set size:undefined disposed:false
1145 silly placeDep ROOT restore-cursor@5.1.0 OK for: cli-cursor@5.0.0 want: ^5.0.0
1146 silly fetch manifest onetime@^7.0.0
1147 silly packumentCache full:https://registry.npmjs.org/onetime cache-miss
1148 http cache https://registry.npmjs.org/onetime 1ms (cache hit)
1149 silly packumentCache full:https://registry.npmjs.org/onetime set size:30525 disposed:false
1150 silly placeDep node_modules/log-symbols chalk@5.6.2 OK for: log-symbols@6.0.0 want: ^5.3.0
1151 silly placeDep node_modules/log-symbols is-unicode-supported@1.3.0 OK for: log-symbols@6.0.0 want: ^1.3.0
1152 silly placeDep ROOT error-ex@1.3.4 OK for: parse-json@5.2.0 want: ^1.3.1
1153 silly placeDep ROOT json-parse-even-better-errors@2.3.1 OK for: parse-json@5.2.0 want: ^2.3.0
1154 silly placeDep ROOT lines-and-columns@1.2.4 OK for: parse-json@5.2.0 want: ^1.1.6
1155 silly fetch manifest is-arrayish@^0.2.1
1156 silly packumentCache full:https://registry.npmjs.org/is-arrayish cache-miss
1157 http fetch GET 200 https://registry.npmjs.org/is-arrayish 48ms (cache miss)
1158 silly packumentCache full:https://registry.npmjs.org/is-arrayish set size:undefined disposed:false
1159 silly placeDep ROOT is-arrayish@0.2.1 OK for: error-ex@1.3.4 want: ^0.2.1
1160 silly placeDep ROOT cssesc@3.0.0 OK for: postcss-selector-parser@7.1.1 want: ^3.0.0
1161 silly placeDep ROOT util-deprecate@1.0.2 OK for: postcss-selector-parser@7.1.1 want: ^1.0.2
1162 silly placeDep ROOT parse-ms@4.0.0 OK for: pretty-ms@9.3.0 want: ^4.0.0
1163 silly placeDep node_modules/prompts kleur@3.0.3 OK for: prompts@2.4.2 want: ^3.0.3
1164 silly placeDep ROOT sisteransi@1.0.5 OK for: prompts@2.4.2 want: ^1.0.5
1165 silly placeDep ROOT forwarded@0.2.0 OK for: proxy-addr@2.0.7 want: 0.2.0
1166 silly placeDep ROOT ipaddr.js@1.9.1 OK for: proxy-addr@2.0.7 want: 1.9.1
1167 silly placeDep ROOT unpipe@1.0.0 OK for: raw-body@3.0.2 want: ~1.0.0
1168 silly placeDep ROOT ast-types@0.16.1 OK for: recast@0.23.11 want: ^0.16.1
1169 silly placeDep ROOT esprima@4.0.1 OK for: recast@0.23.11 want: ~4.0.0
1170 silly placeDep ROOT source-map@0.6.1 OK for: recast@0.23.11 want: ~0.6.1
1171 silly placeDep ROOT tiny-invariant@1.3.3 OK for: recast@0.23.11 want: ^1.3.3
1172 silly placeDep ROOT onetime@7.0.0 OK for: restore-cursor@5.1.0 want: ^7.0.0
1173 silly fetch manifest mimic-function@^5.0.0
1174 silly packumentCache full:https://registry.npmjs.org/mimic-function cache-miss
1175 http fetch GET 200 https://registry.npmjs.org/mimic-function 43ms (cache miss)
1176 silly packumentCache full:https://registry.npmjs.org/mimic-function set size:undefined disposed:false
1177 silly placeDep ROOT mimic-function@5.0.1 OK for: onetime@7.0.0 want: ^5.0.0
1178 silly placeDep ROOT is-promise@4.0.0 OK for: router@2.2.0 want: ^4.0.0
1179 silly placeDep node_modules/router path-to-regexp@8.3.0 OK for: router@2.2.0 want: ^8.0.0
1180 silly placeDep node_modules/string-width emoji-regex@10.6.0 OK for: string-width@7.2.0 want: ^10.3.0
1181 silly placeDep ROOT get-east-asian-width@1.4.0 OK for: string-width@7.2.0 want: ^1.0.0
1182 silly placeDep ROOT get-own-enumerable-keys@1.0.0 OK for: stringify-object@5.0.0 want: ^1.0.0
1183 silly placeDep ROOT is-obj@3.0.0 OK for: stringify-object@5.0.0 want: ^3.0.0
1184 silly placeDep ROOT is-regexp@3.1.0 OK for: stringify-object@5.0.0 want: ^3.1.0
1185 silly placeDep ROOT ansi-regex@6.2.2 OK for: strip-ansi@7.1.2 want: ^6.0.1
1186 silly placeDep ROOT tldts@7.0.19 OK for: tough-cookie@6.0.0 want: ^7.0.5
1187 silly fetch manifest tldts-core@^7.0.19
1188 silly packumentCache full:https://registry.npmjs.org/tldts-core cache-miss
1189 http fetch GET 200 https://registry.npmjs.org/tldts-core 102ms (cache miss)
1190 silly packumentCache full:https://registry.npmjs.org/tldts-core set size:undefined disposed:false
1191 silly placeDep ROOT tldts-core@7.0.19 OK for: tldts@7.0.19 want: ^7.0.19
1192 silly placeDep ROOT @ts-morph/common@0.27.0 OK for: ts-morph@26.0.0 want: ~0.27.0
1193 silly placeDep ROOT code-block-writer@13.0.3 OK for: ts-morph@26.0.0 want: ^13.0.3
1194 silly fetch manifest minimatch@^10.0.1
1195 silly packumentCache full:https://registry.npmjs.org/minimatch cache-miss
1196 silly fetch manifest path-browserify@^1.0.1
1197 silly packumentCache full:https://registry.npmjs.org/path-browserify cache-miss
1198 http cache https://registry.npmjs.org/minimatch 3ms (cache hit)
1199 silly packumentCache full:https://registry.npmjs.org/minimatch set size:303959 disposed:false
1200 http fetch GET 200 https://registry.npmjs.org/path-browserify 52ms (cache miss)
1201 silly packumentCache full:https://registry.npmjs.org/path-browserify set size:undefined disposed:false
1202 silly placeDep node_modules/@ts-morph/common fast-glob@3.3.3 OK for: @ts-morph/common@0.27.0 want: ^3.3.3
1203 silly placeDep node_modules/@ts-morph/common minimatch@10.1.1 OK for: @ts-morph/common@0.27.0 want: ^10.0.1
1204 silly placeDep ROOT path-browserify@1.0.1 OK for: @ts-morph/common@0.27.0 want: ^1.0.1
1205 silly fetch manifest @isaacs/brace-expansion@^5.0.0
1206 silly packumentCache full:https://registry.npmjs.org/@isaacs%2fbrace-expansion cache-miss
1207 http fetch GET 200 https://registry.npmjs.org/@isaacs%2fbrace-expansion 60ms (cache miss)
1208 silly packumentCache full:https://registry.npmjs.org/@isaacs%2fbrace-expansion set size:undefined disposed:false
1209 silly placeDep ROOT media-typer@1.1.0 OK for: type-is@2.0.1 want: ^1.1.0
1210 silly placeDep node_modules/wrap-ansi string-width@4.2.3 OK for: wrap-ansi@6.2.0 want: ^4.1.0
1211 silly placeDep node_modules/wrap-ansi strip-ansi@6.0.1 OK for: wrap-ansi@6.2.0 want: ^6.0.0
1212 silly fetch manifest strip-ansi@^6.0.1
1213 silly packumentCache full:https://registry.npmjs.org/strip-ansi cache-hit
1214 silly fetch manifest emoji-regex@^8.0.0
1215 silly packumentCache full:https://registry.npmjs.org/emoji-regex cache-hit
1216 silly fetch manifest is-fullwidth-code-point@^3.0.0
1217 silly packumentCache full:https://registry.npmjs.org/is-fullwidth-code-point cache-miss
1218 silly fetch manifest ansi-regex@^5.0.1
1219 silly packumentCache full:https://registry.npmjs.org/ansi-regex cache-miss
1220 http cache https://registry.npmjs.org/ansi-regex 1ms (cache hit)
1221 silly packumentCache full:https://registry.npmjs.org/ansi-regex set size:43572 disposed:false
1222 http fetch GET 200 https://registry.npmjs.org/is-fullwidth-code-point 54ms (cache miss)
1223 silly packumentCache full:https://registry.npmjs.org/is-fullwidth-code-point set size:undefined disposed:false
1224 silly placeDep ROOT is-wsl@3.1.0 OK for: wsl-utils@0.3.1 want: ^3.1.0
1225 silly placeDep ROOT cliui@8.0.1 OK for: yargs@17.7.2 want: ^8.0.1
1226 silly placeDep ROOT get-caller-file@2.0.5 OK for: yargs@17.7.2 want: ^2.0.5
1227 silly placeDep ROOT require-directory@2.1.1 OK for: yargs@17.7.2 want: ^2.1.1
1228 silly placeDep node_modules/yargs string-width@4.2.3 OK for: yargs@17.7.2 want: ^4.2.3
1229 silly placeDep ROOT y18n@5.0.8 OK for: yargs@17.7.2 want: ^5.0.5
1230 silly placeDep ROOT yargs-parser@21.1.1 OK for: yargs@17.7.2 want: ^21.1.1
1231 silly fetch manifest wrap-ansi@^7.0.0
1232 silly packumentCache full:https://registry.npmjs.org/wrap-ansi cache-miss
1233 silly fetch manifest string-width@^4.2.0
1234 silly packumentCache full:https://registry.npmjs.org/string-width cache-hit
1235 http cache https://registry.npmjs.org/wrap-ansi 2ms (cache hit)
1236 silly packumentCache full:https://registry.npmjs.org/wrap-ansi set size:51195 disposed:false
1237 silly placeDep node_modules/cliui string-width@4.2.3 OK for: cliui@8.0.1 want: ^4.2.0
1238 silly placeDep node_modules/cliui strip-ansi@6.0.1 OK for: cliui@8.0.1 want: ^6.0.1
1239 silly placeDep node_modules/cliui wrap-ansi@7.0.0 OK for: cliui@8.0.1 want: ^7.0.0
1240 silly placeDep node_modules/@dotenvx/dotenvx get-stream@6.0.1 OK for: execa@5.1.1 want: ^6.0.0
1241 silly placeDep node_modules/@dotenvx/dotenvx human-signals@2.1.0 OK for: execa@5.1.1 want: ^2.1.0
1242 silly placeDep node_modules/@dotenvx/dotenvx is-stream@2.0.1 OK for: execa@5.1.1 want: ^2.0.0
1243 silly placeDep ROOT merge-stream@2.0.0 OK for: execa@5.1.1 want: ^2.0.0
1244 silly placeDep node_modules/@dotenvx/dotenvx npm-run-path@4.0.1 OK for: execa@5.1.1 want: ^4.0.1
1245 silly placeDep node_modules/@dotenvx/dotenvx onetime@5.1.2 OK for: execa@5.1.1 want: ^5.1.2
1246 silly placeDep node_modules/@dotenvx/dotenvx signal-exit@3.0.7 OK for: execa@5.1.1 want: ^3.0.3
1247 silly placeDep node_modules/@dotenvx/dotenvx strip-final-newline@2.0.0 OK for: execa@5.1.1 want: ^2.0.0
1248 silly fetch manifest mimic-fn@^2.1.0
1249 silly packumentCache full:https://registry.npmjs.org/mimic-fn cache-miss
1250 http fetch GET 200 https://registry.npmjs.org/mimic-fn 51ms (cache miss)
1251 silly packumentCache full:https://registry.npmjs.org/mimic-fn set size:undefined disposed:false
1252 silly placeDep ROOT mimic-fn@2.1.0 OK for: onetime@5.1.2 want: ^2.1.0
1253 silly placeDep node_modules/@dotenvx/dotenvx isexe@3.1.1 OK for: which@4.0.0 want: ^3.1.1
1254 silly placeDep ROOT fast-uri@3.1.0 OK for: ajv@8.17.1 want: ^3.0.1
1255 silly placeDep node_modules/@modelcontextprotocol/sdk json-schema-traverse@1.0.0 OK for: ajv@8.17.1 want: ^1.0.0
1256 silly placeDep ROOT require-from-string@2.0.2 OK for: ajv@8.17.1 want: ^2.0.2
1257 silly placeDep node_modules/@ts-morph/common glob-parent@5.1.2 OK for: fast-glob@3.3.3 want: ^5.1.2
1258 silly placeDep ROOT @isaacs/brace-expansion@5.0.0 OK for: minimatch@10.1.1 want: ^5.0.0
1259 silly fetch manifest @isaacs/balanced-match@^4.0.1
1260 silly packumentCache full:https://registry.npmjs.org/@isaacs%2fbalanced-match cache-miss
1261 http fetch GET 200 https://registry.npmjs.org/@isaacs%2fbalanced-match 67ms (cache miss)
1262 silly packumentCache full:https://registry.npmjs.org/@isaacs%2fbalanced-match set size:undefined disposed:false
1263 silly placeDep ROOT @isaacs/balanced-match@4.0.1 OK for: @isaacs/brace-expansion@5.0.0 want: ^4.0.1
1264 silly placeDep node_modules/ajv-formats json-schema-traverse@1.0.0 OK for: ajv@8.17.1 want: ^1.0.0
1265 silly placeDep node_modules/cliui emoji-regex@8.0.0 OK for: string-width@4.2.3 want: ^8.0.0
1266 silly placeDep ROOT is-fullwidth-code-point@3.0.0 OK for: string-width@4.2.3 want: ^3.0.0
1267 silly placeDep node_modules/cliui ansi-regex@5.0.1 OK for: strip-ansi@6.0.1 want: ^5.0.1
1268 silly placeDep ROOT tagged-tag@1.0.0 OK for: type-fest@5.3.1 want: ^1.0.0
1269 silly placeDep node_modules/shadcn glob-parent@5.1.2 OK for: fast-glob@3.3.3 want: ^5.1.2
1270 silly placeDep node_modules/wrap-ansi emoji-regex@8.0.0 OK for: string-width@4.2.3 want: ^8.0.0
1271 silly placeDep node_modules/wrap-ansi ansi-regex@5.0.1 OK for: strip-ansi@6.0.1 want: ^5.0.1
1272 silly placeDep node_modules/yargs emoji-regex@8.0.0 OK for: string-width@4.2.3 want: ^8.0.0
1273 silly placeDep node_modules/yargs strip-ansi@6.0.1 OK for: string-width@4.2.3 want: ^6.0.1
1274 silly placeDep node_modules/yargs ansi-regex@5.0.1 OK for: strip-ansi@6.0.1 want: ^5.0.1
1275 silly reify moves {}
1276 verbose reify failed optional dependency /Users/aditya_malur/Desktop/Gemini testing/Project Management GPT/ops-system/node_modules/@tailwindcss/oxide-wasm32-wasi
1277 silly reify mark deleted [
1277 silly reify   '/Users/aditya_malur/Desktop/Gemini testing/Project Management GPT/ops-system/node_modules/@tailwindcss/oxide-wasm32-wasi'
1277 silly reify ]
1278 silly audit bulk request {
1278 silly audit   '@alloc/quick-lru': [ '5.2.0' ],
1278 silly audit   '@babel/code-frame': [ '7.27.1' ],
1278 silly audit   '@babel/compat-data': [ '7.28.5' ],
1278 silly audit   '@babel/core': [ '7.28.5' ],
1278 silly audit   '@babel/generator': [ '7.28.5' ],
1278 silly audit   '@babel/helper-compilation-targets': [ '7.27.2' ],
1278 silly audit   '@babel/helper-globals': [ '7.28.0' ],
1278 silly audit   '@babel/helper-module-imports': [ '7.27.1' ],
1278 silly audit   '@babel/helper-module-transforms': [ '7.28.3' ],
1278 silly audit   '@babel/helper-string-parser': [ '7.27.1' ],
1278 silly audit   '@babel/helper-validator-identifier': [ '7.28.5' ],
1278 silly audit   '@babel/helper-validator-option': [ '7.27.1' ],
1278 silly audit   '@babel/helpers': [ '7.28.4' ],
1278 silly audit   '@babel/parser': [ '7.28.5' ],
1278 silly audit   '@babel/template': [ '7.27.2' ],
1278 silly audit   '@babel/traverse': [ '7.28.5' ],
1278 silly audit   '@babel/types': [ '7.28.5' ],
1278 silly audit   '@chevrotain/cst-dts-gen': [ '10.5.0' ],
1278 silly audit   '@chevrotain/gast': [ '10.5.0' ],
1278 silly audit   '@chevrotain/types': [ '10.5.0' ],
1278 silly audit   '@chevrotain/utils': [ '10.5.0' ],
1278 silly audit   '@electric-sql/pglite': [ '0.3.2' ],
1278 silly audit   '@electric-sql/pglite-socket': [ '0.0.6' ],
1278 silly audit   '@electric-sql/pglite-tools': [ '0.2.7' ],
1278 silly audit   '@emnapi/core': [ '1.8.1' ],
1278 silly audit   '@emnapi/runtime': [ '1.8.1' ],
1278 silly audit   '@emnapi/wasi-threads': [ '1.1.0' ],
1278 silly audit   '@eslint-community/eslint-utils': [ '4.9.1' ],
1278 silly audit   'eslint-visitor-keys': [ '3.4.3', '4.2.1' ],
1278 silly audit   '@eslint-community/regexpp': [ '4.12.2' ],
1278 silly audit   '@eslint/config-array': [ '0.21.1' ],
1278 silly audit   '@eslint/config-helpers': [ '0.4.2' ],
1278 silly audit   '@eslint/core': [ '0.17.0' ],
1278 silly audit   '@eslint/eslintrc': [ '3.3.3' ],
1278 silly audit   '@eslint/js': [ '9.39.2' ],
1278 silly audit   '@eslint/object-schema': [ '2.1.7' ],
1278 silly audit   '@eslint/plugin-kit': [ '0.4.1' ],
1278 silly audit   '@hono/node-server': [ '1.19.6', '1.19.7' ],
1278 silly audit   '@humanfs/core': [ '0.19.1' ],
1278 silly audit   '@humanfs/node': [ '0.16.7' ],
1278 silly audit   '@humanwhocodes/module-importer': [ '1.0.1' ],
1278 silly audit   '@humanwhocodes/retry': [ '0.4.3' ],
1278 silly audit   '@img/colour': [ '1.0.0' ],
1278 silly audit   '@img/sharp-darwin-arm64': [ '0.34.5' ],
1278 silly audit   '@img/sharp-darwin-x64': [ '0.34.5' ],
1278 silly audit   '@img/sharp-libvips-darwin-arm64': [ '1.2.4' ],
1278 silly audit   '@img/sharp-libvips-darwin-x64': [ '1.2.4' ],
1278 silly audit   '@img/sharp-libvips-linux-arm': [ '1.2.4' ],
1278 silly audit   '@img/sharp-libvips-linux-arm64': [ '1.2.4' ],
1278 silly audit   '@img/sharp-libvips-linux-ppc64': [ '1.2.4' ],
1278 silly audit   '@img/sharp-libvips-linux-riscv64': [ '1.2.4' ],
1278 silly audit   '@img/sharp-libvips-linux-s390x': [ '1.2.4' ],
1278 silly audit   '@img/sharp-libvips-linux-x64': [ '1.2.4' ],
1278 silly audit   '@img/sharp-libvips-linuxmusl-arm64': [ '1.2.4' ],
1278 silly audit   '@img/sharp-libvips-linuxmusl-x64': [ '1.2.4' ],
1278 silly audit   '@img/sharp-linux-arm': [ '0.34.5' ],
1278 silly audit   '@img/sharp-linux-arm64': [ '0.34.5' ],
1278 silly audit   '@img/sharp-linux-ppc64': [ '0.34.5' ],
1278 silly audit   '@img/sharp-linux-riscv64': [ '0.34.5' ],
1278 silly audit   '@img/sharp-linux-s390x': [ '0.34.5' ],
1278 silly audit   '@img/sharp-linux-x64': [ '0.34.5' ],
1278 silly audit   '@img/sharp-linuxmusl-arm64': [ '0.34.5' ],
1278 silly audit   '@img/sharp-linuxmusl-x64': [ '0.34.5' ],
1278 silly audit   '@img/sharp-wasm32': [ '0.34.5' ],
1278 silly audit   '@img/sharp-win32-arm64': [ '0.34.5' ],
1278 silly audit   '@img/sharp-win32-ia32': [ '0.34.5' ],
1278 silly audit   '@img/sharp-win32-x64': [ '0.34.5' ],
1278 silly audit   '@jridgewell/gen-mapping': [ '0.3.13' ],
1278 silly audit   '@jridgewell/remapping': [ '2.3.5' ],
1278 silly audit   '@jridgewell/resolve-uri': [ '3.1.2' ],
1278 silly audit   '@jridgewell/sourcemap-codec': [ '1.5.5' ],
1278 silly audit   '@jridgewell/trace-mapping': [ '0.3.31' ],
1278 silly audit   '@mrleebo/prisma-ast': [ '0.12.1' ],
1278 silly audit   '@napi-rs/wasm-runtime': [ '0.2.12' ],
1278 silly audit   '@next/env': [ '16.1.1' ],
1278 silly audit   '@next/eslint-plugin-next': [ '16.1.1' ],
1278 silly audit   '@next/swc-darwin-arm64': [ '16.1.1' ],
1278 silly audit   '@next/swc-darwin-x64': [ '16.1.1' ],
1278 silly audit   '@next/swc-linux-arm64-gnu': [ '16.1.1' ],
1278 silly audit   '@next/swc-linux-arm64-musl': [ '16.1.1' ],
1278 silly audit   '@next/swc-linux-x64-gnu': [ '16.1.1' ],
1278 silly audit   '@next/swc-linux-x64-musl': [ '16.1.1' ],
1278 silly audit   '@next/swc-win32-arm64-msvc': [ '16.1.1' ],
1278 silly audit   '@next/swc-win32-x64-msvc': [ '16.1.1' ],
1278 silly audit   '@nodelib/fs.scandir': [ '2.1.5' ],
1278 silly audit   '@nodelib/fs.stat': [ '2.0.5' ],
1278 silly audit   '@nodelib/fs.walk': [ '1.2.8' ],
1278 silly audit   '@nolyfill/is-core-module': [ '1.0.39' ],
1278 silly audit   '@prisma/client': [ '7.2.0' ],
1278 silly audit   '@prisma/client-runtime-utils': [ '7.2.0' ],
1278 silly audit   '@prisma/config': [ '7.2.0' ],
1278 silly audit   '@prisma/debug': [ '7.2.0', '6.8.2' ],
1278 silly audit   '@prisma/dev': [ '0.17.0' ],
1278 silly audit   '@prisma/engines': [ '7.2.0' ],
1278 silly audit   '@prisma/engines-version': [ '7.2.0-4.0c8ef2ce45c83248ab3df073180d5eda9e8be7a3' ],
1278 silly audit   '@prisma/get-platform': [ '7.2.0', '6.8.2' ],
1278 silly audit   '@prisma/fetch-engine': [ '7.2.0' ],
1278 silly audit   '@prisma/query-plan-executor': [ '6.18.0' ],
1278 silly audit   '@prisma/studio-core': [ '0.9.0' ],
1278 silly audit   '@rtsao/scc': [ '1.1.0' ],
1278 silly audit   '@standard-schema/spec': [ '1.1.0' ],
1278 silly audit   '@supabase/auth-js': [ '2.90.0' ],
1278 silly audit   '@supabase/functions-js': [ '2.90.0' ],
1278 silly audit   '@supabase/postgrest-js': [ '2.90.0' ],
1278 silly audit   '@supabase/realtime-js': [ '2.90.0' ],
1278 silly audit   '@supabase/ssr': [ '0.8.0' ],
1278 silly audit   '@supabase/storage-js': [ '2.90.0' ],
1278 silly audit   '@supabase/supabase-js': [ '2.90.0' ],
1278 silly audit   '@swc/helpers': [ '0.5.15' ],
1278 silly audit   '@tailwindcss/node': [ '4.1.18' ],
1278 silly audit   '@tailwindcss/oxide': [ '4.1.18' ],
1278 silly audit   '@tailwindcss/oxide-android-arm64': [ '4.1.18' ],
1278 silly audit   '@tailwindcss/oxide-darwin-arm64': [ '4.1.18' ],
1278 silly audit   '@tailwindcss/oxide-darwin-x64': [ '4.1.18' ],
1278 silly audit   '@tailwindcss/oxide-freebsd-x64': [ '4.1.18' ],
1278 silly audit   '@tailwindcss/oxide-linux-arm-gnueabihf': [ '4.1.18' ],
1278 silly audit   '@tailwindcss/oxide-linux-arm64-gnu': [ '4.1.18' ],
1278 silly audit   '@tailwindcss/oxide-linux-arm64-musl': [ '4.1.18' ],
1278 silly audit   '@tailwindcss/oxide-linux-x64-gnu': [ '4.1.18' ],
1278 silly audit   '@tailwindcss/oxide-linux-x64-musl': [ '4.1.18' ],
1278 silly audit   '@tailwindcss/oxide-win32-arm64-msvc': [ '4.1.18' ],
1278 silly audit   '@tailwindcss/oxide-win32-x64-msvc': [ '4.1.18' ],
1278 silly audit   '@tailwindcss/postcss': [ '4.1.18' ],
1278 silly audit   '@tybys/wasm-util': [ '0.10.1' ],
1278 silly audit   '@types/estree': [ '1.0.8' ],
1278 silly audit   '@types/json-schema': [ '7.0.15' ],
1278 silly audit   '@types/json5': [ '0.0.29' ],
1278 silly audit   '@types/node': [ '20.19.27' ],
1278 silly audit   '@types/phoenix': [ '1.6.7' ],
1278 silly audit   '@types/react': [ '19.2.7' ],
1278 silly audit   '@types/react-dom': [ '19.2.3' ],
1278 silly audit   '@types/ws': [ '8.18.1' ],
1278 silly audit   '@typescript-eslint/eslint-plugin': [ '8.52.0' ],
1278 silly audit   ignore: [ '7.0.5', '5.3.2' ],
1278 silly audit   '@typescript-eslint/parser': [ '8.52.0' ],
1278 silly audit   '@typescript-eslint/project-service': [ '8.52.0' ],
1278 silly audit   '@typescript-eslint/scope-manager': [ '8.52.0' ],
1278 silly audit   '@typescript-eslint/tsconfig-utils': [ '8.52.0' ],
1278 silly audit   '@typescript-eslint/type-utils': [ '8.52.0' ],
1278 silly audit   '@typescript-eslint/types': [ '8.52.0' ],
1278 silly audit   '@typescript-eslint/typescript-estree': [ '8.52.0' ],
1278 silly audit   'brace-expansion': [ '2.0.2', '1.1.12' ],
1278 silly audit   minimatch: [ '9.0.5', '3.1.2', '10.1.1' ],
1278 silly audit   semver: [ '7.7.3', '6.3.1' ],
1278 silly audit   '@typescript-eslint/utils': [ '8.52.0' ],
1278 silly audit   '@typescript-eslint/visitor-keys': [ '8.52.0' ],
1278 silly audit   '@unrs/resolver-binding-android-arm-eabi': [ '1.11.1' ],
1278 silly audit   '@unrs/resolver-binding-android-arm64': [ '1.11.1' ],
1278 silly audit   '@unrs/resolver-binding-darwin-arm64': [ '1.11.1' ],
1278 silly audit   '@unrs/resolver-binding-darwin-x64': [ '1.11.1' ],
1278 silly audit   '@unrs/resolver-binding-freebsd-x64': [ '1.11.1' ],
1278 silly audit   '@unrs/resolver-binding-linux-arm-gnueabihf': [ '1.11.1' ],
1278 silly audit   '@unrs/resolver-binding-linux-arm-musleabihf': [ '1.11.1' ],
1278 silly audit   '@unrs/resolver-binding-linux-arm64-gnu': [ '1.11.1' ],
1278 silly audit   '@unrs/resolver-binding-linux-arm64-musl': [ '1.11.1' ],
1278 silly audit   '@unrs/resolver-binding-linux-ppc64-gnu': [ '1.11.1' ],
1278 silly audit   '@unrs/resolver-binding-linux-riscv64-gnu': [ '1.11.1' ],
1278 silly audit   '@unrs/resolver-binding-linux-riscv64-musl': [ '1.11.1' ],
1278 silly audit   '@unrs/resolver-binding-linux-s390x-gnu': [ '1.11.1' ],
1278 silly audit   '@unrs/resolver-binding-linux-x64-gnu': [ '1.11.1' ],
1278 silly audit   '@unrs/resolver-binding-linux-x64-musl': [ '1.11.1' ],
1278 silly audit   '@unrs/resolver-binding-wasm32-wasi': [ '1.11.1' ],
1278 silly audit   '@unrs/resolver-binding-win32-arm64-msvc': [ '1.11.1' ],
1278 silly audit   '@unrs/resolver-binding-win32-ia32-msvc': [ '1.11.1' ],
1278 silly audit   '@unrs/resolver-binding-win32-x64-msvc': [ '1.11.1' ],
1278 silly audit   acorn: [ '8.15.0' ],
1278 silly audit   'acorn-jsx': [ '5.3.2' ],
1278 silly audit   ajv: [ '6.12.6', '8.17.1' ],
1278 silly audit   'ansi-styles': [ '4.3.0' ],
1278 silly audit   argparse: [ '2.0.1' ],
1278 silly audit   'aria-query': [ '5.3.2' ],
1278 silly audit   'array-buffer-byte-length': [ '1.0.2' ],
1278 silly audit   'array-includes': [ '3.1.9' ],
1278 silly audit   'array.prototype.findlast': [ '1.2.5' ],
1278 silly audit   'array.prototype.findlastindex': [ '1.2.6' ],
1278 silly audit   'array.prototype.flat': [ '1.3.3' ],
1278 silly audit   'array.prototype.flatmap': [ '1.3.3' ],
1278 silly audit   'array.prototype.tosorted': [ '1.1.4' ],
1278 silly audit   'arraybuffer.prototype.slice': [ '1.0.4' ],
1278 silly audit   'ast-types-flow': [ '0.0.8' ],
1278 silly audit   'async-function': [ '1.0.0' ],
1278 silly audit   'available-typed-arrays': [ '1.0.7' ],
1278 silly audit   'aws-ssl-profiles': [ '1.1.2' ],
1278 silly audit   'axe-core': [ '4.11.1' ],
1278 silly audit   'axobject-query': [ '4.1.0' ],
1278 silly audit   'balanced-match': [ '1.0.2' ],
1278 silly audit   'baseline-browser-mapping': [ '2.9.12' ],
1278 silly audit   braces: [ '3.0.3' ],
1278 silly audit   browserslist: [ '4.28.1' ],
1278 silly audit   c12: [ '3.1.0' ],
1278 silly audit   'call-bind': [ '1.0.8' ],
1278 silly audit   'call-bind-apply-helpers': [ '1.0.2' ],
1278 silly audit   'call-bound': [ '1.0.4' ],
1278 silly audit   callsites: [ '3.1.0' ],
1278 silly audit   'caniuse-lite': [ '1.0.30001763' ],
1278 silly audit   chalk: [ '4.1.2', '5.6.2' ],
1278 silly audit   chevrotain: [ '10.5.0' ],
1278 silly audit   chokidar: [ '4.0.3' ],
1278 silly audit   citty: [ '0.1.6' ],
1278 silly audit   'class-variance-authority': [ '0.7.1' ],
1278 silly audit   'client-only': [ '0.0.1' ],
1278 silly audit   clsx: [ '2.1.1' ],
1278 silly audit   'color-convert': [ '2.0.1' ],
1278 silly audit   'color-name': [ '1.1.4' ],
1278 silly audit   'concat-map': [ '0.0.1' ],
1278 silly audit   confbox: [ '0.2.2' ],
1278 silly audit   consola: [ '3.4.2' ],
1278 silly audit   'convert-source-map': [ '2.0.0' ],
1278 silly audit   cookie: [ '1.1.1', '0.7.2' ],
1278 silly audit   'cross-spawn': [ '7.0.6' ],
1278 silly audit   csstype: [ '3.2.3' ],
1278 silly audit   'damerau-levenshtein': [ '1.0.8' ],
1278 silly audit   'data-view-buffer': [ '1.0.2' ],
1278 silly audit   'data-view-byte-length': [ '1.0.2' ],
1278 silly audit   'data-view-byte-offset': [ '1.0.1' ],
1278 silly audit   debug: [ '4.4.3', '3.2.7' ],
1278 silly audit   'deep-is': [ '0.1.4' ],
1278 silly audit   'deepmerge-ts': [ '7.1.5' ],
1278 silly audit   'define-data-property': [ '1.1.4' ],
1278 silly audit   'define-properties': [ '1.2.1' ],
1278 silly audit   defu: [ '6.1.4' ],
1278 silly audit   denque: [ '2.1.0' ],
1278 silly audit   destr: [ '2.0.5' ],
1278 silly audit   'detect-libc': [ '2.1.2' ],
1278 silly audit   doctrine: [ '2.1.0' ],
1278 silly audit   dotenv: [ '16.6.1', '17.2.3' ],
1278 silly audit   'dunder-proto': [ '1.0.1' ],
1278 silly audit   effect: [ '3.18.4' ],
1278 silly audit   'electron-to-chromium': [ '1.5.267' ],
1278 silly audit   'emoji-regex': [ '9.2.2', '10.6.0', '8.0.0' ],
1278 silly audit   empathic: [ '2.0.0' ],
1278 silly audit   'enhanced-resolve': [ '5.18.4' ],
1278 silly audit   'es-abstract': [ '1.24.1' ],
1278 silly audit   'es-define-property': [ '1.0.1' ],
1278 silly audit   'es-errors': [ '1.3.0' ],
1278 silly audit   'es-iterator-helpers': [ '1.2.2' ],
1278 silly audit   'es-object-atoms': [ '1.1.1' ],
1278 silly audit   'es-set-tostringtag': [ '2.1.0' ],
1278 silly audit   'es-shim-unscopables': [ '1.1.0' ],
1278 silly audit   'es-to-primitive': [ '1.3.0' ],
1278 silly audit   escalade: [ '3.2.0' ],
1278 silly audit   'escape-string-regexp': [ '4.0.0' ],
1278 silly audit   eslint: [ '9.39.2' ],
1278 silly audit   'eslint-config-next': [ '16.1.1' ],
1278 silly audit   globals: [ '16.4.0', '14.0.0' ],
1278 silly audit   'eslint-import-resolver-node': [ '0.3.9' ],
1278 silly audit   'eslint-import-resolver-typescript': [ '3.10.1' ],
1278 silly audit   'eslint-module-utils': [ '2.12.1' ],
1278 silly audit   'eslint-plugin-import': [ '2.32.0' ],
1278 silly audit   'eslint-plugin-jsx-a11y': [ '6.10.2' ],
1278 silly audit   'eslint-plugin-react': [ '7.37.5' ],
1278 silly audit   'eslint-plugin-react-hooks': [ '7.0.1' ],
1278 silly audit   resolve: [ '2.0.0-next.5', '1.22.11' ],
1278 silly audit   'eslint-scope': [ '8.4.0' ],
1278 silly audit   espree: [ '10.4.0' ],
1278 silly audit   esquery: [ '1.7.0' ],
1278 silly audit   esrecurse: [ '4.3.0' ],
1278 silly audit   estraverse: [ '5.3.0' ],
1278 silly audit   esutils: [ '2.0.3' ],
1278 silly audit   exsolve: [ '1.0.8' ],
1278 silly audit   'fast-check': [ '3.23.2' ],
1278 silly audit   'fast-deep-equal': [ '3.1.3' ],
1278 silly audit   'fast-glob': [ '3.3.1', '3.3.3' ],
1278 silly audit   'glob-parent': [ '5.1.2', '6.0.2' ],
1278 silly audit   'fast-json-stable-stringify': [ '2.1.0' ],
1278 silly audit   'fast-levenshtein': [ '2.0.6' ],
1278 silly audit   fastq: [ '1.20.1' ],
1278 silly audit   'file-entry-cache': [ '8.0.0' ],
1278 silly audit   'fill-range': [ '7.1.1' ],
1278 silly audit   'find-up': [ '5.0.0' ],
1278 silly audit   'flat-cache': [ '4.0.1' ],
1278 silly audit   flatted: [ '3.3.3' ],
1278 silly audit   'for-each': [ '0.3.5' ],
1278 silly audit   'foreground-child': [ '3.3.1' ],
1278 silly audit   'function-bind': [ '1.1.2' ],
1278 silly audit   'function.prototype.name': [ '1.1.8' ],
1278 silly audit   'functions-have-names': [ '1.2.3' ],
1278 silly audit   'generate-function': [ '2.3.1' ],
1278 silly audit   'generator-function': [ '2.0.1' ],
1278 silly audit   gensync: [ '1.0.0-beta.2' ],
1278 silly audit   'get-intrinsic': [ '1.3.0' ],
1278 silly audit   'get-port-please': [ '3.1.2' ],
1278 silly audit   'get-proto': [ '1.0.1' ],
1278 silly audit   'get-symbol-description': [ '1.1.0' ],
1278 silly audit   'get-tsconfig': [ '4.13.0' ],
1278 silly audit   giget: [ '2.0.0' ],
1278 silly audit   globalthis: [ '1.0.4' ],
1278 silly audit   gopd: [ '1.2.0' ],
1278 silly audit   'graceful-fs': [ '4.2.11' ],
1278 silly audit   grammex: [ '3.1.12' ],
1278 silly audit   'has-bigints': [ '1.1.0' ],
1278 silly audit   'has-flag': [ '4.0.0' ],
1278 silly audit   'has-property-descriptors': [ '1.0.2' ],
1278 silly audit   'has-proto': [ '1.2.0' ],
1278 silly audit   'has-symbols': [ '1.1.0' ],
1278 silly audit   'has-tostringtag': [ '1.0.2' ],
1278 silly audit   hasown: [ '2.0.2' ],
1278 silly audit   'hermes-estree': [ '0.25.1' ],
1278 silly audit   'hermes-parser': [ '0.25.1' ],
1278 silly audit   hono: [ '4.10.6' ],
1278 silly audit   'http-status-codes': [ '2.3.0' ],
1278 silly audit   'iceberg-js': [ '0.8.1' ],
1278 silly audit   'iconv-lite': [ '0.7.1' ],
1278 silly audit   'import-fresh': [ '3.3.1' ],
1278 silly audit   imurmurhash: [ '0.1.4' ],
1278 silly audit   'internal-slot': [ '1.1.0' ],
1278 silly audit   'is-array-buffer': [ '3.0.5' ],
1278 silly audit   'is-async-function': [ '2.1.1' ],
1278 silly audit   'is-bigint': [ '1.1.0' ],
1278 silly audit   'is-boolean-object': [ '1.2.2' ],
1278 silly audit   'is-bun-module': [ '2.0.0' ],
1278 silly audit   'is-callable': [ '1.2.7' ],
1278 silly audit   'is-core-module': [ '2.16.1' ],
1278 silly audit   'is-data-view': [ '1.0.2' ],
1278 silly audit   'is-date-object': [ '1.1.0' ],
1278 silly audit   'is-extglob': [ '2.1.1' ],
1278 silly audit   'is-finalizationregistry': [ '1.1.1' ],
1278 silly audit   'is-generator-function': [ '1.1.2' ],
1278 silly audit   'is-glob': [ '4.0.3' ],
1278 silly audit   'is-map': [ '2.0.3' ],
1278 silly audit   'is-negative-zero': [ '2.0.3' ],
1278 silly audit   'is-number': [ '7.0.0' ],
1278 silly audit   'is-number-object': [ '1.1.1' ],
1278 silly audit   'is-property': [ '1.0.2' ],
1278 silly audit   'is-regex': [ '1.2.1' ],
1278 silly audit   'is-set': [ '2.0.3' ],
1278 silly audit   'is-shared-array-buffer': [ '1.0.4' ],
1278 silly audit   'is-string': [ '1.1.1' ],
1278 silly audit   'is-symbol': [ '1.1.1' ],
1278 silly audit   'is-typed-array': [ '1.1.15' ],
1278 silly audit   'is-weakmap': [ '2.0.2' ],
1278 silly audit   'is-weakref': [ '1.1.1' ],
1278 silly audit   'is-weakset': [ '2.0.4' ],
1278 silly audit   isarray: [ '2.0.5' ],
1278 silly audit   isexe: [ '2.0.0', '3.1.1' ],
1278 silly audit   'iterator.prototype': [ '1.1.5' ],
1278 silly audit   jiti: [ '2.6.1' ],
1278 silly audit   'js-tokens': [ '4.0.0' ],
1278 silly audit   'js-yaml': [ '4.1.1' ],
1278 silly audit   jsesc: [ '3.1.0' ],
1278 silly audit   'json-buffer': [ '3.0.1' ],
1278 silly audit   'json-schema-traverse': [ '0.4.1', '1.0.0' ],
1278 silly audit   'json-stable-stringify-without-jsonify': [ '1.0.1' ],
1278 silly audit   json5: [ '2.2.3', '1.0.2' ],
1278 silly audit   'jsx-ast-utils': [ '3.3.5' ],
1278 silly audit   keyv: [ '4.5.4' ],
1278 silly audit   'language-subtag-registry': [ '0.3.23' ],
1278 silly audit   'language-tags': [ '1.0.9' ],
1278 silly audit   levn: [ '0.4.1' ],
1278 silly audit   lightningcss: [ '1.30.2' ],
1278 silly audit   'lightningcss-android-arm64': [ '1.30.2' ],
1278 silly audit   'lightningcss-darwin-arm64': [ '1.30.2' ],
1278 silly audit   'lightningcss-darwin-x64': [ '1.30.2' ],
1278 silly audit   'lightningcss-freebsd-x64': [ '1.30.2' ],
1278 silly audit   'lightningcss-linux-arm-gnueabihf': [ '1.30.2' ],
1278 silly audit   'lightningcss-linux-arm64-gnu': [ '1.30.2' ],
1278 silly audit   'lightningcss-linux-arm64-musl': [ '1.30.2' ],
1278 silly audit   'lightningcss-linux-x64-gnu': [ '1.30.2' ],
1278 silly audit   'lightningcss-linux-x64-musl': [ '1.30.2' ],
1278 silly audit   'lightningcss-win32-arm64-msvc': [ '1.30.2' ],
1278 silly audit   'lightningcss-win32-x64-msvc': [ '1.30.2' ],
1278 silly audit   lilconfig: [ '2.1.0' ],
1278 silly audit   'locate-path': [ '6.0.0' ],
1278 silly audit   lodash: [ '4.17.21' ],
1278 silly audit   'lodash.merge': [ '4.6.2' ],
1278 silly audit   long: [ '5.3.2' ],
1278 silly audit   'loose-envify': [ '1.4.0' ],
1278 silly audit   'lru-cache': [ '5.1.1' ],
1278 silly audit   'lru.min': [ '1.1.3' ],
1278 silly audit   'lucide-react': [ '0.562.0' ],
1278 silly audit   'magic-string': [ '0.30.21' ],
1278 silly audit   'math-intrinsics': [ '1.1.0' ],
1278 silly audit   merge2: [ '1.4.1' ],
1278 silly audit   micromatch: [ '4.0.8' ],
1278 silly audit   minimist: [ '1.2.8' ],
1278 silly audit   ms: [ '2.1.3' ],
1278 silly audit   mysql2: [ '3.15.3' ],
1278 silly audit   'named-placeholders': [ '1.1.6' ],
1278 silly audit   nanoid: [ '3.3.11' ],
1278 silly audit   'napi-postinstall': [ '0.3.4' ],
1278 silly audit   'natural-compare': [ '1.4.0' ],
1278 silly audit   next: [ '16.1.1' ],
1278 silly audit   postcss: [ '8.4.31', '8.5.6' ],
1278 silly audit   'node-fetch-native': [ '1.6.7' ],
1278 silly audit   'node-releases': [ '2.0.27' ],
1278 silly audit   nypm: [ '0.6.2' ],
1278 silly audit   'object-assign': [ '4.1.1' ],
1278 silly audit   'object-inspect': [ '1.13.4' ],
1278 silly audit   'object-keys': [ '1.1.1' ],
1278 silly audit   'object.assign': [ '4.1.7' ],
1278 silly audit   'object.entries': [ '1.1.9' ],
1278 silly audit   'object.fromentries': [ '2.0.8' ],
1278 silly audit   'object.groupby': [ '1.0.3' ],
1278 silly audit   'object.values': [ '1.2.1' ],
1278 silly audit   ohash: [ '2.0.11' ],
1278 silly audit   optionator: [ '0.9.4' ],
1278 silly audit   'own-keys': [ '1.0.1' ],
1278 silly audit   'p-limit': [ '3.1.0' ],
1278 silly audit   'p-locate': [ '5.0.0' ],
1278 silly audit   'parent-module': [ '1.0.1' ],
1278 silly audit   'path-exists': [ '4.0.0' ],
1278 silly audit   'path-key': [ '3.1.1', '4.0.0' ],
1278 silly audit   'path-parse': [ '1.0.7' ],
1278 silly audit   pathe: [ '2.0.3' ],
1278 silly audit   'perfect-debounce': [ '1.0.0' ],
1278 silly audit   picocolors: [ '1.1.1' ],
1278 silly audit   picomatch: [ '2.3.1', '4.0.3' ],
1278 silly audit   'pkg-types': [ '2.3.0' ],
1278 silly audit   'possible-typed-array-names': [ '1.1.0' ],
1278 silly audit   postgres: [ '3.4.7' ],
1278 silly audit   'prelude-ls': [ '1.2.1' ],
1278 silly audit   prisma: [ '7.2.0' ],
1278 silly audit   'prop-types': [ '15.8.1' ],
1278 silly audit   'proper-lockfile': [ '4.1.2' ],
1278 silly audit   'signal-exit': [ '3.0.7', '4.1.0' ],
1278 silly audit   punycode: [ '2.3.1' ],
1278 silly audit   'pure-rand': [ '6.1.0' ],
1278 silly audit   'queue-microtask': [ '1.2.3' ],
1278 silly audit   rc9: [ '2.1.2' ],
1278 silly audit   react: [ '19.2.3' ],
1278 silly audit   'react-dom': [ '19.2.3' ],
1278 silly audit   'react-is': [ '16.13.1' ],
1278 silly audit   readdirp: [ '4.1.2' ],
1278 silly audit   'reflect.getprototypeof': [ '1.0.10' ],
1278 silly audit   'regexp-to-ast': [ '0.5.0' ],
1278 silly audit   'regexp.prototype.flags': [ '1.5.4' ],
1278 silly audit   remeda: [ '2.21.3' ],
1278 silly audit   'resolve-from': [ '4.0.0' ],
1278 silly audit   'resolve-pkg-maps': [ '1.0.0' ],
1278 silly audit   retry: [ '0.12.0' ],
1278 silly audit   reusify: [ '1.1.0' ],
1278 silly audit   'run-parallel': [ '1.2.0' ],
1278 silly audit   'safe-array-concat': [ '1.1.3' ],
1278 silly audit   'safe-push-apply': [ '1.0.0' ],
1278 silly audit   'safe-regex-test': [ '1.1.0' ],
1278 silly audit   'safer-buffer': [ '2.1.2' ],
1278 silly audit   scheduler: [ '0.27.0' ],
1278 silly audit   'seq-queue': [ '0.0.5' ],
1278 silly audit   'set-function-length': [ '1.2.2' ],
1278 silly audit   'set-function-name': [ '2.0.2' ],
1278 silly audit   'set-proto': [ '1.0.0' ],
1278 silly audit   sharp: [ '0.34.5' ],
1278 silly audit   'shebang-command': [ '2.0.0' ],
1278 silly audit   'shebang-regex': [ '3.0.0' ],
1278 silly audit   'side-channel': [ '1.1.0' ],
1278 silly audit   'side-channel-list': [ '1.0.0' ],
1278 silly audit   'side-channel-map': [ '1.0.1' ],
1278 silly audit   'side-channel-weakmap': [ '1.0.2' ],
1278 silly audit   'source-map-js': [ '1.2.1' ],
1278 silly audit   sqlstring: [ '2.3.3' ],
1278 silly audit   'stable-hash': [ '0.0.5' ],
1278 silly audit   'std-env': [ '3.9.0' ],
1278 silly audit   'stop-iteration-iterator': [ '1.1.0' ],
1278 silly audit   'string.prototype.includes': [ '2.0.1' ],
1278 silly audit   'string.prototype.matchall': [ '4.0.12' ],
1278 silly audit   'string.prototype.repeat': [ '1.0.0' ],
1278 silly audit   'string.prototype.trim': [ '1.2.10' ],
1278 silly audit   'string.prototype.trimend': [ '1.0.9' ],
1278 silly audit   'string.prototype.trimstart': [ '1.0.8' ],
1278 silly audit   'strip-bom': [ '3.0.0' ],
1278 silly audit   'strip-json-comments': [ '3.1.1' ],
1278 silly audit   'styled-jsx': [ '5.1.6' ],
1278 silly audit   'supports-color': [ '7.2.0' ],
1278 silly audit   'supports-preserve-symlinks-flag': [ '1.0.0' ],
1278 silly audit   'tailwind-merge': [ '3.4.0' ],
1278 silly audit   tailwindcss: [ '4.1.18' ],
1278 silly audit   'tailwindcss-animate': [ '1.0.7' ],
1278 silly audit   tapable: [ '2.3.0' ],
1278 silly audit   tinyexec: [ '1.0.2' ],
1278 silly audit   tinyglobby: [ '0.2.15' ],
1278 silly audit   fdir: [ '6.5.0' ],
1278 silly audit   'to-regex-range': [ '5.0.1' ],
1278 silly audit   'ts-api-utils': [ '2.4.0' ],
1278 silly audit   'tsconfig-paths': [ '3.15.0', '4.2.0' ],
1278 silly audit   tslib: [ '2.8.1' ],
1278 silly audit   'type-check': [ '0.4.0' ],
1278 silly audit   'type-fest': [ '4.41.0', '5.3.1' ],
1278 silly audit   'typed-array-buffer': [ '1.0.3' ],
1278 silly audit   'typed-array-byte-length': [ '1.0.3' ],
1278 silly audit   'typed-array-byte-offset': [ '1.0.4' ],
1278 silly audit   'typed-array-length': [ '1.0.7' ],
1278 silly audit   typescript: [ '5.9.3' ],
1278 silly audit   'typescript-eslint': [ '8.52.0' ],
1278 silly audit   'unbox-primitive': [ '1.1.0' ],
1278 silly audit   'undici-types': [ '6.21.0' ],
1278 silly audit   'unrs-resolver': [ '1.11.1' ],
1278 silly audit   'update-browserslist-db': [ '1.2.3' ],
1278 silly audit   'uri-js': [ '4.4.1' ],
1278 silly audit   valibot: [ '1.2.0' ],
1278 silly audit   which: [ '2.0.2', '4.0.0' ],
1278 silly audit   'which-boxed-primitive': [ '1.1.1' ],
1278 silly audit   'which-builtin-type': [ '1.2.1' ],
1278 silly audit   'which-collection': [ '1.0.2' ],
1278 silly audit   'which-typed-array': [ '1.1.19' ],
1278 silly audit   'word-wrap': [ '1.2.5' ],
1278 silly audit   ws: [ '8.19.0' ],
1278 silly audit   yallist: [ '3.1.1' ],
1278 silly audit   'yocto-queue': [ '0.1.0' ],
1278 silly audit   zeptomatch: [ '2.0.2' ],
1278 silly audit   zod: [ '4.3.5', '3.25.76' ],
1278 silly audit   'zod-validation-error': [ '4.0.2' ],
1278 silly audit   shadcn: [ '3.6.3' ],
1278 silly audit   '@antfu/ni': [ '25.0.0' ],
1278 silly audit   '@babel/plugin-transform-typescript': [ '7.28.5' ],
1278 silly audit   '@babel/preset-typescript': [ '7.28.5' ],
1278 silly audit   '@dotenvx/dotenvx': [ '1.51.4' ],
1278 silly audit   '@modelcontextprotocol/sdk': [ '1.25.2' ],
1278 silly audit   '@types/validate-npm-package-name': [ '4.0.2' ],
1278 silly audit   commander: [ '14.0.2', '11.1.0' ],
1278 silly audit   cosmiconfig: [ '9.0.0' ],
1278 silly audit   dedent: [ '1.7.1' ],
1278 silly audit   deepmerge: [ '4.3.1' ],
1278 silly audit   diff: [ '8.0.2' ],
1278 silly audit   execa: [ '9.6.1', '5.1.1' ],
1278 silly audit   'fs-extra': [ '11.3.3' ],
1278 silly audit   fuzzysort: [ '3.1.0' ],
1278 silly audit   'https-proxy-agent': [ '7.0.6' ],
1278 silly audit   kleur: [ '4.1.5', '3.0.3' ],
1278 silly audit   msw: [ '2.12.7' ],
1278 silly audit   'node-fetch': [ '3.3.2' ],
1278 silly audit   open: [ '11.0.0' ],
1278 silly audit   ora: [ '8.2.0' ],
1278 silly audit   'postcss-selector-parser': [ '7.1.1' ],
1278 silly audit   prompts: [ '2.4.2' ],
1278 silly audit   recast: [ '0.23.11' ],
1278 silly audit   'stringify-object': [ '5.0.0' ],
1278 silly audit   'ts-morph': [ '26.0.0' ],
1278 silly audit   'validate-npm-package-name': [ '7.0.2' ],
1278 silly audit   'zod-to-json-schema': [ '3.25.1' ],
1278 silly audit   ansis: [ '4.2.0' ],
1278 silly audit   fzf: [ '0.5.2' ],
1278 silly audit   'package-manager-detector': [ '1.6.0' ],
1278 silly audit   '@babel/helper-annotate-as-pure': [ '7.27.3' ],
1278 silly audit   '@babel/helper-create-class-features-plugin': [ '7.28.5' ],
1278 silly audit   '@babel/helper-plugin-utils': [ '7.27.1' ],
1278 silly audit   '@babel/helper-skip-transparent-expression-wrappers': [ '7.27.1' ],
1278 silly audit   '@babel/plugin-syntax-typescript': [ '7.27.1' ],
1278 silly audit   '@babel/helper-member-expression-to-functions': [ '7.28.5' ],
1278 silly audit   '@babel/helper-optimise-call-expression': [ '7.27.1' ],
1278 silly audit   '@babel/helper-replace-supers': [ '7.27.1' ],
1278 silly audit   '@babel/plugin-syntax-jsx': [ '7.27.1' ],
1278 silly audit   '@babel/plugin-transform-modules-commonjs': [ '7.27.1' ],
1278 silly audit   eciesjs: [ '0.4.16' ],
1278 silly audit   'object-treeify': [ '1.1.33' ],
1278 silly audit   'ajv-formats': [ '3.0.1' ],
1278 silly audit   'content-type': [ '1.0.5' ],
1278 silly audit   cors: [ '2.8.5' ],
1278 silly audit   eventsource: [ '3.0.7' ],
1278 silly audit   'eventsource-parser': [ '3.0.6' ],
1278 silly audit   express: [ '5.2.1' ],
1278 silly audit   'express-rate-limit': [ '7.5.1' ],
1278 silly audit   jose: [ '6.1.3' ],
1278 silly audit   'json-schema-typed': [ '8.0.2' ],
1278 silly audit   'pkce-challenge': [ '5.0.1' ],
1278 silly audit   'raw-body': [ '3.0.2' ],
1278 silly audit   vary: [ '1.1.2' ],
1278 silly audit   'env-paths': [ '2.2.1' ],
1278 silly audit   'parse-json': [ '5.2.0' ],
1278 silly audit   '@ecies/ciphers': [ '0.2.5' ],
1278 silly audit   '@noble/ciphers': [ '1.3.0' ],
1278 silly audit   '@noble/curves': [ '1.9.7' ],
1278 silly audit   '@noble/hashes': [ '1.8.0' ],
1278 silly audit   '@sindresorhus/merge-streams': [ '4.0.0' ],
1278 silly audit   figures: [ '6.1.0' ],
1278 silly audit   'get-stream': [ '9.0.1', '6.0.1' ],
1278 silly audit   'human-signals': [ '8.0.1', '2.1.0' ],
1278 silly audit   'is-plain-obj': [ '4.1.0' ],
1278 silly audit   'is-stream': [ '4.0.1', '2.0.1' ],
1278 silly audit   'npm-run-path': [ '6.0.0', '4.0.1' ],
1278 silly audit   'pretty-ms': [ '9.3.0' ],
1278 silly audit   'strip-final-newline': [ '4.0.0', '2.0.0' ],
1278 silly audit   yoctocolors: [ '2.1.2' ],
1278 silly audit   accepts: [ '2.0.0' ],
1278 silly audit   'body-parser': [ '2.2.2' ],
1278 silly audit   'content-disposition': [ '1.0.1' ],
1278 silly audit   'cookie-signature': [ '1.2.2' ],
1278 silly audit   depd: [ '2.0.0' ],
1278 silly audit   encodeurl: [ '2.0.0' ],
1278 silly audit   'escape-html': [ '1.0.3' ],
1278 silly audit   etag: [ '1.8.1' ],
1278 silly audit   finalhandler: [ '2.1.1' ],
1278 silly audit   fresh: [ '2.0.0' ],
1278 silly audit   'http-errors': [ '2.0.1' ],
1278 silly audit   'merge-descriptors': [ '2.0.0' ],
1278 silly audit   'mime-types': [ '3.0.2' ],
1278 silly audit   'on-finished': [ '2.4.1' ],
1278 silly audit   once: [ '1.4.0' ],
1278 silly audit   parseurl: [ '1.3.3' ],
1278 silly audit   'proxy-addr': [ '2.0.7' ],
1278 silly audit   qs: [ '6.14.1' ],
1278 silly audit   'range-parser': [ '1.2.1' ],
1278 silly audit   router: [ '2.2.0' ],
1278 silly audit   send: [ '1.2.1' ],
1278 silly audit   'serve-static': [ '2.2.1' ],
1278 silly audit   statuses: [ '2.0.2' ],
1278 silly audit   'type-is': [ '2.0.1' ],
1278 silly audit   negotiator: [ '1.0.0' ],
1278 silly audit   bytes: [ '3.1.2' ],
1278 silly audit   'is-unicode-supported': [ '2.1.0', '1.3.0' ],
1278 silly audit   jsonfile: [ '6.2.0' ],
1278 silly audit   universalify: [ '2.0.1' ],
1278 silly audit   '@sec-ant/readable-stream': [ '0.4.1' ],
1278 silly audit   inherits: [ '2.0.4' ],
1278 silly audit   setprototypeof: [ '1.2.0' ],
1278 silly audit   toidentifier: [ '1.0.1' ],
1278 silly audit   'agent-base': [ '7.1.4' ],
1278 silly audit   'mime-db': [ '1.54.0' ],
1278 silly audit   '@inquirer/confirm': [ '5.1.21' ],
1278 silly audit   '@mswjs/interceptors': [ '0.40.0' ],
1278 silly audit   '@open-draft/deferred-promise': [ '2.2.0' ],
1278 silly audit   '@types/statuses': [ '2.0.6' ],
1278 silly audit   graphql: [ '16.12.0' ],
1278 silly audit   'headers-polyfill': [ '4.0.3' ],
1278 silly audit   'is-node-process': [ '1.2.0' ],
1278 silly audit   outvariant: [ '1.4.3' ],
1278 silly audit   'path-to-regexp': [ '6.3.0', '8.3.0' ],
1278 silly audit   rettime: [ '0.7.0' ],
1278 silly audit   'strict-event-emitter': [ '0.5.1' ],
1278 silly audit   'tough-cookie': [ '6.0.0' ],
1278 silly audit   'until-async': [ '3.0.2' ],
1278 silly audit   yargs: [ '17.7.2' ],
1278 silly audit   '@inquirer/core': [ '10.3.2' ],
1278 silly audit   '@inquirer/type': [ '3.0.10' ],
1278 silly audit   '@inquirer/ansi': [ '1.0.2' ],
1278 silly audit   '@inquirer/figures': [ '1.0.15' ],
1278 silly audit   'cli-width': [ '4.1.0' ],
1278 silly audit   'mute-stream': [ '2.0.0' ],
1278 silly audit   'wrap-ansi': [ '6.2.0', '7.0.0' ],
1278 silly audit   'yoctocolors-cjs': [ '2.1.3' ],
1278 silly audit   '@open-draft/logger': [ '0.3.0' ],
1278 silly audit   '@open-draft/until': [ '2.1.0' ],
1278 silly audit   'data-uri-to-buffer': [ '4.0.1' ],
1278 silly audit   'fetch-blob': [ '3.2.0' ],
1278 silly audit   'formdata-polyfill': [ '4.0.10' ],
1278 silly audit   'node-domexception': [ '1.0.0' ],
1278 silly audit   'web-streams-polyfill': [ '3.3.3' ],
1278 silly audit   'unicorn-magic': [ '0.3.0' ],
1278 silly audit   'ee-first': [ '1.1.1' ],
1278 silly audit   wrappy: [ '1.0.2' ],
1278 silly audit   'default-browser': [ '5.4.0' ],
1278 silly audit   'define-lazy-prop': [ '3.0.0' ],
1278 silly audit   'is-in-ssh': [ '1.0.0' ],
1278 silly audit   'is-inside-container': [ '1.0.0' ],
1278 silly audit   'powershell-utils': [ '0.1.0' ],
1278 silly audit   'wsl-utils': [ '0.3.1' ],
1278 silly audit   'bundle-name': [ '4.1.0' ],
1278 silly audit   'default-browser-id': [ '5.0.1' ],
1278 silly audit   'run-applescript': [ '7.1.0' ],
1278 silly audit   'is-docker': [ '3.0.0' ],
1278 silly audit   'cli-cursor': [ '5.0.0' ],
1278 silly audit   'cli-spinners': [ '2.9.2' ],
1278 silly audit   'is-interactive': [ '2.0.0' ],
1278 silly audit   'log-symbols': [ '6.0.0' ],
1278 silly audit   'stdin-discarder': [ '0.2.2' ],
1278 silly audit   'string-width': [ '7.2.0', '4.2.3' ],
1278 silly audit   'strip-ansi': [ '7.1.2', '6.0.1' ],
1278 silly audit   'restore-cursor': [ '5.1.0' ],
1278 silly audit   'error-ex': [ '1.3.4' ],
1278 silly audit   'json-parse-even-better-errors': [ '2.3.1' ],
1278 silly audit   'lines-and-columns': [ '1.2.4' ],
1278 silly audit   'is-arrayish': [ '0.2.1' ],
1278 silly audit   cssesc: [ '3.0.0' ],
1278 silly audit   'util-deprecate': [ '1.0.2' ],
1278 silly audit   'parse-ms': [ '4.0.0' ],
1278 silly audit   sisteransi: [ '1.0.5' ],
1278 silly audit   forwarded: [ '0.2.0' ],
1278 silly audit   'ipaddr.js': [ '1.9.1' ],
1278 silly audit   unpipe: [ '1.0.0' ],
1278 silly audit   'ast-types': [ '0.16.1' ],
1278 silly audit   esprima: [ '4.0.1' ],
1278 silly audit   'source-map': [ '0.6.1' ],
1278 silly audit   'tiny-invariant': [ '1.3.3' ],
1278 silly audit   onetime: [ '7.0.0', '5.1.2' ],
1278 silly audit   'mimic-function': [ '5.0.1' ],
1278 silly audit   'is-promise': [ '4.0.0' ],
1278 silly audit   'get-east-asian-width': [ '1.4.0' ],
1278 silly audit   'get-own-enumerable-keys': [ '1.0.0' ],
1278 silly audit   'is-obj': [ '3.0.0' ],
1278 silly audit   'is-regexp': [ '3.1.0' ],
1278 silly audit   'ansi-regex': [ '6.2.2', '5.0.1' ],
1278 silly audit   tldts: [ '7.0.19' ],
1278 silly audit   'tldts-core': [ '7.0.19' ],
1278 silly audit   '@ts-morph/common': [ '0.27.0' ],
1278 silly audit   'code-block-writer': [ '13.0.3' ],
1278 silly audit   'path-browserify': [ '1.0.1' ],
1278 silly audit   'media-typer': [ '1.1.0' ],
1278 silly audit   'is-wsl': [ '3.1.0' ],
1278 silly audit   cliui: [ '8.0.1' ],
1278 silly audit   'get-caller-file': [ '2.0.5' ],
1278 silly audit   'require-directory': [ '2.1.1' ],
1278 silly audit   y18n: [ '5.0.8' ],
1278 silly audit   'yargs-parser': [ '21.1.1' ],
1278 silly audit   'merge-stream': [ '2.0.0' ],
1278 silly audit   'mimic-fn': [ '2.1.0' ],
1278 silly audit   'fast-uri': [ '3.1.0' ],
1278 silly audit   'require-from-string': [ '2.0.2' ],
1278 silly audit   '@isaacs/brace-expansion': [ '5.0.0' ],
1278 silly audit   '@isaacs/balanced-match': [ '4.0.1' ],
1278 silly audit   'is-fullwidth-code-point': [ '3.0.0' ],
1278 silly audit   'tagged-tag': [ '1.0.0' ],
1278 silly audit   '@tailwindcss/oxide-wasm32-wasi': [ '4.1.18' ]
1278 silly audit }
1279 verbose reify failed optional dependency /Users/aditya_malur/Desktop/Gemini testing/Project Management GPT/ops-system/node_modules/lightningcss-win32-x64-msvc
1280 silly reify mark deleted [
1280 silly reify   '/Users/aditya_malur/Desktop/Gemini testing/Project Management GPT/ops-system/node_modules/lightningcss-win32-x64-msvc'
1280 silly reify ]
1281 verbose reify failed optional dependency /Users/aditya_malur/Desktop/Gemini testing/Project Management GPT/ops-system/node_modules/lightningcss-win32-arm64-msvc
1282 silly reify mark deleted [
1282 silly reify   '/Users/aditya_malur/Desktop/Gemini testing/Project Management GPT/ops-system/node_modules/lightningcss-win32-arm64-msvc'
1282 silly reify ]
1283 verbose reify failed optional dependency /Users/aditya_malur/Desktop/Gemini testing/Project Management GPT/ops-system/node_modules/lightningcss-linux-x64-musl
1284 silly reify mark deleted [
1284 silly reify   '/Users/aditya_malur/Desktop/Gemini testing/Project Management GPT/ops-system/node_modules/lightningcss-linux-x64-musl'
1284 silly reify ]
1285 verbose reify failed optional dependency /Users/aditya_malur/Desktop/Gemini testing/Project Management GPT/ops-system/node_modules/lightningcss-linux-x64-gnu
1286 silly reify mark deleted [
1286 silly reify   '/Users/aditya_malur/Desktop/Gemini testing/Project Management GPT/ops-system/node_modules/lightningcss-linux-x64-gnu'
1286 silly reify ]
1287 verbose reify failed optional dependency /Users/aditya_malur/Desktop/Gemini testing/Project Management GPT/ops-system/node_modules/lightningcss-linux-arm64-musl
1288 silly reify mark deleted [
1288 silly reify   '/Users/aditya_malur/Desktop/Gemini testing/Project Management GPT/ops-system/node_modules/lightningcss-linux-arm64-musl'
1288 silly reify ]
1289 verbose reify failed optional dependency /Users/aditya_malur/Desktop/Gemini testing/Project Management GPT/ops-system/node_modules/lightningcss-linux-arm64-gnu
1290 silly reify mark deleted [
1290 silly reify   '/Users/aditya_malur/Desktop/Gemini testing/Project Management GPT/ops-system/node_modules/lightningcss-linux-arm64-gnu'
1290 silly reify ]
1291 verbose reify failed optional dependency /Users/aditya_malur/Desktop/Gemini testing/Project Management GPT/ops-system/node_modules/lightningcss-linux-arm-gnueabihf
1292 silly reify mark deleted [
1292 silly reify   '/Users/aditya_malur/Desktop/Gemini testing/Project Management GPT/ops-system/node_modules/lightningcss-linux-arm-gnueabihf'
1292 silly reify ]
1293 verbose reify failed optional dependency /Users/aditya_malur/Desktop/Gemini testing/Project Management GPT/ops-system/node_modules/lightningcss-freebsd-x64
1294 silly reify mark deleted [
1294 silly reify   '/Users/aditya_malur/Desktop/Gemini testing/Project Management GPT/ops-system/node_modules/lightningcss-freebsd-x64'
1294 silly reify ]
1295 verbose reify failed optional dependency /Users/aditya_malur/Desktop/Gemini testing/Project Management GPT/ops-system/node_modules/lightningcss-darwin-x64
1296 silly reify mark deleted [
1296 silly reify   '/Users/aditya_malur/Desktop/Gemini testing/Project Management GPT/ops-system/node_modules/lightningcss-darwin-x64'
1296 silly reify ]
1297 verbose reify failed optional dependency /Users/aditya_malur/Desktop/Gemini testing/Project Management GPT/ops-system/node_modules/lightningcss-android-arm64
1298 silly reify mark deleted [
1298 silly reify   '/Users/aditya_malur/Desktop/Gemini testing/Project Management GPT/ops-system/node_modules/lightningcss-android-arm64'
1298 silly reify ]
1299 verbose reify failed optional dependency /Users/aditya_malur/Desktop/Gemini testing/Project Management GPT/ops-system/node_modules/@unrs/resolver-binding-win32-x64-msvc
1300 silly reify mark deleted [
1300 silly reify   '/Users/aditya_malur/Desktop/Gemini testing/Project Management GPT/ops-system/node_modules/@unrs/resolver-binding-win32-x64-msvc'
1300 silly reify ]
1301 verbose reify failed optional dependency /Users/aditya_malur/Desktop/Gemini testing/Project Management GPT/ops-system/node_modules/@unrs/resolver-binding-win32-ia32-msvc
1302 silly reify mark deleted [
1302 silly reify   '/Users/aditya_malur/Desktop/Gemini testing/Project Management GPT/ops-system/node_modules/@unrs/resolver-binding-win32-ia32-msvc'
1302 silly reify ]
1303 verbose reify failed optional dependency /Users/aditya_malur/Desktop/Gemini testing/Project Management GPT/ops-system/node_modules/@unrs/resolver-binding-win32-arm64-msvc
1304 silly reify mark deleted [
1304 silly reify   '/Users/aditya_malur/Desktop/Gemini testing/Project Management GPT/ops-system/node_modules/@unrs/resolver-binding-win32-arm64-msvc'
1304 silly reify ]
1305 verbose reify failed optional dependency /Users/aditya_malur/Desktop/Gemini testing/Project Management GPT/ops-system/node_modules/@unrs/resolver-binding-wasm32-wasi
1306 silly reify mark deleted [
1306 silly reify   '/Users/aditya_malur/Desktop/Gemini testing/Project Management GPT/ops-system/node_modules/@unrs/resolver-binding-wasm32-wasi'
1306 silly reify ]
1307 verbose reify failed optional dependency /Users/aditya_malur/Desktop/Gemini testing/Project Management GPT/ops-system/node_modules/@unrs/resolver-binding-linux-x64-musl
1308 silly reify mark deleted [
1308 silly reify   '/Users/aditya_malur/Desktop/Gemini testing/Project Management GPT/ops-system/node_modules/@unrs/resolver-binding-linux-x64-musl'
1308 silly reify ]
1309 verbose reify failed optional dependency /Users/aditya_malur/Desktop/Gemini testing/Project Management GPT/ops-system/node_modules/@unrs/resolver-binding-linux-x64-gnu
1310 silly reify mark deleted [
1310 silly reify   '/Users/aditya_malur/Desktop/Gemini testing/Project Management GPT/ops-system/node_modules/@unrs/resolver-binding-linux-x64-gnu'
1310 silly reify ]
1311 verbose reify failed optional dependency /Users/aditya_malur/Desktop/Gemini testing/Project Management GPT/ops-system/node_modules/@unrs/resolver-binding-linux-s390x-gnu
1312 silly reify mark deleted [
1312 silly reify   '/Users/aditya_malur/Desktop/Gemini testing/Project Management GPT/ops-system/node_modules/@unrs/resolver-binding-linux-s390x-gnu'
1312 silly reify ]
1313 verbose reify failed optional dependency /Users/aditya_malur/Desktop/Gemini testing/Project Management GPT/ops-system/node_modules/@unrs/resolver-binding-linux-riscv64-musl
1314 silly reify mark deleted [
1314 silly reify   '/Users/aditya_malur/Desktop/Gemini testing/Project Management GPT/ops-system/node_modules/@unrs/resolver-binding-linux-riscv64-musl'
1314 silly reify ]
1315 verbose reify failed optional dependency /Users/aditya_malur/Desktop/Gemini testing/Project Management GPT/ops-system/node_modules/@unrs/resolver-binding-linux-riscv64-gnu
1316 silly reify mark deleted [
1316 silly reify   '/Users/aditya_malur/Desktop/Gemini testing/Project Management GPT/ops-system/node_modules/@unrs/resolver-binding-linux-riscv64-gnu'
1316 silly reify ]
1317 verbose reify failed optional dependency /Users/aditya_malur/Desktop/Gemini testing/Project Management GPT/ops-system/node_modules/@unrs/resolver-binding-linux-ppc64-gnu
1318 silly reify mark deleted [
1318 silly reify   '/Users/aditya_malur/Desktop/Gemini testing/Project Management GPT/ops-system/node_modules/@unrs/resolver-binding-linux-ppc64-gnu'
1318 silly reify ]
1319 verbose reify failed optional dependency /Users/aditya_malur/Desktop/Gemini testing/Project Management GPT/ops-system/node_modules/@unrs/resolver-binding-linux-arm64-musl
1320 silly reify mark deleted [
1320 silly reify   '/Users/aditya_malur/Desktop/Gemini testing/Project Management GPT/ops-system/node_modules/@unrs/resolver-binding-linux-arm64-musl'
1320 silly reify ]
1321 verbose reify failed optional dependency /Users/aditya_malur/Desktop/Gemini testing/Project Management GPT/ops-system/node_modules/@unrs/resolver-binding-linux-arm64-gnu
1322 silly reify mark deleted [
1322 silly reify   '/Users/aditya_malur/Desktop/Gemini testing/Project Management GPT/ops-system/node_modules/@unrs/resolver-binding-linux-arm64-gnu'
1322 silly reify ]
1323 verbose reify failed optional dependency /Users/aditya_malur/Desktop/Gemini testing/Project Management GPT/ops-system/node_modules/@unrs/resolver-binding-linux-arm-musleabihf
1324 silly reify mark deleted [
1324 silly reify   '/Users/aditya_malur/Desktop/Gemini testing/Project Management GPT/ops-system/node_modules/@unrs/resolver-binding-linux-arm-musleabihf'
1324 silly reify ]
1325 verbose reify failed optional dependency /Users/aditya_malur/Desktop/Gemini testing/Project Management GPT/ops-system/node_modules/@unrs/resolver-binding-linux-arm-gnueabihf
1326 silly reify mark deleted [
1326 silly reify   '/Users/aditya_malur/Desktop/Gemini testing/Project Management GPT/ops-system/node_modules/@unrs/resolver-binding-linux-arm-gnueabihf'
1326 silly reify ]
1327 verbose reify failed optional dependency /Users/aditya_malur/Desktop/Gemini testing/Project Management GPT/ops-system/node_modules/@unrs/resolver-binding-freebsd-x64
1328 silly reify mark deleted [
1328 silly reify   '/Users/aditya_malur/Desktop/Gemini testing/Project Management GPT/ops-system/node_modules/@unrs/resolver-binding-freebsd-x64'
1328 silly reify ]
1329 verbose reify failed optional dependency /Users/aditya_malur/Desktop/Gemini testing/Project Management GPT/ops-system/node_modules/@unrs/resolver-binding-darwin-x64
1330 silly reify mark deleted [
1330 silly reify   '/Users/aditya_malur/Desktop/Gemini testing/Project Management GPT/ops-system/node_modules/@unrs/resolver-binding-darwin-x64'
1330 silly reify ]
1331 verbose reify failed optional dependency /Users/aditya_malur/Desktop/Gemini testing/Project Management GPT/ops-system/node_modules/@unrs/resolver-binding-android-arm64
1332 silly reify mark deleted [
1332 silly reify   '/Users/aditya_malur/Desktop/Gemini testing/Project Management GPT/ops-system/node_modules/@unrs/resolver-binding-android-arm64'
1332 silly reify ]
1333 verbose reify failed optional dependency /Users/aditya_malur/Desktop/Gemini testing/Project Management GPT/ops-system/node_modules/@unrs/resolver-binding-android-arm-eabi
1334 silly reify mark deleted [
1334 silly reify   '/Users/aditya_malur/Desktop/Gemini testing/Project Management GPT/ops-system/node_modules/@unrs/resolver-binding-android-arm-eabi'
1334 silly reify ]
1335 verbose reify failed optional dependency /Users/aditya_malur/Desktop/Gemini testing/Project Management GPT/ops-system/node_modules/@tailwindcss/oxide-win32-x64-msvc
1336 silly reify mark deleted [
1336 silly reify   '/Users/aditya_malur/Desktop/Gemini testing/Project Management GPT/ops-system/node_modules/@tailwindcss/oxide-win32-x64-msvc'
1336 silly reify ]
1337 verbose reify failed optional dependency /Users/aditya_malur/Desktop/Gemini testing/Project Management GPT/ops-system/node_modules/@tailwindcss/oxide-win32-arm64-msvc
1338 silly reify mark deleted [
1338 silly reify   '/Users/aditya_malur/Desktop/Gemini testing/Project Management GPT/ops-system/node_modules/@tailwindcss/oxide-win32-arm64-msvc'
1338 silly reify ]
1339 verbose reify failed optional dependency /Users/aditya_malur/Desktop/Gemini testing/Project Management GPT/ops-system/node_modules/@tailwindcss/oxide-linux-x64-musl
1340 silly reify mark deleted [
1340 silly reify   '/Users/aditya_malur/Desktop/Gemini testing/Project Management GPT/ops-system/node_modules/@tailwindcss/oxide-linux-x64-musl'
1340 silly reify ]
1341 verbose reify failed optional dependency /Users/aditya_malur/Desktop/Gemini testing/Project Management GPT/ops-system/node_modules/@tailwindcss/oxide-linux-x64-gnu
1342 silly reify mark deleted [
1342 silly reify   '/Users/aditya_malur/Desktop/Gemini testing/Project Management GPT/ops-system/node_modules/@tailwindcss/oxide-linux-x64-gnu'
1342 silly reify ]
1343 verbose reify failed optional dependency /Users/aditya_malur/Desktop/Gemini testing/Project Management GPT/ops-system/node_modules/@tailwindcss/oxide-linux-arm64-musl
1344 silly reify mark deleted [
1344 silly reify   '/Users/aditya_malur/Desktop/Gemini testing/Project Management GPT/ops-system/node_modules/@tailwindcss/oxide-linux-arm64-musl'
1344 silly reify ]
1345 verbose reify failed optional dependency /Users/aditya_malur/Desktop/Gemini testing/Project Management GPT/ops-system/node_modules/@tailwindcss/oxide-linux-arm64-gnu
1346 silly reify mark deleted [
1346 silly reify   '/Users/aditya_malur/Desktop/Gemini testing/Project Management GPT/ops-system/node_modules/@tailwindcss/oxide-linux-arm64-gnu'
1346 silly reify ]
1347 verbose reify failed optional dependency /Users/aditya_malur/Desktop/Gemini testing/Project Management GPT/ops-system/node_modules/@tailwindcss/oxide-linux-arm-gnueabihf
1348 silly reify mark deleted [
1348 silly reify   '/Users/aditya_malur/Desktop/Gemini testing/Project Management GPT/ops-system/node_modules/@tailwindcss/oxide-linux-arm-gnueabihf'
1348 silly reify ]
1349 verbose reify failed optional dependency /Users/aditya_malur/Desktop/Gemini testing/Project Management GPT/ops-system/node_modules/@tailwindcss/oxide-freebsd-x64
1350 silly reify mark deleted [
1350 silly reify   '/Users/aditya_malur/Desktop/Gemini testing/Project Management GPT/ops-system/node_modules/@tailwindcss/oxide-freebsd-x64'
1350 silly reify ]
1351 verbose reify failed optional dependency /Users/aditya_malur/Desktop/Gemini testing/Project Management GPT/ops-system/node_modules/@tailwindcss/oxide-darwin-x64
1352 silly reify mark deleted [
1352 silly reify   '/Users/aditya_malur/Desktop/Gemini testing/Project Management GPT/ops-system/node_modules/@tailwindcss/oxide-darwin-x64'
1352 silly reify ]
1353 verbose reify failed optional dependency /Users/aditya_malur/Desktop/Gemini testing/Project Management GPT/ops-system/node_modules/@tailwindcss/oxide-android-arm64
1354 silly reify mark deleted [
1354 silly reify   '/Users/aditya_malur/Desktop/Gemini testing/Project Management GPT/ops-system/node_modules/@tailwindcss/oxide-android-arm64'
1354 silly reify ]
1355 verbose reify failed optional dependency /Users/aditya_malur/Desktop/Gemini testing/Project Management GPT/ops-system/node_modules/@next/swc-win32-x64-msvc
1356 silly reify mark deleted [
1356 silly reify   '/Users/aditya_malur/Desktop/Gemini testing/Project Management GPT/ops-system/node_modules/@next/swc-win32-x64-msvc'
1356 silly reify ]
1357 verbose reify failed optional dependency /Users/aditya_malur/Desktop/Gemini testing/Project Management GPT/ops-system/node_modules/@next/swc-win32-arm64-msvc
1358 silly reify mark deleted [
1358 silly reify   '/Users/aditya_malur/Desktop/Gemini testing/Project Management GPT/ops-system/node_modules/@next/swc-win32-arm64-msvc'
1358 silly reify ]
1359 verbose reify failed optional dependency /Users/aditya_malur/Desktop/Gemini testing/Project Management GPT/ops-system/node_modules/@next/swc-linux-x64-musl
1360 silly reify mark deleted [
1360 silly reify   '/Users/aditya_malur/Desktop/Gemini testing/Project Management GPT/ops-system/node_modules/@next/swc-linux-x64-musl'
1360 silly reify ]
1361 verbose reify failed optional dependency /Users/aditya_malur/Desktop/Gemini testing/Project Management GPT/ops-system/node_modules/@next/swc-linux-x64-gnu
1362 silly reify mark deleted [
1362 silly reify   '/Users/aditya_malur/Desktop/Gemini testing/Project Management GPT/ops-system/node_modules/@next/swc-linux-x64-gnu'
1362 silly reify ]
1363 verbose reify failed optional dependency /Users/aditya_malur/Desktop/Gemini testing/Project Management GPT/ops-system/node_modules/@next/swc-linux-arm64-musl
1364 silly reify mark deleted [
1364 silly reify   '/Users/aditya_malur/Desktop/Gemini testing/Project Management GPT/ops-system/node_modules/@next/swc-linux-arm64-musl'
1364 silly reify ]
1365 verbose reify failed optional dependency /Users/aditya_malur/Desktop/Gemini testing/Project Management GPT/ops-system/node_modules/@next/swc-linux-arm64-gnu
1366 silly reify mark deleted [
1366 silly reify   '/Users/aditya_malur/Desktop/Gemini testing/Project Management GPT/ops-system/node_modules/@next/swc-linux-arm64-gnu'
1366 silly reify ]
1367 verbose reify failed optional dependency /Users/aditya_malur/Desktop/Gemini testing/Project Management GPT/ops-system/node_modules/@next/swc-darwin-x64
1368 silly reify mark deleted [
1368 silly reify   '/Users/aditya_malur/Desktop/Gemini testing/Project Management GPT/ops-system/node_modules/@next/swc-darwin-x64'
1368 silly reify ]
1369 verbose reify failed optional dependency /Users/aditya_malur/Desktop/Gemini testing/Project Management GPT/ops-system/node_modules/@img/sharp-win32-x64
1370 silly reify mark deleted [
1370 silly reify   '/Users/aditya_malur/Desktop/Gemini testing/Project Management GPT/ops-system/node_modules/@img/sharp-win32-x64'
1370 silly reify ]
1371 verbose reify failed optional dependency /Users/aditya_malur/Desktop/Gemini testing/Project Management GPT/ops-system/node_modules/@img/sharp-win32-ia32
1372 silly reify mark deleted [
1372 silly reify   '/Users/aditya_malur/Desktop/Gemini testing/Project Management GPT/ops-system/node_modules/@img/sharp-win32-ia32'
1372 silly reify ]
1373 verbose reify failed optional dependency /Users/aditya_malur/Desktop/Gemini testing/Project Management GPT/ops-system/node_modules/@img/sharp-win32-arm64
1374 silly reify mark deleted [
1374 silly reify   '/Users/aditya_malur/Desktop/Gemini testing/Project Management GPT/ops-system/node_modules/@img/sharp-win32-arm64'
1374 silly reify ]
1375 verbose reify failed optional dependency /Users/aditya_malur/Desktop/Gemini testing/Project Management GPT/ops-system/node_modules/@img/sharp-wasm32
1376 silly reify mark deleted [
1376 silly reify   '/Users/aditya_malur/Desktop/Gemini testing/Project Management GPT/ops-system/node_modules/@img/sharp-wasm32'
1376 silly reify ]
1377 verbose reify failed optional dependency /Users/aditya_malur/Desktop/Gemini testing/Project Management GPT/ops-system/node_modules/@img/sharp-linuxmusl-x64
1378 silly reify mark deleted [
1378 silly reify   '/Users/aditya_malur/Desktop/Gemini testing/Project Management GPT/ops-system/node_modules/@img/sharp-linuxmusl-x64'
1378 silly reify ]
1379 verbose reify failed optional dependency /Users/aditya_malur/Desktop/Gemini testing/Project Management GPT/ops-system/node_modules/@img/sharp-linuxmusl-arm64
1380 silly reify mark deleted [
1380 silly reify   '/Users/aditya_malur/Desktop/Gemini testing/Project Management GPT/ops-system/node_modules/@img/sharp-linuxmusl-arm64'
1380 silly reify ]
1381 verbose reify failed optional dependency /Users/aditya_malur/Desktop/Gemini testing/Project Management GPT/ops-system/node_modules/@img/sharp-linux-x64
1382 silly reify mark deleted [
1382 silly reify   '/Users/aditya_malur/Desktop/Gemini testing/Project Management GPT/ops-system/node_modules/@img/sharp-linux-x64'
1382 silly reify ]
1383 verbose reify failed optional dependency /Users/aditya_malur/Desktop/Gemini testing/Project Management GPT/ops-system/node_modules/@img/sharp-linux-s390x
1384 silly reify mark deleted [
1384 silly reify   '/Users/aditya_malur/Desktop/Gemini testing/Project Management GPT/ops-system/node_modules/@img/sharp-linux-s390x'
1384 silly reify ]
1385 verbose reify failed optional dependency /Users/aditya_malur/Desktop/Gemini testing/Project Management GPT/ops-system/node_modules/@img/sharp-linux-riscv64
1386 silly reify mark deleted [
1386 silly reify   '/Users/aditya_malur/Desktop/Gemini testing/Project Management GPT/ops-system/node_modules/@img/sharp-linux-riscv64'
1386 silly reify ]
1387 verbose reify failed optional dependency /Users/aditya_malur/Desktop/Gemini testing/Project Management GPT/ops-system/node_modules/@img/sharp-linux-ppc64
1388 silly reify mark deleted [
1388 silly reify   '/Users/aditya_malur/Desktop/Gemini testing/Project Management GPT/ops-system/node_modules/@img/sharp-linux-ppc64'
1388 silly reify ]
1389 verbose reify failed optional dependency /Users/aditya_malur/Desktop/Gemini testing/Project Management GPT/ops-system/node_modules/@img/sharp-linux-arm64
1390 silly reify mark deleted [
1390 silly reify   '/Users/aditya_malur/Desktop/Gemini testing/Project Management GPT/ops-system/node_modules/@img/sharp-linux-arm64'
1390 silly reify ]
1391 verbose reify failed optional dependency /Users/aditya_malur/Desktop/Gemini testing/Project Management GPT/ops-system/node_modules/@img/sharp-linux-arm
1392 silly reify mark deleted [
1392 silly reify   '/Users/aditya_malur/Desktop/Gemini testing/Project Management GPT/ops-system/node_modules/@img/sharp-linux-arm'
1392 silly reify ]
1393 verbose reify failed optional dependency /Users/aditya_malur/Desktop/Gemini testing/Project Management GPT/ops-system/node_modules/@img/sharp-libvips-linuxmusl-x64
1394 silly reify mark deleted [
1394 silly reify   '/Users/aditya_malur/Desktop/Gemini testing/Project Management GPT/ops-system/node_modules/@img/sharp-libvips-linuxmusl-x64'
1394 silly reify ]
1395 verbose reify failed optional dependency /Users/aditya_malur/Desktop/Gemini testing/Project Management GPT/ops-system/node_modules/@img/sharp-libvips-linuxmusl-arm64
1396 silly reify mark deleted [
1396 silly reify   '/Users/aditya_malur/Desktop/Gemini testing/Project Management GPT/ops-system/node_modules/@img/sharp-libvips-linuxmusl-arm64'
1396 silly reify ]
1397 verbose reify failed optional dependency /Users/aditya_malur/Desktop/Gemini testing/Project Management GPT/ops-system/node_modules/@img/sharp-libvips-linux-x64
1398 silly reify mark deleted [
1398 silly reify   '/Users/aditya_malur/Desktop/Gemini testing/Project Management GPT/ops-system/node_modules/@img/sharp-libvips-linux-x64'
1398 silly reify ]
1399 verbose reify failed optional dependency /Users/aditya_malur/Desktop/Gemini testing/Project Management GPT/ops-system/node_modules/@img/sharp-libvips-linux-s390x
1400 silly reify mark deleted [
1400 silly reify   '/Users/aditya_malur/Desktop/Gemini testing/Project Management GPT/ops-system/node_modules/@img/sharp-libvips-linux-s390x'
1400 silly reify ]
1401 verbose reify failed optional dependency /Users/aditya_malur/Desktop/Gemini testing/Project Management GPT/ops-system/node_modules/@img/sharp-libvips-linux-riscv64
1402 silly reify mark deleted [
1402 silly reify   '/Users/aditya_malur/Desktop/Gemini testing/Project Management GPT/ops-system/node_modules/@img/sharp-libvips-linux-riscv64'
1402 silly reify ]
1403 verbose reify failed optional dependency /Users/aditya_malur/Desktop/Gemini testing/Project Management GPT/ops-system/node_modules/@img/sharp-libvips-linux-ppc64
1404 silly reify mark deleted [
1404 silly reify   '/Users/aditya_malur/Desktop/Gemini testing/Project Management GPT/ops-system/node_modules/@img/sharp-libvips-linux-ppc64'
1404 silly reify ]
1405 verbose reify failed optional dependency /Users/aditya_malur/Desktop/Gemini testing/Project Management GPT/ops-system/node_modules/@img/sharp-libvips-linux-arm64
1406 silly reify mark deleted [
1406 silly reify   '/Users/aditya_malur/Desktop/Gemini testing/Project Management GPT/ops-system/node_modules/@img/sharp-libvips-linux-arm64'
1406 silly reify ]
1407 verbose reify failed optional dependency /Users/aditya_malur/Desktop/Gemini testing/Project Management GPT/ops-system/node_modules/@img/sharp-libvips-linux-arm
1408 silly reify mark deleted [
1408 silly reify   '/Users/aditya_malur/Desktop/Gemini testing/Project Management GPT/ops-system/node_modules/@img/sharp-libvips-linux-arm'
1408 silly reify ]
1409 verbose reify failed optional dependency /Users/aditya_malur/Desktop/Gemini testing/Project Management GPT/ops-system/node_modules/@img/sharp-libvips-darwin-x64
1410 silly reify mark deleted [
1410 silly reify   '/Users/aditya_malur/Desktop/Gemini testing/Project Management GPT/ops-system/node_modules/@img/sharp-libvips-darwin-x64'
1410 silly reify ]
1411 verbose reify failed optional dependency /Users/aditya_malur/Desktop/Gemini testing/Project Management GPT/ops-system/node_modules/@img/sharp-darwin-x64
1412 silly reify mark deleted [
1412 silly reify   '/Users/aditya_malur/Desktop/Gemini testing/Project Management GPT/ops-system/node_modules/@img/sharp-darwin-x64'
1412 silly reify ]
1413 http cache tagged-tag@https://registry.npmjs.org/tagged-tag/-/tagged-tag-1.0.0.tgz 0ms (cache hit)
1414 http cache is-fullwidth-code-point@https://registry.npmjs.org/is-fullwidth-code-point/-/is-fullwidth-code-point-3.0.0.tgz 0ms (cache hit)
1415 http cache @isaacs/brace-expansion@https://registry.npmjs.org/@isaacs/brace-expansion/-/brace-expansion-5.0.0.tgz 0ms (cache hit)
1416 http cache fast-uri@https://registry.npmjs.org/fast-uri/-/fast-uri-3.1.0.tgz 0ms (cache hit)
1417 http cache mimic-fn@https://registry.npmjs.org/mimic-fn/-/mimic-fn-2.1.0.tgz 0ms (cache hit)
1418 http cache require-directory@https://registry.npmjs.org/require-directory/-/require-directory-2.1.1.tgz 0ms (cache hit)
1419 http cache yargs-parser@https://registry.npmjs.org/yargs-parser/-/yargs-parser-21.1.1.tgz 0ms (cache hit)
1420 http cache y18n@https://registry.npmjs.org/y18n/-/y18n-5.0.8.tgz 0ms (cache hit)
1421 http cache get-caller-file@https://registry.npmjs.org/get-caller-file/-/get-caller-file-2.0.5.tgz 0ms (cache hit)
1422 http cache media-typer@https://registry.npmjs.org/media-typer/-/media-typer-1.1.0.tgz 0ms (cache hit)
1423 http cache cliui@https://registry.npmjs.org/cliui/-/cliui-8.0.1.tgz 0ms (cache hit)
1424 http cache require-from-string@https://registry.npmjs.org/require-from-string/-/require-from-string-2.0.2.tgz 0ms (cache hit)
1425 http cache is-wsl@https://registry.npmjs.org/is-wsl/-/is-wsl-3.1.0.tgz 0ms (cache hit)
1426 http cache path-browserify@https://registry.npmjs.org/path-browserify/-/path-browserify-1.0.1.tgz 0ms (cache hit)
1427 http cache tldts-core@https://registry.npmjs.org/tldts-core/-/tldts-core-7.0.19.tgz 0ms (cache hit)
1428 http cache @ts-morph/common@https://registry.npmjs.org/@ts-morph/common/-/common-0.27.0.tgz 0ms (cache hit)
1429 http cache tldts@https://registry.npmjs.org/tldts/-/tldts-7.0.19.tgz 0ms (cache hit)
1430 http cache ansi-regex@https://registry.npmjs.org/ansi-regex/-/ansi-regex-6.2.2.tgz 0ms (cache hit)
1431 http cache is-regexp@https://registry.npmjs.org/is-regexp/-/is-regexp-3.1.0.tgz 0ms (cache hit)
1432 http cache is-obj@https://registry.npmjs.org/is-obj/-/is-obj-3.0.0.tgz 0ms (cache hit)
1433 http cache get-own-enumerable-keys@https://registry.npmjs.org/get-own-enumerable-keys/-/get-own-enumerable-keys-1.0.0.tgz 0ms (cache hit)
1434 http cache merge-stream@https://registry.npmjs.org/merge-stream/-/merge-stream-2.0.0.tgz 0ms (cache hit)
1435 http cache get-east-asian-width@https://registry.npmjs.org/get-east-asian-width/-/get-east-asian-width-1.4.0.tgz 0ms (cache hit)
1436 http cache is-promise@https://registry.npmjs.org/is-promise/-/is-promise-4.0.0.tgz 0ms (cache hit)
1437 http cache code-block-writer@https://registry.npmjs.org/code-block-writer/-/code-block-writer-13.0.3.tgz 0ms (cache hit)
1438 http cache mimic-function@https://registry.npmjs.org/mimic-function/-/mimic-function-5.0.1.tgz 0ms (cache hit)
1439 http cache onetime@https://registry.npmjs.org/onetime/-/onetime-7.0.0.tgz 0ms (cache hit)
1440 http cache tiny-invariant@https://registry.npmjs.org/tiny-invariant/-/tiny-invariant-1.3.3.tgz 0ms (cache hit)
1441 http cache esprima@https://registry.npmjs.org/esprima/-/esprima-4.0.1.tgz 0ms (cache hit)
1442 http cache ast-types@https://registry.npmjs.org/ast-types/-/ast-types-0.16.1.tgz 1ms (cache hit)
1443 http cache unpipe@https://registry.npmjs.org/unpipe/-/unpipe-1.0.0.tgz 0ms (cache hit)
1444 http cache ipaddr.js@https://registry.npmjs.org/ipaddr.js/-/ipaddr.js-1.9.1.tgz 0ms (cache hit)
1445 http cache forwarded@https://registry.npmjs.org/forwarded/-/forwarded-0.2.0.tgz 0ms (cache hit)
1446 http cache sisteransi@https://registry.npmjs.org/sisteransi/-/sisteransi-1.0.5.tgz 0ms (cache hit)
1447 http cache util-deprecate@https://registry.npmjs.org/util-deprecate/-/util-deprecate-1.0.2.tgz 0ms (cache hit)
1448 http cache cssesc@https://registry.npmjs.org/cssesc/-/cssesc-3.0.0.tgz 0ms (cache hit)
1449 http cache source-map@https://registry.npmjs.org/source-map/-/source-map-0.6.1.tgz 0ms (cache hit)
1450 http cache is-arrayish@https://registry.npmjs.org/is-arrayish/-/is-arrayish-0.2.1.tgz 0ms (cache hit)
1451 http cache lines-and-columns@https://registry.npmjs.org/lines-and-columns/-/lines-and-columns-1.2.4.tgz 0ms (cache hit)
1452 http cache restore-cursor@https://registry.npmjs.org/restore-cursor/-/restore-cursor-5.1.0.tgz 0ms (cache hit)
1453 http cache error-ex@https://registry.npmjs.org/error-ex/-/error-ex-1.3.4.tgz 0ms (cache hit)
1454 http cache strip-ansi@https://registry.npmjs.org/strip-ansi/-/strip-ansi-7.1.2.tgz 0ms (cache hit)
1455 http cache parse-ms@https://registry.npmjs.org/parse-ms/-/parse-ms-4.0.0.tgz 0ms (cache hit)
1456 http cache string-width@https://registry.npmjs.org/string-width/-/string-width-7.2.0.tgz 0ms (cache hit)
1457 http cache json-parse-even-better-errors@https://registry.npmjs.org/json-parse-even-better-errors/-/json-parse-even-better-errors-2.3.1.tgz 0ms (cache hit)
1458 http cache log-symbols@https://registry.npmjs.org/log-symbols/-/log-symbols-6.0.0.tgz 0ms (cache hit)
1459 http cache stdin-discarder@https://registry.npmjs.org/stdin-discarder/-/stdin-discarder-0.2.2.tgz 0ms (cache hit)
1460 http cache cli-spinners@https://registry.npmjs.org/cli-spinners/-/cli-spinners-2.9.2.tgz 0ms (cache hit)
1461 http cache is-interactive@https://registry.npmjs.org/is-interactive/-/is-interactive-2.0.0.tgz 0ms (cache hit)
1462 http cache cli-cursor@https://registry.npmjs.org/cli-cursor/-/cli-cursor-5.0.0.tgz 0ms (cache hit)
1463 http cache run-applescript@https://registry.npmjs.org/run-applescript/-/run-applescript-7.1.0.tgz 0ms (cache hit)
1464 http cache is-docker@https://registry.npmjs.org/is-docker/-/is-docker-3.0.0.tgz 0ms (cache hit)
1465 http cache default-browser-id@https://registry.npmjs.org/default-browser-id/-/default-browser-id-5.0.1.tgz 0ms (cache hit)
1466 http cache wsl-utils@https://registry.npmjs.org/wsl-utils/-/wsl-utils-0.3.1.tgz 0ms (cache hit)
1467 http cache bundle-name@https://registry.npmjs.org/bundle-name/-/bundle-name-4.1.0.tgz 0ms (cache hit)
1468 http cache powershell-utils@https://registry.npmjs.org/powershell-utils/-/powershell-utils-0.1.0.tgz 0ms (cache hit)
1469 http cache is-inside-container@https://registry.npmjs.org/is-inside-container/-/is-inside-container-1.0.0.tgz 0ms (cache hit)
1470 http cache is-in-ssh@https://registry.npmjs.org/is-in-ssh/-/is-in-ssh-1.0.0.tgz 0ms (cache hit)
1471 http cache define-lazy-prop@https://registry.npmjs.org/define-lazy-prop/-/define-lazy-prop-3.0.0.tgz 0ms (cache hit)
1472 http cache default-browser@https://registry.npmjs.org/default-browser/-/default-browser-5.4.0.tgz 0ms (cache hit)
1473 http cache wrappy@https://registry.npmjs.org/wrappy/-/wrappy-1.0.2.tgz 0ms (cache hit)
1474 http cache web-streams-polyfill@https://registry.npmjs.org/web-streams-polyfill/-/web-streams-polyfill-3.3.3.tgz 0ms (cache hit)
1475 http cache unicorn-magic@https://registry.npmjs.org/unicorn-magic/-/unicorn-magic-0.3.0.tgz 0ms (cache hit)
1476 http cache node-domexception@https://registry.npmjs.org/node-domexception/-/node-domexception-1.0.0.tgz 0ms (cache hit)
1477 http cache formdata-polyfill@https://registry.npmjs.org/formdata-polyfill/-/formdata-polyfill-4.0.10.tgz 0ms (cache hit)
1478 http cache fetch-blob@https://registry.npmjs.org/fetch-blob/-/fetch-blob-3.2.0.tgz 0ms (cache hit)
1479 http cache data-uri-to-buffer@https://registry.npmjs.org/data-uri-to-buffer/-/data-uri-to-buffer-4.0.1.tgz 0ms (cache hit)
1480 http cache ee-first@https://registry.npmjs.org/ee-first/-/ee-first-1.1.1.tgz 0ms (cache hit)
1481 http cache @open-draft/until@https://registry.npmjs.org/@open-draft/until/-/until-2.1.0.tgz 0ms (cache hit)
1482 http cache @open-draft/logger@https://registry.npmjs.org/@open-draft/logger/-/logger-0.3.0.tgz 0ms (cache hit)
1483 http cache yoctocolors-cjs@https://registry.npmjs.org/yoctocolors-cjs/-/yoctocolors-cjs-2.1.3.tgz 0ms (cache hit)
1484 http cache wrap-ansi@https://registry.npmjs.org/wrap-ansi/-/wrap-ansi-6.2.0.tgz 0ms (cache hit)
1485 http cache cli-width@https://registry.npmjs.org/cli-width/-/cli-width-4.1.0.tgz 0ms (cache hit)
1486 http cache @inquirer/figures@https://registry.npmjs.org/@inquirer/figures/-/figures-1.0.15.tgz 0ms (cache hit)
1487 http cache @inquirer/type@https://registry.npmjs.org/@inquirer/type/-/type-3.0.10.tgz 0ms (cache hit)
1488 http cache @inquirer/ansi@https://registry.npmjs.org/@inquirer/ansi/-/ansi-1.0.2.tgz 0ms (cache hit)
1489 http cache mute-stream@https://registry.npmjs.org/mute-stream/-/mute-stream-2.0.0.tgz 0ms (cache hit)
1490 http cache @inquirer/core@https://registry.npmjs.org/@inquirer/core/-/core-10.3.2.tgz 0ms (cache hit)
1491 http cache until-async@https://registry.npmjs.org/until-async/-/until-async-3.0.2.tgz 0ms (cache hit)
1492 http cache tough-cookie@https://registry.npmjs.org/tough-cookie/-/tough-cookie-6.0.0.tgz 0ms (cache hit)
1493 http cache rettime@https://registry.npmjs.org/rettime/-/rettime-0.7.0.tgz 0ms (cache hit)
1494 http cache path-to-regexp@https://registry.npmjs.org/path-to-regexp/-/path-to-regexp-6.3.0.tgz 0ms (cache hit)
1495 http cache outvariant@https://registry.npmjs.org/outvariant/-/outvariant-1.4.3.tgz 0ms (cache hit)
1496 http cache strict-event-emitter@https://registry.npmjs.org/strict-event-emitter/-/strict-event-emitter-0.5.1.tgz 0ms (cache hit)
1497 http cache is-node-process@https://registry.npmjs.org/is-node-process/-/is-node-process-1.2.0.tgz 0ms (cache hit)
1498 http cache yargs@https://registry.npmjs.org/yargs/-/yargs-17.7.2.tgz 0ms (cache hit)
1499 http cache headers-polyfill@https://registry.npmjs.org/headers-polyfill/-/headers-polyfill-4.0.3.tgz 0ms (cache hit)
1500 http cache @types/statuses@https://registry.npmjs.org/@types/statuses/-/statuses-2.0.6.tgz 0ms (cache hit)
1501 http cache @mswjs/interceptors@https://registry.npmjs.org/@mswjs/interceptors/-/interceptors-0.40.0.tgz 0ms (cache hit)
1502 http cache @inquirer/confirm@https://registry.npmjs.org/@inquirer/confirm/-/confirm-5.1.21.tgz 0ms (cache hit)
1503 http cache graphql@https://registry.npmjs.org/graphql/-/graphql-16.12.0.tgz 0ms (cache hit)
1504 http cache mime-db@https://registry.npmjs.org/mime-db/-/mime-db-1.54.0.tgz 0ms (cache hit)
1505 http cache agent-base@https://registry.npmjs.org/agent-base/-/agent-base-7.1.4.tgz 0ms (cache hit)
1506 http cache @open-draft/deferred-promise@https://registry.npmjs.org/@open-draft/deferred-promise/-/deferred-promise-2.2.0.tgz 0ms (cache hit)
1507 http cache inherits@https://registry.npmjs.org/inherits/-/inherits-2.0.4.tgz 0ms (cache hit)
1508 http cache toidentifier@https://registry.npmjs.org/toidentifier/-/toidentifier-1.0.1.tgz 0ms (cache hit)
1509 http cache setprototypeof@https://registry.npmjs.org/setprototypeof/-/setprototypeof-1.2.0.tgz 0ms (cache hit)
1510 http cache jsonfile@https://registry.npmjs.org/jsonfile/-/jsonfile-6.2.0.tgz 0ms (cache hit)
1511 http cache universalify@https://registry.npmjs.org/universalify/-/universalify-2.0.1.tgz 0ms (cache hit)
1512 http cache @sec-ant/readable-stream@https://registry.npmjs.org/@sec-ant/readable-stream/-/readable-stream-0.4.1.tgz 0ms (cache hit)
1513 http cache bytes@https://registry.npmjs.org/bytes/-/bytes-3.1.2.tgz 0ms (cache hit)
1514 http cache statuses@https://registry.npmjs.org/statuses/-/statuses-2.0.2.tgz 0ms (cache hit)
1515 http cache negotiator@https://registry.npmjs.org/negotiator/-/negotiator-1.0.0.tgz 0ms (cache hit)
1516 http cache serve-static@https://registry.npmjs.org/serve-static/-/serve-static-2.2.1.tgz 0ms (cache hit)
1517 http cache type-is@https://registry.npmjs.org/type-is/-/type-is-2.0.1.tgz 0ms (cache hit)
1518 http cache send@https://registry.npmjs.org/send/-/send-1.2.1.tgz 0ms (cache hit)
1519 http cache is-unicode-supported@https://registry.npmjs.org/is-unicode-supported/-/is-unicode-supported-2.1.0.tgz 0ms (cache hit)
1520 http cache qs@https://registry.npmjs.org/qs/-/qs-6.14.1.tgz 0ms (cache hit)
1521 http cache range-parser@https://registry.npmjs.org/range-parser/-/range-parser-1.2.1.tgz 0ms (cache hit)
1522 http cache router@https://registry.npmjs.org/router/-/router-2.2.0.tgz 0ms (cache hit)
1523 http cache parseurl@https://registry.npmjs.org/parseurl/-/parseurl-1.3.3.tgz 0ms (cache hit)
1524 http cache proxy-addr@https://registry.npmjs.org/proxy-addr/-/proxy-addr-2.0.7.tgz 0ms (cache hit)
1525 http cache on-finished@https://registry.npmjs.org/on-finished/-/on-finished-2.4.1.tgz 0ms (cache hit)
1526 http cache once@https://registry.npmjs.org/once/-/once-1.4.0.tgz 0ms (cache hit)
1527 http cache mime-types@https://registry.npmjs.org/mime-types/-/mime-types-3.0.2.tgz 0ms (cache hit)
1528 http cache merge-descriptors@https://registry.npmjs.org/merge-descriptors/-/merge-descriptors-2.0.0.tgz 0ms (cache hit)
1529 http cache http-errors@https://registry.npmjs.org/http-errors/-/http-errors-2.0.1.tgz 0ms (cache hit)
1530 http cache fresh@https://registry.npmjs.org/fresh/-/fresh-2.0.0.tgz 0ms (cache hit)
1531 http cache escape-html@https://registry.npmjs.org/escape-html/-/escape-html-1.0.3.tgz 0ms (cache hit)
1532 http cache finalhandler@https://registry.npmjs.org/finalhandler/-/finalhandler-2.1.1.tgz 0ms (cache hit)
1533 http cache encodeurl@https://registry.npmjs.org/encodeurl/-/encodeurl-2.0.0.tgz 0ms (cache hit)
1534 http cache depd@https://registry.npmjs.org/depd/-/depd-2.0.0.tgz 0ms (cache hit)
1535 http cache etag@https://registry.npmjs.org/etag/-/etag-1.8.1.tgz 0ms (cache hit)
1536 http cache content-disposition@https://registry.npmjs.org/content-disposition/-/content-disposition-1.0.1.tgz 0ms (cache hit)
1537 http cache cookie-signature@https://registry.npmjs.org/cookie-signature/-/cookie-signature-1.2.2.tgz 0ms (cache hit)
1538 http cache body-parser@https://registry.npmjs.org/body-parser/-/body-parser-2.2.2.tgz 0ms (cache hit)
1539 http cache pretty-ms@https://registry.npmjs.org/pretty-ms/-/pretty-ms-9.3.0.tgz 0ms (cache hit)
1540 http cache yoctocolors@https://registry.npmjs.org/yoctocolors/-/yoctocolors-2.1.2.tgz 0ms (cache hit)
1541 http cache accepts@https://registry.npmjs.org/accepts/-/accepts-2.0.0.tgz 0ms (cache hit)
1542 http cache npm-run-path@https://registry.npmjs.org/npm-run-path/-/npm-run-path-6.0.0.tgz 0ms (cache hit)
1543 http cache is-plain-obj@https://registry.npmjs.org/is-plain-obj/-/is-plain-obj-4.1.0.tgz 0ms (cache hit)
1544 http cache is-stream@https://registry.npmjs.org/is-stream/-/is-stream-4.0.1.tgz 0ms (cache hit)
1545 http cache human-signals@https://registry.npmjs.org/human-signals/-/human-signals-8.0.1.tgz 0ms (cache hit)
1546 http cache figures@https://registry.npmjs.org/figures/-/figures-6.1.0.tgz 0ms (cache hit)
1547 http cache strip-final-newline@https://registry.npmjs.org/strip-final-newline/-/strip-final-newline-4.0.0.tgz 0ms (cache hit)
1548 http cache get-stream@https://registry.npmjs.org/get-stream/-/get-stream-9.0.1.tgz 0ms (cache hit)
1549 http cache @noble/curves@https://registry.npmjs.org/@noble/curves/-/curves-1.9.7.tgz 0ms (cache hit)
1550 http cache @sindresorhus/merge-streams@https://registry.npmjs.org/@sindresorhus/merge-streams/-/merge-streams-4.0.0.tgz 0ms (cache hit)
1551 http cache @noble/hashes@https://registry.npmjs.org/@noble/hashes/-/hashes-1.8.0.tgz 0ms (cache hit)
1552 http cache @ecies/ciphers@https://registry.npmjs.org/@ecies/ciphers/-/ciphers-0.2.5.tgz 0ms (cache hit)
1553 http cache parse-json@https://registry.npmjs.org/parse-json/-/parse-json-5.2.0.tgz 0ms (cache hit)
1554 http cache @noble/ciphers@https://registry.npmjs.org/@noble/ciphers/-/ciphers-1.3.0.tgz 0ms (cache hit)
1555 http cache vary@https://registry.npmjs.org/vary/-/vary-1.1.2.tgz 0ms (cache hit)
1556 http cache env-paths@https://registry.npmjs.org/env-paths/-/env-paths-2.2.1.tgz 0ms (cache hit)
1557 http cache json-schema-typed@https://registry.npmjs.org/json-schema-typed/-/json-schema-typed-8.0.2.tgz 0ms (cache hit)
1558 http cache raw-body@https://registry.npmjs.org/raw-body/-/raw-body-3.0.2.tgz 0ms (cache hit)
1559 http cache express@https://registry.npmjs.org/express/-/express-5.2.1.tgz 0ms (cache hit)
1560 http cache jose@https://registry.npmjs.org/jose/-/jose-6.1.3.tgz 0ms (cache hit)
1561 http cache express-rate-limit@https://registry.npmjs.org/express-rate-limit/-/express-rate-limit-7.5.1.tgz 0ms (cache hit)
1562 http cache eventsource-parser@https://registry.npmjs.org/eventsource-parser/-/eventsource-parser-3.0.6.tgz 0ms (cache hit)
1563 http cache cors@https://registry.npmjs.org/cors/-/cors-2.8.5.tgz 0ms (cache hit)
1564 http cache eventsource@https://registry.npmjs.org/eventsource/-/eventsource-3.0.7.tgz 0ms (cache hit)
1565 http cache pkce-challenge@https://registry.npmjs.org/pkce-challenge/-/pkce-challenge-5.0.1.tgz 0ms (cache hit)
1566 http cache ajv-formats@https://registry.npmjs.org/ajv-formats/-/ajv-formats-3.0.1.tgz 0ms (cache hit)
1567 http cache content-type@https://registry.npmjs.org/content-type/-/content-type-1.0.5.tgz 0ms (cache hit)
1568 http cache @babel/plugin-transform-modules-commonjs@https://registry.npmjs.org/@babel/plugin-transform-modules-commonjs/-/plugin-transform-modules-commonjs-7.27.1.tgz 0ms (cache hit)
1569 http cache eciesjs@https://registry.npmjs.org/eciesjs/-/eciesjs-0.4.16.tgz 0ms (cache hit)
1570 http cache @babel/plugin-syntax-jsx@https://registry.npmjs.org/@babel/plugin-syntax-jsx/-/plugin-syntax-jsx-7.27.1.tgz 0ms (cache hit)
1571 http cache @babel/helper-member-expression-to-functions@https://registry.npmjs.org/@babel/helper-member-expression-to-functions/-/helper-member-expression-to-functions-7.28.5.tgz 0ms (cache hit)
1572 http cache @babel/helper-replace-supers@https://registry.npmjs.org/@babel/helper-replace-supers/-/helper-replace-supers-7.27.1.tgz 0ms (cache hit)
1573 http cache @babel/plugin-syntax-typescript@https://registry.npmjs.org/@babel/plugin-syntax-typescript/-/plugin-syntax-typescript-7.27.1.tgz 0ms (cache hit)
1574 http cache object-treeify@https://registry.npmjs.org/object-treeify/-/object-treeify-1.1.33.tgz 0ms (cache hit)
1575 http cache @babel/helper-skip-transparent-expression-wrappers@https://registry.npmjs.org/@babel/helper-skip-transparent-expression-wrappers/-/helper-skip-transparent-expression-wrappers-7.27.1.tgz 0ms (cache hit)
1576 http cache @babel/helper-create-class-features-plugin@https://registry.npmjs.org/@babel/helper-create-class-features-plugin/-/helper-create-class-features-plugin-7.28.5.tgz 0ms (cache hit)
1577 http cache @babel/helper-optimise-call-expression@https://registry.npmjs.org/@babel/helper-optimise-call-expression/-/helper-optimise-call-expression-7.27.1.tgz 0ms (cache hit)
1578 http cache @babel/helper-annotate-as-pure@https://registry.npmjs.org/@babel/helper-annotate-as-pure/-/helper-annotate-as-pure-7.27.3.tgz 0ms (cache hit)
1579 http cache package-manager-detector@https://registry.npmjs.org/package-manager-detector/-/package-manager-detector-1.6.0.tgz 0ms (cache hit)
1580 http cache @babel/helper-plugin-utils@https://registry.npmjs.org/@babel/helper-plugin-utils/-/helper-plugin-utils-7.27.1.tgz 0ms (cache hit)
1581 http cache zod-to-json-schema@https://registry.npmjs.org/zod-to-json-schema/-/zod-to-json-schema-3.25.1.tgz 0ms (cache hit)
1582 http cache ts-morph@https://registry.npmjs.org/ts-morph/-/ts-morph-26.0.0.tgz 0ms (cache hit)
1583 http cache stringify-object@https://registry.npmjs.org/stringify-object/-/stringify-object-5.0.0.tgz 0ms (cache hit)
1584 http cache recast@https://registry.npmjs.org/recast/-/recast-0.23.11.tgz 0ms (cache hit)
1585 http cache prompts@https://registry.npmjs.org/prompts/-/prompts-2.4.2.tgz 0ms (cache hit)
1586 http cache postcss-selector-parser@https://registry.npmjs.org/postcss-selector-parser/-/postcss-selector-parser-7.1.1.tgz 0ms (cache hit)
1587 http cache ora@https://registry.npmjs.org/ora/-/ora-8.2.0.tgz 0ms (cache hit)
1588 http cache open@https://registry.npmjs.org/open/-/open-11.0.0.tgz 0ms (cache hit)
1589 http cache validate-npm-package-name@https://registry.npmjs.org/validate-npm-package-name/-/validate-npm-package-name-7.0.2.tgz 0ms (cache hit)
1590 http cache msw@https://registry.npmjs.org/msw/-/msw-2.12.7.tgz 0ms (cache hit)
1591 http cache kleur@https://registry.npmjs.org/kleur/-/kleur-4.1.5.tgz 0ms (cache hit)
1592 http cache https-proxy-agent@https://registry.npmjs.org/https-proxy-agent/-/https-proxy-agent-7.0.6.tgz 0ms (cache hit)
1593 http cache fzf@https://registry.npmjs.org/fzf/-/fzf-0.5.2.tgz 0ms (cache hit)
1594 http cache fuzzysort@https://registry.npmjs.org/fuzzysort/-/fuzzysort-3.1.0.tgz 0ms (cache hit)
1595 http cache ansis@https://registry.npmjs.org/ansis/-/ansis-4.2.0.tgz 0ms (cache hit)
1596 http cache fs-extra@https://registry.npmjs.org/fs-extra/-/fs-extra-11.3.3.tgz 0ms (cache hit)
1597 http cache diff@https://registry.npmjs.org/diff/-/diff-8.0.2.tgz 0ms (cache hit)
1598 http cache dedent@https://registry.npmjs.org/dedent/-/dedent-1.7.1.tgz 0ms (cache hit)
1599 http cache deepmerge@https://registry.npmjs.org/deepmerge/-/deepmerge-4.3.1.tgz 0ms (cache hit)
1600 http cache cosmiconfig@https://registry.npmjs.org/cosmiconfig/-/cosmiconfig-9.0.0.tgz 0ms (cache hit)
1601 http cache execa@https://registry.npmjs.org/execa/-/execa-9.6.1.tgz 0ms (cache hit)
1602 http cache @types/validate-npm-package-name@https://registry.npmjs.org/@types/validate-npm-package-name/-/validate-npm-package-name-4.0.2.tgz 0ms (cache hit)
1603 http cache @modelcontextprotocol/sdk@https://registry.npmjs.org/@modelcontextprotocol/sdk/-/sdk-1.25.2.tgz 0ms (cache hit)
1604 http cache @dotenvx/dotenvx@https://registry.npmjs.org/@dotenvx/dotenvx/-/dotenvx-1.51.4.tgz 0ms (cache hit)
1605 http cache node-fetch@https://registry.npmjs.org/node-fetch/-/node-fetch-3.3.2.tgz 0ms (cache hit)
1606 http cache commander@https://registry.npmjs.org/commander/-/commander-14.0.2.tgz 0ms (cache hit)
1607 http cache @babel/preset-typescript@https://registry.npmjs.org/@babel/preset-typescript/-/preset-typescript-7.28.5.tgz 0ms (cache hit)
1608 http cache shadcn@https://registry.npmjs.org/shadcn/-/shadcn-3.6.3.tgz 0ms (cache hit)
1609 http cache @isaacs/balanced-match@https://registry.npmjs.org/@isaacs/balanced-match/-/balanced-match-4.0.1.tgz 0ms (cache hit)
1610 http cache @babel/plugin-transform-typescript@https://registry.npmjs.org/@babel/plugin-transform-typescript/-/plugin-transform-typescript-7.28.5.tgz 0ms (cache hit)
1611 http cache strip-ansi@https://registry.npmjs.org/strip-ansi/-/strip-ansi-6.0.1.tgz 0ms (cache hit)
1612 http cache ansi-regex@https://registry.npmjs.org/ansi-regex/-/ansi-regex-5.0.1.tgz 0ms (cache hit)
1613 http cache string-width@https://registry.npmjs.org/string-width/-/string-width-4.2.3.tgz 0ms (cache hit)
1614 http cache emoji-regex@https://registry.npmjs.org/emoji-regex/-/emoji-regex-8.0.0.tgz 0ms (cache hit)
1615 http cache minimatch@https://registry.npmjs.org/minimatch/-/minimatch-10.1.1.tgz 0ms (cache hit)
1616 http cache wrap-ansi@https://registry.npmjs.org/wrap-ansi/-/wrap-ansi-7.0.0.tgz 0ms (cache hit)
1617 http cache glob-parent@https://registry.npmjs.org/glob-parent/-/glob-parent-5.1.2.tgz 0ms (cache hit)
1618 http cache @antfu/ni@https://registry.npmjs.org/@antfu/ni/-/ni-25.0.0.tgz 0ms (cache hit)
1619 http cache is-unicode-supported@https://registry.npmjs.org/is-unicode-supported/-/is-unicode-supported-1.3.0.tgz 0ms (cache hit)
1620 http cache strip-ansi@https://registry.npmjs.org/strip-ansi/-/strip-ansi-6.0.1.tgz 0ms (cache hit)
1621 http cache emoji-regex@https://registry.npmjs.org/emoji-regex/-/emoji-regex-8.0.0.tgz 0ms (cache hit)
1622 http cache ansi-regex@https://registry.npmjs.org/ansi-regex/-/ansi-regex-5.0.1.tgz 0ms (cache hit)
1623 http cache string-width@https://registry.npmjs.org/string-width/-/string-width-4.2.3.tgz 0ms (cache hit)
1624 http cache emoji-regex@https://registry.npmjs.org/emoji-regex/-/emoji-regex-10.6.0.tgz 0ms (cache hit)
1625 http cache chalk@https://registry.npmjs.org/chalk/-/chalk-5.6.2.tgz 0ms (cache hit)
1626 http cache fast-glob@https://registry.npmjs.org/fast-glob/-/fast-glob-3.3.3.tgz 0ms (cache hit)
1627 http cache emoji-regex@https://registry.npmjs.org/emoji-regex/-/emoji-regex-8.0.0.tgz 0ms (cache hit)
1628 http cache strip-ansi@https://registry.npmjs.org/strip-ansi/-/strip-ansi-6.0.1.tgz 0ms (cache hit)
1629 http cache string-width@https://registry.npmjs.org/string-width/-/string-width-4.2.3.tgz 0ms (cache hit)
1630 http cache path-key@https://registry.npmjs.org/path-key/-/path-key-4.0.0.tgz 0ms (cache hit)
1631 http cache path-to-regexp@https://registry.npmjs.org/path-to-regexp/-/path-to-regexp-8.3.0.tgz 0ms (cache hit)
1632 http cache cookie@https://registry.npmjs.org/cookie/-/cookie-0.7.2.tgz 0ms (cache hit)
1633 http cache json-schema-traverse@https://registry.npmjs.org/json-schema-traverse/-/json-schema-traverse-1.0.0.tgz 0ms (cache hit)
1634 http cache ajv@https://registry.npmjs.org/ajv/-/ajv-8.17.1.tgz 0ms (cache hit)
1635 http cache kleur@https://registry.npmjs.org/kleur/-/kleur-3.0.3.tgz 0ms (cache hit)
1636 http cache ansi-regex@https://registry.npmjs.org/ansi-regex/-/ansi-regex-5.0.1.tgz 0ms (cache hit)
1637 http cache chalk@https://registry.npmjs.org/chalk/-/chalk-5.6.2.tgz 0ms (cache hit)
1638 http cache json-schema-traverse@https://registry.npmjs.org/json-schema-traverse/-/json-schema-traverse-1.0.0.tgz 0ms (cache hit)
1639 http cache @hono/node-server@https://registry.npmjs.org/@hono/node-server/-/node-server-1.19.7.tgz 0ms (cache hit)
1640 http cache type-fest@https://registry.npmjs.org/type-fest/-/type-fest-5.3.1.tgz 0ms (cache hit)
1641 http cache strip-final-newline@https://registry.npmjs.org/strip-final-newline/-/strip-final-newline-2.0.0.tgz 0ms (cache hit)
1642 http cache isexe@https://registry.npmjs.org/isexe/-/isexe-3.1.1.tgz 0ms (cache hit)
1643 http cache onetime@https://registry.npmjs.org/onetime/-/onetime-5.1.2.tgz 0ms (cache hit)
1644 http cache npm-run-path@https://registry.npmjs.org/npm-run-path/-/npm-run-path-4.0.1.tgz 0ms (cache hit)
1645 http cache ajv@https://registry.npmjs.org/ajv/-/ajv-8.17.1.tgz 0ms (cache hit)
1646 http cache is-stream@https://registry.npmjs.org/is-stream/-/is-stream-2.0.1.tgz 0ms (cache hit)
1647 http cache signal-exit@https://registry.npmjs.org/signal-exit/-/signal-exit-3.0.7.tgz 0ms (cache hit)
1648 http cache get-stream@https://registry.npmjs.org/get-stream/-/get-stream-6.0.1.tgz 0ms (cache hit)
1649 http cache fdir@https://registry.npmjs.org/fdir/-/fdir-6.5.0.tgz 0ms (cache hit)
1650 http cache which@https://registry.npmjs.org/which/-/which-4.0.0.tgz 0ms (cache hit)
1651 http cache human-signals@https://registry.npmjs.org/human-signals/-/human-signals-2.1.0.tgz 0ms (cache hit)
1652 http cache commander@https://registry.npmjs.org/commander/-/commander-11.1.0.tgz 0ms (cache hit)
1653 http cache execa@https://registry.npmjs.org/execa/-/execa-5.1.1.tgz 0ms (cache hit)
1654 http cache glob-parent@https://registry.npmjs.org/glob-parent/-/glob-parent-5.1.2.tgz 0ms (cache hit)
1655 http cache picomatch@https://registry.npmjs.org/picomatch/-/picomatch-4.0.3.tgz 0ms (cache hit)
1656 http cache zod@https://registry.npmjs.org/zod/-/zod-3.25.76.tgz 0ms (cache hit)
1657 http cache dotenv@https://registry.npmjs.org/dotenv/-/dotenv-17.2.3.tgz 0ms (cache hit)
1658 silly tarball no local data for tagged-tag@https://registry.npmjs.org/tagged-tag/-/tagged-tag-1.0.0.tgz. Extracting by manifest.
1659 http cache tsconfig-paths@https://registry.npmjs.org/tsconfig-paths/-/tsconfig-paths-4.2.0.tgz 0ms (cache hit)
1660 silly tarball no local data for is-fullwidth-code-point@https://registry.npmjs.org/is-fullwidth-code-point/-/is-fullwidth-code-point-3.0.0.tgz. Extracting by manifest.
1661 silly tarball no local data for @isaacs/brace-expansion@https://registry.npmjs.org/@isaacs/brace-expansion/-/brace-expansion-5.0.0.tgz. Extracting by manifest.
1662 http cache fast-glob@https://registry.npmjs.org/fast-glob/-/fast-glob-3.3.3.tgz 0ms (cache hit)
1663 silly tarball no local data for fast-uri@https://registry.npmjs.org/fast-uri/-/fast-uri-3.1.0.tgz. Extracting by manifest.
1664 silly tarball no local data for mimic-fn@https://registry.npmjs.org/mimic-fn/-/mimic-fn-2.1.0.tgz. Extracting by manifest.
1665 silly tarball no local data for require-directory@https://registry.npmjs.org/require-directory/-/require-directory-2.1.1.tgz. Extracting by manifest.
1666 silly tarball no local data for yargs-parser@https://registry.npmjs.org/yargs-parser/-/yargs-parser-21.1.1.tgz. Extracting by manifest.
1667 silly tarball no local data for y18n@https://registry.npmjs.org/y18n/-/y18n-5.0.8.tgz. Extracting by manifest.
1668 silly tarball no local data for get-caller-file@https://registry.npmjs.org/get-caller-file/-/get-caller-file-2.0.5.tgz. Extracting by manifest.
1669 silly tarball no local data for media-typer@https://registry.npmjs.org/media-typer/-/media-typer-1.1.0.tgz. Extracting by manifest.
1670 silly tarball no local data for cliui@https://registry.npmjs.org/cliui/-/cliui-8.0.1.tgz. Extracting by manifest.
1671 silly tarball no local data for require-from-string@https://registry.npmjs.org/require-from-string/-/require-from-string-2.0.2.tgz. Extracting by manifest.
1672 silly tarball no local data for is-wsl@https://registry.npmjs.org/is-wsl/-/is-wsl-3.1.0.tgz. Extracting by manifest.
1673 silly tarball no local data for path-browserify@https://registry.npmjs.org/path-browserify/-/path-browserify-1.0.1.tgz. Extracting by manifest.
1674 silly tarball no local data for @ts-morph/common@https://registry.npmjs.org/@ts-morph/common/-/common-0.27.0.tgz. Extracting by manifest.
1675 silly tarball no local data for tldts@https://registry.npmjs.org/tldts/-/tldts-7.0.19.tgz. Extracting by manifest.
1676 silly tarball no local data for ansi-regex@https://registry.npmjs.org/ansi-regex/-/ansi-regex-6.2.2.tgz. Extracting by manifest.
1677 silly tarball no local data for tldts-core@https://registry.npmjs.org/tldts-core/-/tldts-core-7.0.19.tgz. Extracting by manifest.
1678 silly tarball no local data for is-regexp@https://registry.npmjs.org/is-regexp/-/is-regexp-3.1.0.tgz. Extracting by manifest.
1679 silly tarball no local data for is-obj@https://registry.npmjs.org/is-obj/-/is-obj-3.0.0.tgz. Extracting by manifest.
1680 silly tarball no local data for merge-stream@https://registry.npmjs.org/merge-stream/-/merge-stream-2.0.0.tgz. Extracting by manifest.
1681 silly tarball no local data for get-east-asian-width@https://registry.npmjs.org/get-east-asian-width/-/get-east-asian-width-1.4.0.tgz. Extracting by manifest.
1682 silly tarball no local data for is-promise@https://registry.npmjs.org/is-promise/-/is-promise-4.0.0.tgz. Extracting by manifest.
1683 silly tarball no local data for get-own-enumerable-keys@https://registry.npmjs.org/get-own-enumerable-keys/-/get-own-enumerable-keys-1.0.0.tgz. Extracting by manifest.
1684 silly tarball no local data for code-block-writer@https://registry.npmjs.org/code-block-writer/-/code-block-writer-13.0.3.tgz. Extracting by manifest.
1685 silly tarball no local data for mimic-function@https://registry.npmjs.org/mimic-function/-/mimic-function-5.0.1.tgz. Extracting by manifest.
1686 silly tarball no local data for onetime@https://registry.npmjs.org/onetime/-/onetime-7.0.0.tgz. Extracting by manifest.
1687 silly tarball no local data for tiny-invariant@https://registry.npmjs.org/tiny-invariant/-/tiny-invariant-1.3.3.tgz. Extracting by manifest.
1688 silly tarball no local data for esprima@https://registry.npmjs.org/esprima/-/esprima-4.0.1.tgz. Extracting by manifest.
1689 silly tarball no local data for ast-types@https://registry.npmjs.org/ast-types/-/ast-types-0.16.1.tgz. Extracting by manifest.
1690 silly tarball no local data for ipaddr.js@https://registry.npmjs.org/ipaddr.js/-/ipaddr.js-1.9.1.tgz. Extracting by manifest.
1691 silly tarball no local data for forwarded@https://registry.npmjs.org/forwarded/-/forwarded-0.2.0.tgz. Extracting by manifest.
1692 silly tarball no local data for sisteransi@https://registry.npmjs.org/sisteransi/-/sisteransi-1.0.5.tgz. Extracting by manifest.
1693 silly tarball no local data for util-deprecate@https://registry.npmjs.org/util-deprecate/-/util-deprecate-1.0.2.tgz. Extracting by manifest.
1694 silly tarball no local data for cssesc@https://registry.npmjs.org/cssesc/-/cssesc-3.0.0.tgz. Extracting by manifest.
1695 silly tarball no local data for unpipe@https://registry.npmjs.org/unpipe/-/unpipe-1.0.0.tgz. Extracting by manifest.
1696 silly tarball no local data for source-map@https://registry.npmjs.org/source-map/-/source-map-0.6.1.tgz. Extracting by manifest.
1697 silly tarball no local data for is-arrayish@https://registry.npmjs.org/is-arrayish/-/is-arrayish-0.2.1.tgz. Extracting by manifest.
1698 silly tarball no local data for lines-and-columns@https://registry.npmjs.org/lines-and-columns/-/lines-and-columns-1.2.4.tgz. Extracting by manifest.
1699 silly tarball no local data for restore-cursor@https://registry.npmjs.org/restore-cursor/-/restore-cursor-5.1.0.tgz. Extracting by manifest.
1700 silly tarball no local data for error-ex@https://registry.npmjs.org/error-ex/-/error-ex-1.3.4.tgz. Extracting by manifest.
1701 silly tarball no local data for strip-ansi@https://registry.npmjs.org/strip-ansi/-/strip-ansi-7.1.2.tgz. Extracting by manifest.
1702 silly tarball no local data for string-width@https://registry.npmjs.org/string-width/-/string-width-7.2.0.tgz. Extracting by manifest.
1703 silly tarball no local data for json-parse-even-better-errors@https://registry.npmjs.org/json-parse-even-better-errors/-/json-parse-even-better-errors-2.3.1.tgz. Extracting by manifest.
1704 silly tarball no local data for log-symbols@https://registry.npmjs.org/log-symbols/-/log-symbols-6.0.0.tgz. Extracting by manifest.
1705 silly tarball no local data for stdin-discarder@https://registry.npmjs.org/stdin-discarder/-/stdin-discarder-0.2.2.tgz. Extracting by manifest.
1706 silly tarball no local data for parse-ms@https://registry.npmjs.org/parse-ms/-/parse-ms-4.0.0.tgz. Extracting by manifest.
1707 silly tarball no local data for cli-spinners@https://registry.npmjs.org/cli-spinners/-/cli-spinners-2.9.2.tgz. Extracting by manifest.
1708 silly tarball no local data for is-interactive@https://registry.npmjs.org/is-interactive/-/is-interactive-2.0.0.tgz. Extracting by manifest.
1709 silly tarball no local data for cli-cursor@https://registry.npmjs.org/cli-cursor/-/cli-cursor-5.0.0.tgz. Extracting by manifest.
1710 silly tarball no local data for is-docker@https://registry.npmjs.org/is-docker/-/is-docker-3.0.0.tgz. Extracting by manifest.
1711 silly tarball no local data for default-browser-id@https://registry.npmjs.org/default-browser-id/-/default-browser-id-5.0.1.tgz. Extracting by manifest.
1712 silly tarball no local data for wsl-utils@https://registry.npmjs.org/wsl-utils/-/wsl-utils-0.3.1.tgz. Extracting by manifest.
1713 silly tarball no local data for bundle-name@https://registry.npmjs.org/bundle-name/-/bundle-name-4.1.0.tgz. Extracting by manifest.
1714 silly tarball no local data for run-applescript@https://registry.npmjs.org/run-applescript/-/run-applescript-7.1.0.tgz. Extracting by manifest.
1715 silly tarball no local data for is-inside-container@https://registry.npmjs.org/is-inside-container/-/is-inside-container-1.0.0.tgz. Extracting by manifest.
1716 silly tarball no local data for is-in-ssh@https://registry.npmjs.org/is-in-ssh/-/is-in-ssh-1.0.0.tgz. Extracting by manifest.
1717 silly tarball no local data for default-browser@https://registry.npmjs.org/default-browser/-/default-browser-5.4.0.tgz. Extracting by manifest.
1718 silly tarball no local data for powershell-utils@https://registry.npmjs.org/powershell-utils/-/powershell-utils-0.1.0.tgz. Extracting by manifest.
1719 silly tarball no local data for wrappy@https://registry.npmjs.org/wrappy/-/wrappy-1.0.2.tgz. Extracting by manifest.
1720 silly tarball no local data for unicorn-magic@https://registry.npmjs.org/unicorn-magic/-/unicorn-magic-0.3.0.tgz. Extracting by manifest.
1721 silly tarball no local data for node-domexception@https://registry.npmjs.org/node-domexception/-/node-domexception-1.0.0.tgz. Extracting by manifest.
1722 silly tarball no local data for define-lazy-prop@https://registry.npmjs.org/define-lazy-prop/-/define-lazy-prop-3.0.0.tgz. Extracting by manifest.
1723 silly tarball no local data for formdata-polyfill@https://registry.npmjs.org/formdata-polyfill/-/formdata-polyfill-4.0.10.tgz. Extracting by manifest.
1724 silly tarball no local data for fetch-blob@https://registry.npmjs.org/fetch-blob/-/fetch-blob-3.2.0.tgz. Extracting by manifest.
1725 silly tarball no local data for data-uri-to-buffer@https://registry.npmjs.org/data-uri-to-buffer/-/data-uri-to-buffer-4.0.1.tgz. Extracting by manifest.
1726 silly tarball no local data for web-streams-polyfill@https://registry.npmjs.org/web-streams-polyfill/-/web-streams-polyfill-3.3.3.tgz. Extracting by manifest.
1727 silly tarball no local data for ee-first@https://registry.npmjs.org/ee-first/-/ee-first-1.1.1.tgz. Extracting by manifest.
1728 silly tarball no local data for @open-draft/until@https://registry.npmjs.org/@open-draft/until/-/until-2.1.0.tgz. Extracting by manifest.
1729 silly tarball no local data for @open-draft/logger@https://registry.npmjs.org/@open-draft/logger/-/logger-0.3.0.tgz. Extracting by manifest.
1730 silly tarball no local data for yoctocolors-cjs@https://registry.npmjs.org/yoctocolors-cjs/-/yoctocolors-cjs-2.1.3.tgz. Extracting by manifest.
1731 silly tarball no local data for wrap-ansi@https://registry.npmjs.org/wrap-ansi/-/wrap-ansi-6.2.0.tgz. Extracting by manifest.
1732 silly tarball no local data for cli-width@https://registry.npmjs.org/cli-width/-/cli-width-4.1.0.tgz. Extracting by manifest.
1733 silly tarball no local data for @inquirer/figures@https://registry.npmjs.org/@inquirer/figures/-/figures-1.0.15.tgz. Extracting by manifest.
1734 silly tarball no local data for @inquirer/type@https://registry.npmjs.org/@inquirer/type/-/type-3.0.10.tgz. Extracting by manifest.
1735 silly tarball no local data for @inquirer/ansi@https://registry.npmjs.org/@inquirer/ansi/-/ansi-1.0.2.tgz. Extracting by manifest.
1736 silly tarball no local data for mute-stream@https://registry.npmjs.org/mute-stream/-/mute-stream-2.0.0.tgz. Extracting by manifest.
1737 silly tarball no local data for @inquirer/core@https://registry.npmjs.org/@inquirer/core/-/core-10.3.2.tgz. Extracting by manifest.
1738 silly tarball no local data for until-async@https://registry.npmjs.org/until-async/-/until-async-3.0.2.tgz. Extracting by manifest.
1739 silly tarball no local data for tough-cookie@https://registry.npmjs.org/tough-cookie/-/tough-cookie-6.0.0.tgz. Extracting by manifest.
1740 silly tarball no local data for rettime@https://registry.npmjs.org/rettime/-/rettime-0.7.0.tgz. Extracting by manifest.
1741 silly tarball no local data for path-to-regexp@https://registry.npmjs.org/path-to-regexp/-/path-to-regexp-6.3.0.tgz. Extracting by manifest.
1742 silly tarball no local data for outvariant@https://registry.npmjs.org/outvariant/-/outvariant-1.4.3.tgz. Extracting by manifest.
1743 silly tarball no local data for strict-event-emitter@https://registry.npmjs.org/strict-event-emitter/-/strict-event-emitter-0.5.1.tgz. Extracting by manifest.
1744 silly tarball no local data for is-node-process@https://registry.npmjs.org/is-node-process/-/is-node-process-1.2.0.tgz. Extracting by manifest.
1745 silly tarball no local data for yargs@https://registry.npmjs.org/yargs/-/yargs-17.7.2.tgz. Extracting by manifest.
1746 silly tarball no local data for headers-polyfill@https://registry.npmjs.org/headers-polyfill/-/headers-polyfill-4.0.3.tgz. Extracting by manifest.
1747 silly tarball no local data for @types/statuses@https://registry.npmjs.org/@types/statuses/-/statuses-2.0.6.tgz. Extracting by manifest.
1748 silly tarball no local data for @mswjs/interceptors@https://registry.npmjs.org/@mswjs/interceptors/-/interceptors-0.40.0.tgz. Extracting by manifest.
1749 silly tarball no local data for @inquirer/confirm@https://registry.npmjs.org/@inquirer/confirm/-/confirm-5.1.21.tgz. Extracting by manifest.
1750 silly tarball no local data for graphql@https://registry.npmjs.org/graphql/-/graphql-16.12.0.tgz. Extracting by manifest.
1751 silly tarball no local data for mime-db@https://registry.npmjs.org/mime-db/-/mime-db-1.54.0.tgz. Extracting by manifest.
1752 silly tarball no local data for agent-base@https://registry.npmjs.org/agent-base/-/agent-base-7.1.4.tgz. Extracting by manifest.
1753 silly tarball no local data for @open-draft/deferred-promise@https://registry.npmjs.org/@open-draft/deferred-promise/-/deferred-promise-2.2.0.tgz. Extracting by manifest.
1754 silly tarball no local data for inherits@https://registry.npmjs.org/inherits/-/inherits-2.0.4.tgz. Extracting by manifest.
1755 silly tarball no local data for toidentifier@https://registry.npmjs.org/toidentifier/-/toidentifier-1.0.1.tgz. Extracting by manifest.
1756 silly tarball no local data for setprototypeof@https://registry.npmjs.org/setprototypeof/-/setprototypeof-1.2.0.tgz. Extracting by manifest.
1757 silly tarball no local data for jsonfile@https://registry.npmjs.org/jsonfile/-/jsonfile-6.2.0.tgz. Extracting by manifest.
1758 silly tarball no local data for universalify@https://registry.npmjs.org/universalify/-/universalify-2.0.1.tgz. Extracting by manifest.
1759 silly tarball no local data for @sec-ant/readable-stream@https://registry.npmjs.org/@sec-ant/readable-stream/-/readable-stream-0.4.1.tgz. Extracting by manifest.
1760 silly tarball no local data for bytes@https://registry.npmjs.org/bytes/-/bytes-3.1.2.tgz. Extracting by manifest.
1761 silly tarball no local data for negotiator@https://registry.npmjs.org/negotiator/-/negotiator-1.0.0.tgz. Extracting by manifest.
1762 silly tarball no local data for serve-static@https://registry.npmjs.org/serve-static/-/serve-static-2.2.1.tgz. Extracting by manifest.
1763 silly tarball no local data for type-is@https://registry.npmjs.org/type-is/-/type-is-2.0.1.tgz. Extracting by manifest.
1764 silly tarball no local data for send@https://registry.npmjs.org/send/-/send-1.2.1.tgz. Extracting by manifest.
1765 silly tarball no local data for is-unicode-supported@https://registry.npmjs.org/is-unicode-supported/-/is-unicode-supported-2.1.0.tgz. Extracting by manifest.
1766 silly tarball no local data for qs@https://registry.npmjs.org/qs/-/qs-6.14.1.tgz. Extracting by manifest.
1767 silly tarball no local data for range-parser@https://registry.npmjs.org/range-parser/-/range-parser-1.2.1.tgz. Extracting by manifest.
1768 silly tarball no local data for statuses@https://registry.npmjs.org/statuses/-/statuses-2.0.2.tgz. Extracting by manifest.
1769 silly tarball no local data for router@https://registry.npmjs.org/router/-/router-2.2.0.tgz. Extracting by manifest.
1770 silly tarball no local data for parseurl@https://registry.npmjs.org/parseurl/-/parseurl-1.3.3.tgz. Extracting by manifest.
1771 silly tarball no local data for proxy-addr@https://registry.npmjs.org/proxy-addr/-/proxy-addr-2.0.7.tgz. Extracting by manifest.
1772 silly tarball no local data for on-finished@https://registry.npmjs.org/on-finished/-/on-finished-2.4.1.tgz. Extracting by manifest.
1773 silly tarball no local data for once@https://registry.npmjs.org/once/-/once-1.4.0.tgz. Extracting by manifest.
1774 silly tarball no local data for mime-types@https://registry.npmjs.org/mime-types/-/mime-types-3.0.2.tgz. Extracting by manifest.
1775 silly tarball no local data for merge-descriptors@https://registry.npmjs.org/merge-descriptors/-/merge-descriptors-2.0.0.tgz. Extracting by manifest.
1776 silly tarball no local data for http-errors@https://registry.npmjs.org/http-errors/-/http-errors-2.0.1.tgz. Extracting by manifest.
1777 silly tarball no local data for fresh@https://registry.npmjs.org/fresh/-/fresh-2.0.0.tgz. Extracting by manifest.
1778 silly tarball no local data for escape-html@https://registry.npmjs.org/escape-html/-/escape-html-1.0.3.tgz. Extracting by manifest.
1779 silly tarball no local data for finalhandler@https://registry.npmjs.org/finalhandler/-/finalhandler-2.1.1.tgz. Extracting by manifest.
1780 silly tarball no local data for encodeurl@https://registry.npmjs.org/encodeurl/-/encodeurl-2.0.0.tgz. Extracting by manifest.
1781 silly tarball no local data for depd@https://registry.npmjs.org/depd/-/depd-2.0.0.tgz. Extracting by manifest.
1782 silly tarball no local data for etag@https://registry.npmjs.org/etag/-/etag-1.8.1.tgz. Extracting by manifest.
1783 silly tarball no local data for content-disposition@https://registry.npmjs.org/content-disposition/-/content-disposition-1.0.1.tgz. Extracting by manifest.
1784 silly tarball no local data for cookie-signature@https://registry.npmjs.org/cookie-signature/-/cookie-signature-1.2.2.tgz. Extracting by manifest.
1785 silly tarball no local data for body-parser@https://registry.npmjs.org/body-parser/-/body-parser-2.2.2.tgz. Extracting by manifest.
1786 silly tarball no local data for pretty-ms@https://registry.npmjs.org/pretty-ms/-/pretty-ms-9.3.0.tgz. Extracting by manifest.
1787 silly tarball no local data for yoctocolors@https://registry.npmjs.org/yoctocolors/-/yoctocolors-2.1.2.tgz. Extracting by manifest.
1788 silly tarball no local data for accepts@https://registry.npmjs.org/accepts/-/accepts-2.0.0.tgz. Extracting by manifest.
1789 silly tarball no local data for npm-run-path@https://registry.npmjs.org/npm-run-path/-/npm-run-path-6.0.0.tgz. Extracting by manifest.
1790 silly tarball no local data for is-plain-obj@https://registry.npmjs.org/is-plain-obj/-/is-plain-obj-4.1.0.tgz. Extracting by manifest.
1791 silly tarball no local data for is-stream@https://registry.npmjs.org/is-stream/-/is-stream-4.0.1.tgz. Extracting by manifest.
1792 silly tarball no local data for human-signals@https://registry.npmjs.org/human-signals/-/human-signals-8.0.1.tgz. Extracting by manifest.
1793 silly tarball no local data for figures@https://registry.npmjs.org/figures/-/figures-6.1.0.tgz. Extracting by manifest.
1794 silly tarball no local data for strip-final-newline@https://registry.npmjs.org/strip-final-newline/-/strip-final-newline-4.0.0.tgz. Extracting by manifest.
1795 silly tarball no local data for get-stream@https://registry.npmjs.org/get-stream/-/get-stream-9.0.1.tgz. Extracting by manifest.
1796 silly tarball no local data for @sindresorhus/merge-streams@https://registry.npmjs.org/@sindresorhus/merge-streams/-/merge-streams-4.0.0.tgz. Extracting by manifest.
1797 silly tarball no local data for @ecies/ciphers@https://registry.npmjs.org/@ecies/ciphers/-/ciphers-0.2.5.tgz. Extracting by manifest.
1798 silly tarball no local data for parse-json@https://registry.npmjs.org/parse-json/-/parse-json-5.2.0.tgz. Extracting by manifest.
1799 silly tarball no local data for @noble/ciphers@https://registry.npmjs.org/@noble/ciphers/-/ciphers-1.3.0.tgz. Extracting by manifest.
1800 silly tarball no local data for vary@https://registry.npmjs.org/vary/-/vary-1.1.2.tgz. Extracting by manifest.
1801 silly tarball no local data for env-paths@https://registry.npmjs.org/env-paths/-/env-paths-2.2.1.tgz. Extracting by manifest.
1802 silly tarball no local data for json-schema-typed@https://registry.npmjs.org/json-schema-typed/-/json-schema-typed-8.0.2.tgz. Extracting by manifest.
1803 silly tarball no local data for @noble/hashes@https://registry.npmjs.org/@noble/hashes/-/hashes-1.8.0.tgz. Extracting by manifest.
1804 silly tarball no local data for raw-body@https://registry.npmjs.org/raw-body/-/raw-body-3.0.2.tgz. Extracting by manifest.
1805 silly tarball no local data for @noble/curves@https://registry.npmjs.org/@noble/curves/-/curves-1.9.7.tgz. Extracting by manifest.
1806 silly tarball no local data for express@https://registry.npmjs.org/express/-/express-5.2.1.tgz. Extracting by manifest.
1807 silly tarball no local data for jose@https://registry.npmjs.org/jose/-/jose-6.1.3.tgz. Extracting by manifest.
1808 silly tarball no local data for express-rate-limit@https://registry.npmjs.org/express-rate-limit/-/express-rate-limit-7.5.1.tgz. Extracting by manifest.
1809 silly tarball no local data for eventsource-parser@https://registry.npmjs.org/eventsource-parser/-/eventsource-parser-3.0.6.tgz. Extracting by manifest.
1810 silly tarball no local data for cors@https://registry.npmjs.org/cors/-/cors-2.8.5.tgz. Extracting by manifest.
1811 silly tarball no local data for eventsource@https://registry.npmjs.org/eventsource/-/eventsource-3.0.7.tgz. Extracting by manifest.
1812 silly tarball no local data for pkce-challenge@https://registry.npmjs.org/pkce-challenge/-/pkce-challenge-5.0.1.tgz. Extracting by manifest.
1813 silly tarball no local data for content-type@https://registry.npmjs.org/content-type/-/content-type-1.0.5.tgz. Extracting by manifest.
1814 silly tarball no local data for @babel/plugin-transform-modules-commonjs@https://registry.npmjs.org/@babel/plugin-transform-modules-commonjs/-/plugin-transform-modules-commonjs-7.27.1.tgz. Extracting by manifest.
1815 silly tarball no local data for @babel/plugin-syntax-jsx@https://registry.npmjs.org/@babel/plugin-syntax-jsx/-/plugin-syntax-jsx-7.27.1.tgz. Extracting by manifest.
1816 silly tarball no local data for ajv-formats@https://registry.npmjs.org/ajv-formats/-/ajv-formats-3.0.1.tgz. Extracting by manifest.
1817 silly tarball no local data for @babel/helper-replace-supers@https://registry.npmjs.org/@babel/helper-replace-supers/-/helper-replace-supers-7.27.1.tgz. Extracting by manifest.
1818 silly tarball no local data for eciesjs@https://registry.npmjs.org/eciesjs/-/eciesjs-0.4.16.tgz. Extracting by manifest.
1819 silly tarball no local data for @babel/plugin-syntax-typescript@https://registry.npmjs.org/@babel/plugin-syntax-typescript/-/plugin-syntax-typescript-7.27.1.tgz. Extracting by manifest.
1820 silly tarball no local data for object-treeify@https://registry.npmjs.org/object-treeify/-/object-treeify-1.1.33.tgz. Extracting by manifest.
1821 silly tarball no local data for @babel/helper-skip-transparent-expression-wrappers@https://registry.npmjs.org/@babel/helper-skip-transparent-expression-wrappers/-/helper-skip-transparent-expression-wrappers-7.27.1.tgz. Extracting by manifest.
1822 silly tarball no local data for @babel/helper-create-class-features-plugin@https://registry.npmjs.org/@babel/helper-create-class-features-plugin/-/helper-create-class-features-plugin-7.28.5.tgz. Extracting by manifest.
1823 silly tarball no local data for @babel/helper-optimise-call-expression@https://registry.npmjs.org/@babel/helper-optimise-call-expression/-/helper-optimise-call-expression-7.27.1.tgz. Extracting by manifest.
1824 silly tarball no local data for @babel/helper-annotate-as-pure@https://registry.npmjs.org/@babel/helper-annotate-as-pure/-/helper-annotate-as-pure-7.27.3.tgz. Extracting by manifest.
1825 silly tarball no local data for package-manager-detector@https://registry.npmjs.org/package-manager-detector/-/package-manager-detector-1.6.0.tgz. Extracting by manifest.
1826 silly tarball no local data for @babel/helper-plugin-utils@https://registry.npmjs.org/@babel/helper-plugin-utils/-/helper-plugin-utils-7.27.1.tgz. Extracting by manifest.
1827 silly tarball no local data for @babel/helper-member-expression-to-functions@https://registry.npmjs.org/@babel/helper-member-expression-to-functions/-/helper-member-expression-to-functions-7.28.5.tgz. Extracting by manifest.
1828 silly tarball no local data for zod-to-json-schema@https://registry.npmjs.org/zod-to-json-schema/-/zod-to-json-schema-3.25.1.tgz. Extracting by manifest.
1829 silly tarball no local data for ts-morph@https://registry.npmjs.org/ts-morph/-/ts-morph-26.0.0.tgz. Extracting by manifest.
1830 silly tarball no local data for stringify-object@https://registry.npmjs.org/stringify-object/-/stringify-object-5.0.0.tgz. Extracting by manifest.
1831 silly tarball no local data for recast@https://registry.npmjs.org/recast/-/recast-0.23.11.tgz. Extracting by manifest.
1832 silly tarball no local data for prompts@https://registry.npmjs.org/prompts/-/prompts-2.4.2.tgz. Extracting by manifest.
1833 silly tarball no local data for postcss-selector-parser@https://registry.npmjs.org/postcss-selector-parser/-/postcss-selector-parser-7.1.1.tgz. Extracting by manifest.
1834 silly tarball no local data for ora@https://registry.npmjs.org/ora/-/ora-8.2.0.tgz. Extracting by manifest.
1835 silly tarball no local data for open@https://registry.npmjs.org/open/-/open-11.0.0.tgz. Extracting by manifest.
1836 silly tarball no local data for validate-npm-package-name@https://registry.npmjs.org/validate-npm-package-name/-/validate-npm-package-name-7.0.2.tgz. Extracting by manifest.
1837 silly tarball no local data for msw@https://registry.npmjs.org/msw/-/msw-2.12.7.tgz. Extracting by manifest.
1838 silly tarball no local data for kleur@https://registry.npmjs.org/kleur/-/kleur-4.1.5.tgz. Extracting by manifest.
1839 silly tarball no local data for https-proxy-agent@https://registry.npmjs.org/https-proxy-agent/-/https-proxy-agent-7.0.6.tgz. Extracting by manifest.
1840 silly tarball no local data for fzf@https://registry.npmjs.org/fzf/-/fzf-0.5.2.tgz. Extracting by manifest.
1841 silly tarball no local data for fuzzysort@https://registry.npmjs.org/fuzzysort/-/fuzzysort-3.1.0.tgz. Extracting by manifest.
1842 silly tarball no local data for ansis@https://registry.npmjs.org/ansis/-/ansis-4.2.0.tgz. Extracting by manifest.
1843 silly tarball no local data for fs-extra@https://registry.npmjs.org/fs-extra/-/fs-extra-11.3.3.tgz. Extracting by manifest.
1844 silly tarball no local data for diff@https://registry.npmjs.org/diff/-/diff-8.0.2.tgz. Extracting by manifest.
1845 silly tarball no local data for dedent@https://registry.npmjs.org/dedent/-/dedent-1.7.1.tgz. Extracting by manifest.
1846 silly tarball no local data for deepmerge@https://registry.npmjs.org/deepmerge/-/deepmerge-4.3.1.tgz. Extracting by manifest.
1847 silly tarball no local data for cosmiconfig@https://registry.npmjs.org/cosmiconfig/-/cosmiconfig-9.0.0.tgz. Extracting by manifest.
1848 silly tarball no local data for execa@https://registry.npmjs.org/execa/-/execa-9.6.1.tgz. Extracting by manifest.
1849 silly tarball no local data for @types/validate-npm-package-name@https://registry.npmjs.org/@types/validate-npm-package-name/-/validate-npm-package-name-4.0.2.tgz. Extracting by manifest.
1850 silly tarball no local data for @modelcontextprotocol/sdk@https://registry.npmjs.org/@modelcontextprotocol/sdk/-/sdk-1.25.2.tgz. Extracting by manifest.
1851 silly tarball no local data for @dotenvx/dotenvx@https://registry.npmjs.org/@dotenvx/dotenvx/-/dotenvx-1.51.4.tgz. Extracting by manifest.
1852 silly tarball no local data for node-fetch@https://registry.npmjs.org/node-fetch/-/node-fetch-3.3.2.tgz. Extracting by manifest.
1853 silly tarball no local data for commander@https://registry.npmjs.org/commander/-/commander-14.0.2.tgz. Extracting by manifest.
1854 silly tarball no local data for @babel/preset-typescript@https://registry.npmjs.org/@babel/preset-typescript/-/preset-typescript-7.28.5.tgz. Extracting by manifest.
1855 silly tarball no local data for @isaacs/balanced-match@https://registry.npmjs.org/@isaacs/balanced-match/-/balanced-match-4.0.1.tgz. Extracting by manifest.
1856 silly tarball no local data for @babel/plugin-transform-typescript@https://registry.npmjs.org/@babel/plugin-transform-typescript/-/plugin-transform-typescript-7.28.5.tgz. Extracting by manifest.
1857 silly tarball no local data for strip-ansi@https://registry.npmjs.org/strip-ansi/-/strip-ansi-6.0.1.tgz. Extracting by manifest.
1858 silly tarball no local data for ansi-regex@https://registry.npmjs.org/ansi-regex/-/ansi-regex-5.0.1.tgz. Extracting by manifest.
1859 silly tarball no local data for string-width@https://registry.npmjs.org/string-width/-/string-width-4.2.3.tgz. Extracting by manifest.
1860 silly tarball no local data for minimatch@https://registry.npmjs.org/minimatch/-/minimatch-10.1.1.tgz. Extracting by manifest.
1861 silly tarball no local data for wrap-ansi@https://registry.npmjs.org/wrap-ansi/-/wrap-ansi-7.0.0.tgz. Extracting by manifest.
1862 silly tarball no local data for @antfu/ni@https://registry.npmjs.org/@antfu/ni/-/ni-25.0.0.tgz. Extracting by manifest.
1863 silly tarball no local data for is-unicode-supported@https://registry.npmjs.org/is-unicode-supported/-/is-unicode-supported-1.3.0.tgz. Extracting by manifest.
1864 silly tarball no local data for strip-ansi@https://registry.npmjs.org/strip-ansi/-/strip-ansi-6.0.1.tgz. Extracting by manifest.
1865 silly tarball no local data for shadcn@https://registry.npmjs.org/shadcn/-/shadcn-3.6.3.tgz. Extracting by manifest.
1866 silly tarball no local data for ansi-regex@https://registry.npmjs.org/ansi-regex/-/ansi-regex-5.0.1.tgz. Extracting by manifest.
1867 silly tarball no local data for emoji-regex@https://registry.npmjs.org/emoji-regex/-/emoji-regex-8.0.0.tgz. Extracting by manifest.
1868 silly tarball no local data for emoji-regex@https://registry.npmjs.org/emoji-regex/-/emoji-regex-8.0.0.tgz. Extracting by manifest.
1869 silly tarball no local data for string-width@https://registry.npmjs.org/string-width/-/string-width-4.2.3.tgz. Extracting by manifest.
1870 silly tarball no local data for emoji-regex@https://registry.npmjs.org/emoji-regex/-/emoji-regex-10.6.0.tgz. Extracting by manifest.
1871 silly tarball no local data for chalk@https://registry.npmjs.org/chalk/-/chalk-5.6.2.tgz. Extracting by manifest.
1872 silly tarball no local data for fast-glob@https://registry.npmjs.org/fast-glob/-/fast-glob-3.3.3.tgz. Extracting by manifest.
1873 silly tarball no local data for emoji-regex@https://registry.npmjs.org/emoji-regex/-/emoji-regex-8.0.0.tgz. Extracting by manifest.
1874 silly tarball no local data for strip-ansi@https://registry.npmjs.org/strip-ansi/-/strip-ansi-6.0.1.tgz. Extracting by manifest.
1875 silly tarball no local data for string-width@https://registry.npmjs.org/string-width/-/string-width-4.2.3.tgz. Extracting by manifest.
1876 silly tarball no local data for path-key@https://registry.npmjs.org/path-key/-/path-key-4.0.0.tgz. Extracting by manifest.
1877 silly tarball no local data for path-to-regexp@https://registry.npmjs.org/path-to-regexp/-/path-to-regexp-8.3.0.tgz. Extracting by manifest.
1878 silly tarball no local data for cookie@https://registry.npmjs.org/cookie/-/cookie-0.7.2.tgz. Extracting by manifest.
1879 silly tarball no local data for json-schema-traverse@https://registry.npmjs.org/json-schema-traverse/-/json-schema-traverse-1.0.0.tgz. Extracting by manifest.
1880 silly tarball no local data for ajv@https://registry.npmjs.org/ajv/-/ajv-8.17.1.tgz. Extracting by manifest.
1881 silly tarball no local data for kleur@https://registry.npmjs.org/kleur/-/kleur-3.0.3.tgz. Extracting by manifest.
1882 silly tarball no local data for ansi-regex@https://registry.npmjs.org/ansi-regex/-/ansi-regex-5.0.1.tgz. Extracting by manifest.
1883 silly tarball no local data for chalk@https://registry.npmjs.org/chalk/-/chalk-5.6.2.tgz. Extracting by manifest.
1884 silly tarball no local data for json-schema-traverse@https://registry.npmjs.org/json-schema-traverse/-/json-schema-traverse-1.0.0.tgz. Extracting by manifest.
1885 silly tarball no local data for type-fest@https://registry.npmjs.org/type-fest/-/type-fest-5.3.1.tgz. Extracting by manifest.
1886 silly tarball no local data for strip-final-newline@https://registry.npmjs.org/strip-final-newline/-/strip-final-newline-2.0.0.tgz. Extracting by manifest.
1887 silly tarball no local data for isexe@https://registry.npmjs.org/isexe/-/isexe-3.1.1.tgz. Extracting by manifest.
1888 silly tarball no local data for onetime@https://registry.npmjs.org/onetime/-/onetime-5.1.2.tgz. Extracting by manifest.
1889 silly tarball no local data for npm-run-path@https://registry.npmjs.org/npm-run-path/-/npm-run-path-4.0.1.tgz. Extracting by manifest.
1890 silly tarball no local data for ajv@https://registry.npmjs.org/ajv/-/ajv-8.17.1.tgz. Extracting by manifest.
1891 silly tarball no local data for is-stream@https://registry.npmjs.org/is-stream/-/is-stream-2.0.1.tgz. Extracting by manifest.
1892 silly tarball no local data for get-stream@https://registry.npmjs.org/get-stream/-/get-stream-6.0.1.tgz. Extracting by manifest.
1893 silly tarball no local data for @hono/node-server@https://registry.npmjs.org/@hono/node-server/-/node-server-1.19.7.tgz. Extracting by manifest.
1894 silly tarball no local data for which@https://registry.npmjs.org/which/-/which-4.0.0.tgz. Extracting by manifest.
1895 silly tarball no local data for human-signals@https://registry.npmjs.org/human-signals/-/human-signals-2.1.0.tgz. Extracting by manifest.
1896 silly tarball no local data for commander@https://registry.npmjs.org/commander/-/commander-11.1.0.tgz. Extracting by manifest.
1897 silly tarball no local data for execa@https://registry.npmjs.org/execa/-/execa-5.1.1.tgz. Extracting by manifest.
1898 silly tarball no local data for zod@https://registry.npmjs.org/zod/-/zod-3.25.76.tgz. Extracting by manifest.
1899 silly tarball no local data for dotenv@https://registry.npmjs.org/dotenv/-/dotenv-17.2.3.tgz. Extracting by manifest.
1900 silly tarball no local data for tsconfig-paths@https://registry.npmjs.org/tsconfig-paths/-/tsconfig-paths-4.2.0.tgz. Extracting by manifest.
1901 silly tarball no local data for fast-glob@https://registry.npmjs.org/fast-glob/-/fast-glob-3.3.3.tgz. Extracting by manifest.
1902 http fetch GET 200 https://registry.npmjs.org/yargs-parser/-/yargs-parser-21.1.1.tgz 63ms (cache miss)
1903 http fetch GET 200 https://registry.npmjs.org/fast-uri/-/fast-uri-3.1.0.tgz 66ms (cache miss)
1904 http fetch GET 200 https://registry.npmjs.org/require-directory/-/require-directory-2.1.1.tgz 67ms (cache miss)
1905 http fetch GET 200 https://registry.npmjs.org/tagged-tag/-/tagged-tag-1.0.0.tgz 68ms (cache miss)
1906 http fetch GET 200 https://registry.npmjs.org/y18n/-/y18n-5.0.8.tgz 69ms (cache miss)
1907 http fetch GET 200 https://registry.npmjs.org/mimic-fn/-/mimic-fn-2.1.0.tgz 70ms (cache miss)
1908 http fetch GET 200 https://registry.npmjs.org/is-fullwidth-code-point/-/is-fullwidth-code-point-3.0.0.tgz 70ms (cache miss)
1909 http fetch GET 200 https://registry.npmjs.org/@isaacs/brace-expansion/-/brace-expansion-5.0.0.tgz 85ms (cache miss)
1910 http fetch GET 200 https://registry.npmjs.org/is-regexp/-/is-regexp-3.1.0.tgz 112ms (cache miss)
1911 http fetch GET 200 https://registry.npmjs.org/ansi-regex/-/ansi-regex-6.2.2.tgz 112ms (cache miss)
1912 http fetch GET 200 https://registry.npmjs.org/merge-stream/-/merge-stream-2.0.0.tgz 127ms (cache miss)
1913 http fetch GET 200 https://registry.npmjs.org/is-obj/-/is-obj-3.0.0.tgz 132ms (cache miss)
1914 http fetch GET 200 https://registry.npmjs.org/get-east-asian-width/-/get-east-asian-width-1.4.0.tgz 138ms (cache miss)
1915 http fetch GET 200 https://registry.npmjs.org/tldts-core/-/tldts-core-7.0.19.tgz 147ms (cache miss)
1916 http fetch GET 200 https://registry.npmjs.org/is-promise/-/is-promise-4.0.0.tgz 154ms (cache miss)
1917 http fetch GET 200 https://registry.npmjs.org/get-own-enumerable-keys/-/get-own-enumerable-keys-1.0.0.tgz 165ms (cache miss)
1918 http fetch GET 200 https://registry.npmjs.org/media-typer/-/media-typer-1.1.0.tgz 196ms (cache miss)
1919 http fetch GET 200 https://registry.npmjs.org/tldts/-/tldts-7.0.19.tgz 231ms (cache miss)
1920 http fetch GET 200 https://registry.npmjs.org/cliui/-/cliui-8.0.1.tgz 235ms (cache miss)
1921 http fetch GET 200 https://registry.npmjs.org/tiny-invariant/-/tiny-invariant-1.3.3.tgz 286ms (cache miss)
1922 http fetch GET 200 https://registry.npmjs.org/mimic-function/-/mimic-function-5.0.1.tgz 286ms (cache miss)
1923 http fetch GET 200 https://registry.npmjs.org/onetime/-/onetime-7.0.0.tgz 287ms (cache miss)
1924 http fetch GET 200 https://registry.npmjs.org/ipaddr.js/-/ipaddr.js-1.9.1.tgz 286ms (cache miss)
1925 http fetch GET 200 https://registry.npmjs.org/get-caller-file/-/get-caller-file-2.0.5.tgz 288ms (cache miss)
1926 http fetch GET 200 https://registry.npmjs.org/esprima/-/esprima-4.0.1.tgz 288ms (cache miss)
1927 http fetch GET 200 https://registry.npmjs.org/code-block-writer/-/code-block-writer-13.0.3.tgz 293ms (cache miss)
1928 http fetch GET 200 https://registry.npmjs.org/require-from-string/-/require-from-string-2.0.2.tgz 297ms (cache miss)
1929 http fetch POST 200 https://registry.npmjs.org/-/npm/v1/security/advisories/bulk 317ms
1930 silly audit report {}
1931 http fetch GET 200 https://registry.npmjs.org/forwarded/-/forwarded-0.2.0.tgz 298ms (cache miss)
1932 http fetch GET 200 https://registry.npmjs.org/util-deprecate/-/util-deprecate-1.0.2.tgz 300ms (cache miss)
1933 http fetch GET 200 https://registry.npmjs.org/sisteransi/-/sisteransi-1.0.5.tgz 301ms (cache miss)
1934 http fetch GET 200 https://registry.npmjs.org/is-wsl/-/is-wsl-3.1.0.tgz 307ms (cache miss)
1935 http fetch GET 200 https://registry.npmjs.org/path-browserify/-/path-browserify-1.0.1.tgz 307ms (cache miss)
1936 http fetch GET 200 https://registry.npmjs.org/cssesc/-/cssesc-3.0.0.tgz 306ms (cache miss)
1937 http fetch GET 200 https://registry.npmjs.org/ast-types/-/ast-types-0.16.1.tgz 307ms (cache miss)
1938 http fetch GET 200 https://registry.npmjs.org/unpipe/-/unpipe-1.0.0.tgz 344ms (cache miss)
1939 http fetch GET 200 https://registry.npmjs.org/is-arrayish/-/is-arrayish-0.2.1.tgz 344ms (cache miss)
1940 http fetch GET 200 https://registry.npmjs.org/lines-and-columns/-/lines-and-columns-1.2.4.tgz 344ms (cache miss)
1941 http fetch GET 200 https://registry.npmjs.org/restore-cursor/-/restore-cursor-5.1.0.tgz 344ms (cache miss)
1942 http fetch GET 200 https://registry.npmjs.org/bundle-name/-/bundle-name-4.1.0.tgz 480ms (cache miss)
1943 http fetch GET 200 https://registry.npmjs.org/cli-cursor/-/cli-cursor-5.0.0.tgz 540ms (cache miss)
1944 http fetch GET 200 https://registry.npmjs.org/is-docker/-/is-docker-3.0.0.tgz 595ms (cache miss)
1945 http fetch GET 200 https://registry.npmjs.org/default-browser-id/-/default-browser-id-5.0.1.tgz 609ms (cache miss)
1946 http fetch GET 200 https://registry.npmjs.org/wsl-utils/-/wsl-utils-0.3.1.tgz 652ms (cache miss)
1947 http fetch GET 200 https://registry.npmjs.org/string-width/-/string-width-7.2.0.tgz 659ms (cache miss)
1948 http fetch GET 200 https://registry.npmjs.org/strip-ansi/-/strip-ansi-7.1.2.tgz 659ms (cache miss)
1949 http fetch GET 200 https://registry.npmjs.org/error-ex/-/error-ex-1.3.4.tgz 671ms (cache miss)
1950 http fetch GET 200 https://registry.npmjs.org/is-inside-container/-/is-inside-container-1.0.0.tgz 728ms (cache miss)
1951 http fetch GET 200 https://registry.npmjs.org/unicorn-magic/-/unicorn-magic-0.3.0.tgz 795ms (cache miss)
1952 http fetch GET 200 https://registry.npmjs.org/node-domexception/-/node-domexception-1.0.0.tgz 848ms (cache miss)
1953 warn deprecated node-domexception@1.0.0: Use your platform's native DOMException instead
1954 http fetch GET 200 https://registry.npmjs.org/is-interactive/-/is-interactive-2.0.0.tgz 868ms (cache miss)
1955 http fetch GET 200 https://registry.npmjs.org/source-map/-/source-map-0.6.1.tgz 870ms (cache miss)
1956 http fetch GET 200 https://registry.npmjs.org/is-in-ssh/-/is-in-ssh-1.0.0.tgz 874ms (cache miss)
1957 http fetch GET 200 https://registry.npmjs.org/define-lazy-prop/-/define-lazy-prop-3.0.0.tgz 874ms (cache miss)
1958 http fetch GET 200 https://registry.npmjs.org/wrappy/-/wrappy-1.0.2.tgz 874ms (cache miss)
1959 http fetch GET 200 https://registry.npmjs.org/json-parse-even-better-errors/-/json-parse-even-better-errors-2.3.1.tgz 876ms (cache miss)
1960 http fetch GET 200 https://registry.npmjs.org/powershell-utils/-/powershell-utils-0.1.0.tgz 952ms (cache miss)
1961 http fetch GET 200 https://registry.npmjs.org/log-symbols/-/log-symbols-6.0.0.tgz 966ms (cache miss)
1962 http fetch GET 200 https://registry.npmjs.org/data-uri-to-buffer/-/data-uri-to-buffer-4.0.1.tgz 990ms (cache miss)
1963 http fetch GET 200 https://registry.npmjs.org/@open-draft/until/-/until-2.1.0.tgz 990ms (cache miss)
1964 http fetch GET 200 https://registry.npmjs.org/ee-first/-/ee-first-1.1.1.tgz 1007ms (cache miss)
1965 http fetch GET 200 https://registry.npmjs.org/run-applescript/-/run-applescript-7.1.0.tgz 1050ms (cache miss)
1966 http fetch GET 200 https://registry.npmjs.org/stdin-discarder/-/stdin-discarder-0.2.2.tgz 1055ms (cache miss)
1967 http fetch GET 200 https://registry.npmjs.org/yoctocolors-cjs/-/yoctocolors-cjs-2.1.3.tgz 1059ms (cache miss)
1968 http fetch GET 200 https://registry.npmjs.org/@ts-morph/common/-/common-0.27.0.tgz 1065ms (cache miss)
1969 http fetch GET 200 https://registry.npmjs.org/formdata-polyfill/-/formdata-polyfill-4.0.10.tgz 1063ms (cache miss)
1970 http fetch GET 200 https://registry.npmjs.org/cli-width/-/cli-width-4.1.0.tgz 1069ms (cache miss)
1971 http fetch GET 200 https://registry.npmjs.org/wrap-ansi/-/wrap-ansi-6.2.0.tgz 1121ms (cache miss)
1972 http fetch GET 200 https://registry.npmjs.org/default-browser/-/default-browser-5.4.0.tgz 1126ms (cache miss)
1973 http fetch GET 200 https://registry.npmjs.org/@inquirer/figures/-/figures-1.0.15.tgz 1140ms (cache miss)
1974 http fetch GET 200 https://registry.npmjs.org/@inquirer/core/-/core-10.3.2.tgz 1375ms (cache miss)
1975 http fetch GET 200 https://registry.npmjs.org/tough-cookie/-/tough-cookie-6.0.0.tgz 1398ms (cache miss)
1976 http fetch GET 200 https://registry.npmjs.org/path-to-regexp/-/path-to-regexp-6.3.0.tgz 1418ms (cache miss)
1977 http fetch GET 200 https://registry.npmjs.org/strict-event-emitter/-/strict-event-emitter-0.5.1.tgz 1424ms (cache miss)
1978 http fetch GET 200 https://registry.npmjs.org/@open-draft/logger/-/logger-0.3.0.tgz 1429ms (cache miss)
1979 http fetch GET 200 https://registry.npmjs.org/is-node-process/-/is-node-process-1.2.0.tgz 1450ms (cache miss)
1980 http fetch GET 200 https://registry.npmjs.org/rettime/-/rettime-0.7.0.tgz 1459ms (cache miss)
1981 http fetch GET 200 https://registry.npmjs.org/fetch-blob/-/fetch-blob-3.2.0.tgz 1467ms (cache miss)
1982 http fetch GET 200 https://registry.npmjs.org/outvariant/-/outvariant-1.4.3.tgz 1471ms (cache miss)
1983 http fetch GET 200 https://registry.npmjs.org/yargs/-/yargs-17.7.2.tgz 1494ms (cache miss)
1984 http fetch GET 200 https://registry.npmjs.org/@inquirer/ansi/-/ansi-1.0.2.tgz 1495ms (cache miss)
1985 http fetch GET 200 https://registry.npmjs.org/@inquirer/type/-/type-3.0.10.tgz 1508ms (cache miss)
1986 http fetch GET 200 https://registry.npmjs.org/headers-polyfill/-/headers-polyfill-4.0.3.tgz 1529ms (cache miss)
1987 http fetch GET 200 https://registry.npmjs.org/parse-ms/-/parse-ms-4.0.0.tgz 1536ms (cache miss)
1988 http fetch GET 200 https://registry.npmjs.org/inherits/-/inherits-2.0.4.tgz 1617ms (cache miss)
1989 http fetch GET 200 https://registry.npmjs.org/toidentifier/-/toidentifier-1.0.1.tgz 1617ms (cache miss)
1990 http fetch GET 200 https://registry.npmjs.org/setprototypeof/-/setprototypeof-1.2.0.tgz 1618ms (cache miss)
1991 http fetch GET 200 https://registry.npmjs.org/jsonfile/-/jsonfile-6.2.0.tgz 1619ms (cache miss)
1992 http fetch GET 200 https://registry.npmjs.org/mute-stream/-/mute-stream-2.0.0.tgz 1649ms (cache miss)
1993 http fetch GET 200 https://registry.npmjs.org/@inquirer/confirm/-/confirm-5.1.21.tgz 1649ms (cache miss)
1994 http fetch GET 200 https://registry.npmjs.org/graphql/-/graphql-16.12.0.tgz 1651ms (cache miss)
1995 http fetch GET 200 https://registry.npmjs.org/web-streams-polyfill/-/web-streams-polyfill-3.3.3.tgz 1661ms (cache miss)
1996 http fetch GET 200 https://registry.npmjs.org/agent-base/-/agent-base-7.1.4.tgz 1661ms (cache miss)
1997 http fetch GET 200 https://registry.npmjs.org/universalify/-/universalify-2.0.1.tgz 1659ms (cache miss)
1998 http fetch GET 200 https://registry.npmjs.org/bytes/-/bytes-3.1.2.tgz 1660ms (cache miss)
1999 http fetch GET 200 https://registry.npmjs.org/negotiator/-/negotiator-1.0.0.tgz 1664ms (cache miss)
2000 http fetch GET 200 https://registry.npmjs.org/serve-static/-/serve-static-2.2.1.tgz 1692ms (cache miss)
2001 http fetch GET 200 https://registry.npmjs.org/send/-/send-1.2.1.tgz 1692ms (cache miss)
2002 http fetch GET 200 https://registry.npmjs.org/is-unicode-supported/-/is-unicode-supported-2.1.0.tgz 1701ms (cache miss)
2003 http fetch GET 200 https://registry.npmjs.org/cli-spinners/-/cli-spinners-2.9.2.tgz 1705ms (cache miss)
2004 http fetch GET 200 https://registry.npmjs.org/type-is/-/type-is-2.0.1.tgz 1705ms (cache miss)
2005 http fetch GET 200 https://registry.npmjs.org/qs/-/qs-6.14.1.tgz 1710ms (cache miss)
2006 http fetch GET 200 https://registry.npmjs.org/statuses/-/statuses-2.0.2.tgz 1713ms (cache miss)
2007 http fetch GET 200 https://registry.npmjs.org/range-parser/-/range-parser-1.2.1.tgz 1713ms (cache miss)
2008 http fetch GET 200 https://registry.npmjs.org/router/-/router-2.2.0.tgz 1715ms (cache miss)
2009 http fetch GET 200 https://registry.npmjs.org/parseurl/-/parseurl-1.3.3.tgz 1753ms (cache miss)
2010 http fetch GET 200 https://registry.npmjs.org/@mswjs/interceptors/-/interceptors-0.40.0.tgz 1772ms (cache miss)
2011 http fetch GET 200 https://registry.npmjs.org/on-finished/-/on-finished-2.4.1.tgz 1771ms (cache miss)
2012 http fetch GET 200 https://registry.npmjs.org/once/-/once-1.4.0.tgz 1770ms (cache miss)
2013 http fetch GET 200 https://registry.npmjs.org/mime-types/-/mime-types-3.0.2.tgz 1772ms (cache miss)
2014 http fetch GET 200 https://registry.npmjs.org/merge-descriptors/-/merge-descriptors-2.0.0.tgz 1775ms (cache miss)
2015 http fetch GET 200 https://registry.npmjs.org/escape-html/-/escape-html-1.0.3.tgz 1775ms (cache miss)
2016 http fetch GET 200 https://registry.npmjs.org/proxy-addr/-/proxy-addr-2.0.7.tgz 1777ms (cache miss)
2017 http fetch GET 200 https://registry.npmjs.org/http-errors/-/http-errors-2.0.1.tgz 1779ms (cache miss)
2018 http fetch GET 200 https://registry.npmjs.org/fresh/-/fresh-2.0.0.tgz 1779ms (cache miss)
2019 http fetch GET 200 https://registry.npmjs.org/finalhandler/-/finalhandler-2.1.1.tgz 1797ms (cache miss)
2020 http fetch GET 200 https://registry.npmjs.org/depd/-/depd-2.0.0.tgz 1811ms (cache miss)
2021 http fetch GET 200 https://registry.npmjs.org/etag/-/etag-1.8.1.tgz 1814ms (cache miss)
2022 http fetch GET 200 https://registry.npmjs.org/encodeurl/-/encodeurl-2.0.0.tgz 1814ms (cache miss)
2023 http fetch GET 200 https://registry.npmjs.org/content-disposition/-/content-disposition-1.0.1.tgz 1818ms (cache miss)
2024 http fetch GET 200 https://registry.npmjs.org/cookie-signature/-/cookie-signature-1.2.2.tgz 1818ms (cache miss)
2025 http fetch GET 200 https://registry.npmjs.org/accepts/-/accepts-2.0.0.tgz 1823ms (cache miss)
2026 http fetch GET 200 https://registry.npmjs.org/pretty-ms/-/pretty-ms-9.3.0.tgz 1824ms (cache miss)
2027 http fetch GET 200 https://registry.npmjs.org/yoctocolors/-/yoctocolors-2.1.2.tgz 1824ms (cache miss)
2028 http fetch GET 200 https://registry.npmjs.org/body-parser/-/body-parser-2.2.2.tgz 1825ms (cache miss)
2029 http fetch GET 200 https://registry.npmjs.org/mime-db/-/mime-db-1.54.0.tgz 1833ms (cache miss)
2030 http fetch GET 200 https://registry.npmjs.org/npm-run-path/-/npm-run-path-6.0.0.tgz 1847ms (cache miss)
2031 http fetch GET 200 https://registry.npmjs.org/is-plain-obj/-/is-plain-obj-4.1.0.tgz 1852ms (cache miss)
2032 http fetch GET 200 https://registry.npmjs.org/is-stream/-/is-stream-4.0.1.tgz 1854ms (cache miss)
2033 http fetch GET 200 https://registry.npmjs.org/human-signals/-/human-signals-8.0.1.tgz 1861ms (cache miss)
2034 http fetch GET 200 https://registry.npmjs.org/strip-final-newline/-/strip-final-newline-4.0.0.tgz 1861ms (cache miss)
2035 http fetch GET 200 https://registry.npmjs.org/parse-json/-/parse-json-5.2.0.tgz 1867ms (cache miss)
2036 http fetch GET 200 https://registry.npmjs.org/figures/-/figures-6.1.0.tgz 1867ms (cache miss)
2037 http fetch GET 200 https://registry.npmjs.org/get-stream/-/get-stream-9.0.1.tgz 1867ms (cache miss)
2038 http fetch GET 200 https://registry.npmjs.org/vary/-/vary-1.1.2.tgz 1899ms (cache miss)
2039 http fetch GET 200 https://registry.npmjs.org/env-paths/-/env-paths-2.2.1.tgz 1899ms (cache miss)
2040 http fetch GET 200 https://registry.npmjs.org/json-schema-typed/-/json-schema-typed-8.0.2.tgz 1901ms (cache miss)
2041 http fetch GET 200 https://registry.npmjs.org/raw-body/-/raw-body-3.0.2.tgz 1910ms (cache miss)
2042 http fetch GET 200 https://registry.npmjs.org/@noble/ciphers/-/ciphers-1.3.0.tgz 1912ms (cache miss)
2043 http fetch GET 200 https://registry.npmjs.org/@sindresorhus/merge-streams/-/merge-streams-4.0.0.tgz 1926ms (cache miss)
2044 http fetch GET 200 https://registry.npmjs.org/express/-/express-5.2.1.tgz 1938ms (cache miss)
2045 http fetch GET 200 https://registry.npmjs.org/eventsource/-/eventsource-3.0.7.tgz 1950ms (cache miss)
2046 http fetch GET 200 https://registry.npmjs.org/express-rate-limit/-/express-rate-limit-7.5.1.tgz 1951ms (cache miss)
2047 http fetch GET 200 https://registry.npmjs.org/cors/-/cors-2.8.5.tgz 1954ms (cache miss)
2048 http fetch GET 200 https://registry.npmjs.org/pkce-challenge/-/pkce-challenge-5.0.1.tgz 1955ms (cache miss)
2049 http fetch GET 200 https://registry.npmjs.org/content-type/-/content-type-1.0.5.tgz 1966ms (cache miss)
2050 http fetch GET 200 https://registry.npmjs.org/eventsource-parser/-/eventsource-parser-3.0.6.tgz 1968ms (cache miss)
2051 http fetch GET 200 https://registry.npmjs.org/@sec-ant/readable-stream/-/readable-stream-0.4.1.tgz 1978ms (cache miss)
2052 http fetch GET 200 https://registry.npmjs.org/jose/-/jose-6.1.3.tgz 1976ms (cache miss)
2053 http fetch GET 200 https://registry.npmjs.org/ajv-formats/-/ajv-formats-3.0.1.tgz 1984ms (cache miss)
2054 http fetch GET 200 https://registry.npmjs.org/@babel/plugin-transform-modules-commonjs/-/plugin-transform-modules-commonjs-7.27.1.tgz 1988ms (cache miss)
2055 http fetch GET 200 https://registry.npmjs.org/object-treeify/-/object-treeify-1.1.33.tgz 2000ms (cache miss)
2056 http fetch GET 200 https://registry.npmjs.org/@babel/plugin-syntax-jsx/-/plugin-syntax-jsx-7.27.1.tgz 2001ms (cache miss)
2057 http fetch GET 200 https://registry.npmjs.org/@babel/helper-replace-supers/-/helper-replace-supers-7.27.1.tgz 2009ms (cache miss)
2058 http fetch GET 200 https://registry.npmjs.org/eciesjs/-/eciesjs-0.4.16.tgz 2019ms (cache miss)
2059 http fetch GET 200 https://registry.npmjs.org/@babel/plugin-syntax-typescript/-/plugin-syntax-typescript-7.27.1.tgz 2019ms (cache miss)
2060 http fetch GET 200 https://registry.npmjs.org/@babel/helper-optimise-call-expression/-/helper-optimise-call-expression-7.27.1.tgz 2021ms (cache miss)
2061 http fetch GET 200 https://registry.npmjs.org/@noble/hashes/-/hashes-1.8.0.tgz 2032ms (cache miss)
2062 http fetch GET 200 https://registry.npmjs.org/@babel/helper-skip-transparent-expression-wrappers/-/helper-skip-transparent-expression-wrappers-7.27.1.tgz 2044ms (cache miss)
2063 http fetch GET 200 https://registry.npmjs.org/@babel/helper-create-class-features-plugin/-/helper-create-class-features-plugin-7.28.5.tgz 2048ms (cache miss)
2064 http fetch GET 200 https://registry.npmjs.org/package-manager-detector/-/package-manager-detector-1.6.0.tgz 2057ms (cache miss)
2065 http fetch GET 200 https://registry.npmjs.org/@babel/helper-plugin-utils/-/helper-plugin-utils-7.27.1.tgz 2087ms (cache miss)
2066 http fetch GET 200 https://registry.npmjs.org/zod-to-json-schema/-/zod-to-json-schema-3.25.1.tgz 2097ms (cache miss)
2067 http fetch GET 200 https://registry.npmjs.org/@noble/curves/-/curves-1.9.7.tgz 2098ms (cache miss)
2068 http fetch GET 200 https://registry.npmjs.org/@babel/helper-member-expression-to-functions/-/helper-member-expression-to-functions-7.28.5.tgz 2109ms (cache miss)
2069 http fetch GET 200 https://registry.npmjs.org/stringify-object/-/stringify-object-5.0.0.tgz 2109ms (cache miss)
2070 http fetch GET 200 https://registry.npmjs.org/@open-draft/deferred-promise/-/deferred-promise-2.2.0.tgz 2116ms (cache miss)
2071 http fetch GET 200 https://registry.npmjs.org/recast/-/recast-0.23.11.tgz 2133ms (cache miss)
2072 http fetch GET 200 https://registry.npmjs.org/prompts/-/prompts-2.4.2.tgz 2151ms (cache miss)
2073 http fetch GET 200 https://registry.npmjs.org/postcss-selector-parser/-/postcss-selector-parser-7.1.1.tgz 2167ms (cache miss)
2074 http fetch GET 200 https://registry.npmjs.org/ora/-/ora-8.2.0.tgz 2176ms (cache miss)
2075 http fetch GET 200 https://registry.npmjs.org/open/-/open-11.0.0.tgz 2190ms (cache miss)
2076 http fetch GET 200 https://registry.npmjs.org/validate-npm-package-name/-/validate-npm-package-name-7.0.2.tgz 2191ms (cache miss)
2077 http fetch GET 200 https://registry.npmjs.org/ts-morph/-/ts-morph-26.0.0.tgz 2194ms (cache miss)
2078 http fetch GET 200 https://registry.npmjs.org/kleur/-/kleur-4.1.5.tgz 2196ms (cache miss)
2079 http fetch GET 200 https://registry.npmjs.org/https-proxy-agent/-/https-proxy-agent-7.0.6.tgz 2198ms (cache miss)
2080 http fetch GET 200 https://registry.npmjs.org/fzf/-/fzf-0.5.2.tgz 2204ms (cache miss)
2081 http fetch GET 200 https://registry.npmjs.org/fuzzysort/-/fuzzysort-3.1.0.tgz 2219ms (cache miss)
2082 http fetch GET 200 https://registry.npmjs.org/@types/statuses/-/statuses-2.0.6.tgz 2267ms (cache miss)
2083 http fetch GET 200 https://registry.npmjs.org/ansis/-/ansis-4.2.0.tgz 2260ms (cache miss)
2084 http fetch GET 200 https://registry.npmjs.org/fs-extra/-/fs-extra-11.3.3.tgz 2270ms (cache miss)
2085 http fetch GET 200 https://registry.npmjs.org/dedent/-/dedent-1.7.1.tgz 2297ms (cache miss)
2086 http fetch GET 200 https://registry.npmjs.org/until-async/-/until-async-3.0.2.tgz 2305ms (cache miss)
2087 http fetch GET 200 https://registry.npmjs.org/diff/-/diff-8.0.2.tgz 2298ms (cache miss)
2088 http fetch GET 200 https://registry.npmjs.org/deepmerge/-/deepmerge-4.3.1.tgz 2303ms (cache miss)
2089 http fetch GET 200 https://registry.npmjs.org/@babel/helper-annotate-as-pure/-/helper-annotate-as-pure-7.27.3.tgz 2387ms (cache miss)
2090 http fetch GET 200 https://registry.npmjs.org/strip-ansi/-/strip-ansi-6.0.1.tgz 2409ms (cache miss)
2091 http fetch GET 200 https://registry.npmjs.org/@types/validate-npm-package-name/-/validate-npm-package-name-4.0.2.tgz 2413ms (cache miss)
2092 http fetch GET 200 https://registry.npmjs.org/@babel/plugin-transform-typescript/-/plugin-transform-typescript-7.28.5.tgz 2421ms (cache miss)
2093 http fetch GET 200 https://registry.npmjs.org/ansi-regex/-/ansi-regex-5.0.1.tgz 2425ms (cache miss)
2094 http fetch GET 200 https://registry.npmjs.org/@isaacs/balanced-match/-/balanced-match-4.0.1.tgz 2428ms (cache miss)
2095 http fetch GET 200 https://registry.npmjs.org/@ecies/ciphers/-/ciphers-0.2.5.tgz 2481ms (cache miss)
2096 http fetch GET 200 https://registry.npmjs.org/string-width/-/string-width-4.2.3.tgz 2480ms (cache miss)
2097 http fetch GET 200 https://registry.npmjs.org/commander/-/commander-14.0.2.tgz 2484ms (cache miss)
2098 http fetch GET 200 https://registry.npmjs.org/@babel/preset-typescript/-/preset-typescript-7.28.5.tgz 2484ms (cache miss)
2099 http fetch GET 200 https://registry.npmjs.org/cosmiconfig/-/cosmiconfig-9.0.0.tgz 2488ms (cache miss)
2100 http fetch GET 200 https://registry.npmjs.org/execa/-/execa-9.6.1.tgz 2488ms (cache miss)
2101 http fetch GET 200 https://registry.npmjs.org/wrap-ansi/-/wrap-ansi-7.0.0.tgz 2511ms (cache miss)
2102 http fetch GET 200 https://registry.npmjs.org/is-unicode-supported/-/is-unicode-supported-1.3.0.tgz 2538ms (cache miss)
2103 http fetch GET 200 https://registry.npmjs.org/strip-ansi/-/strip-ansi-6.0.1.tgz 2548ms (cache miss)
2104 http fetch GET 200 https://registry.npmjs.org/fast-glob/-/fast-glob-3.3.3.tgz 2662ms (cache miss)
2105 http fetch GET 200 https://registry.npmjs.org/emoji-regex/-/emoji-regex-8.0.0.tgz 2664ms (cache miss)
2106 http fetch GET 200 https://registry.npmjs.org/node-fetch/-/node-fetch-3.3.2.tgz 2671ms (cache miss)
2107 http fetch GET 200 https://registry.npmjs.org/ansi-regex/-/ansi-regex-5.0.1.tgz 2719ms (cache miss)
2108 http fetch GET 200 https://registry.npmjs.org/string-width/-/string-width-4.2.3.tgz 2723ms (cache miss)
2109 http fetch GET 200 https://registry.npmjs.org/@modelcontextprotocol/sdk/-/sdk-1.25.2.tgz 2725ms (cache miss)
2110 http fetch GET 200 https://registry.npmjs.org/chalk/-/chalk-5.6.2.tgz 2746ms (cache miss)
2111 http fetch GET 200 https://registry.npmjs.org/string-width/-/string-width-4.2.3.tgz 2748ms (cache miss)
2112 http fetch GET 200 https://registry.npmjs.org/minimatch/-/minimatch-10.1.1.tgz 2749ms (cache miss)
2113 http fetch GET 200 https://registry.npmjs.org/strip-ansi/-/strip-ansi-6.0.1.tgz 2750ms (cache miss)
2114 http fetch GET 200 https://registry.npmjs.org/path-key/-/path-key-4.0.0.tgz 2777ms (cache miss)
2115 http fetch GET 200 https://registry.npmjs.org/emoji-regex/-/emoji-regex-10.6.0.tgz 2806ms (cache miss)
2116 http fetch GET 200 https://registry.npmjs.org/@dotenvx/dotenvx/-/dotenvx-1.51.4.tgz 2808ms (cache miss)
2117 http fetch GET 200 https://registry.npmjs.org/ansi-regex/-/ansi-regex-5.0.1.tgz 2815ms (cache miss)
2118 http fetch GET 200 https://registry.npmjs.org/cookie/-/cookie-0.7.2.tgz 2821ms (cache miss)
2119 http fetch GET 200 https://registry.npmjs.org/kleur/-/kleur-3.0.3.tgz 2826ms (cache miss)
2120 http fetch GET 200 https://registry.npmjs.org/json-schema-traverse/-/json-schema-traverse-1.0.0.tgz 2833ms (cache miss)
2121 http fetch GET 200 https://registry.npmjs.org/path-to-regexp/-/path-to-regexp-8.3.0.tgz 2834ms (cache miss)
2122 http fetch GET 200 https://registry.npmjs.org/shadcn/-/shadcn-3.6.3.tgz 2851ms (cache miss)
2123 http fetch GET 200 https://registry.npmjs.org/emoji-regex/-/emoji-regex-8.0.0.tgz 2864ms (cache miss)
2124 http fetch GET 200 https://registry.npmjs.org/chalk/-/chalk-5.6.2.tgz 2878ms (cache miss)
2125 http fetch GET 200 https://registry.npmjs.org/json-schema-traverse/-/json-schema-traverse-1.0.0.tgz 2903ms (cache miss)
2126 http fetch GET 200 https://registry.npmjs.org/strip-final-newline/-/strip-final-newline-2.0.0.tgz 2911ms (cache miss)
2127 http fetch GET 200 https://registry.npmjs.org/isexe/-/isexe-3.1.1.tgz 2919ms (cache miss)
2128 http fetch GET 200 https://registry.npmjs.org/npm-run-path/-/npm-run-path-4.0.1.tgz 2941ms (cache miss)
2129 http fetch GET 200 https://registry.npmjs.org/is-stream/-/is-stream-2.0.1.tgz 2944ms (cache miss)
2130 http fetch GET 200 https://registry.npmjs.org/onetime/-/onetime-5.1.2.tgz 2947ms (cache miss)
2131 http fetch GET 200 https://registry.npmjs.org/get-stream/-/get-stream-6.0.1.tgz 2955ms (cache miss)
2132 http fetch GET 200 https://registry.npmjs.org/emoji-regex/-/emoji-regex-8.0.0.tgz 2961ms (cache miss)
2133 http fetch GET 200 https://registry.npmjs.org/@antfu/ni/-/ni-25.0.0.tgz 2981ms (cache miss)
2134 http fetch GET 200 https://registry.npmjs.org/which/-/which-4.0.0.tgz 2987ms (cache miss)
2135 http fetch GET 200 https://registry.npmjs.org/human-signals/-/human-signals-2.1.0.tgz 3008ms (cache miss)
2136 http fetch GET 200 https://registry.npmjs.org/@hono/node-server/-/node-server-1.19.7.tgz 3013ms (cache miss)
2137 http fetch GET 200 https://registry.npmjs.org/type-fest/-/type-fest-5.3.1.tgz 3023ms (cache miss)
2138 http fetch GET 200 https://registry.npmjs.org/commander/-/commander-11.1.0.tgz 3030ms (cache miss)
2139 http fetch GET 200 https://registry.npmjs.org/execa/-/execa-5.1.1.tgz 3038ms (cache miss)
2140 http fetch GET 200 https://registry.npmjs.org/fast-glob/-/fast-glob-3.3.3.tgz 3058ms (cache miss)
2141 http fetch GET 200 https://registry.npmjs.org/msw/-/msw-2.12.7.tgz 3064ms (cache miss)
2142 http fetch GET 200 https://registry.npmjs.org/dotenv/-/dotenv-17.2.3.tgz 3062ms (cache miss)
2143 http fetch GET 200 https://registry.npmjs.org/ajv/-/ajv-8.17.1.tgz 3076ms (cache miss)
2144 http fetch GET 200 https://registry.npmjs.org/tsconfig-paths/-/tsconfig-paths-4.2.0.tgz 3186ms (cache miss)
2145 http fetch GET 200 https://registry.npmjs.org/zod/-/zod-3.25.76.tgz 3237ms (cache miss)
2146 http fetch GET 200 https://registry.npmjs.org/ajv/-/ajv-8.17.1.tgz 3512ms (cache miss)
2147 info run msw@2.12.7 postinstall node_modules/msw node -e "import('./config/scripts/postinstall.js').catch(() => void 0)"
2148 info run msw@2.12.7 postinstall { code: 0, signal: null }
2149 silly ADD node_modules/tagged-tag
2150 silly ADD node_modules/is-fullwidth-code-point
2151 silly ADD node_modules/@isaacs/balanced-match
2152 silly ADD node_modules/@isaacs/brace-expansion
2153 silly ADD node_modules/require-from-string
2154 silly ADD node_modules/fast-uri
2155 silly ADD node_modules/mimic-fn
2156 silly ADD node_modules/merge-stream
2157 silly ADD node_modules/yargs-parser
2158 silly ADD node_modules/y18n
2159 silly ADD node_modules/require-directory
2160 silly ADD node_modules/get-caller-file
2161 silly ADD node_modules/cliui
2162 silly ADD node_modules/cliui/node_modules/ansi-regex
2163 silly ADD node_modules/cliui/node_modules/emoji-regex
2164 silly ADD node_modules/cliui/node_modules/wrap-ansi
2165 silly ADD node_modules/cliui/node_modules/strip-ansi
2166 silly ADD node_modules/cliui/node_modules/string-width
2167 silly ADD node_modules/is-wsl
2168 silly ADD node_modules/media-typer
2169 silly ADD node_modules/path-browserify
2170 silly ADD node_modules/code-block-writer
2171 silly ADD node_modules/@ts-morph/common
2172 silly ADD node_modules/@ts-morph/common/node_modules/glob-parent
2173 silly ADD node_modules/@ts-morph/common/node_modules/minimatch
2174 silly ADD node_modules/@ts-morph/common/node_modules/fast-glob
2175 silly ADD node_modules/tldts-core
2176 silly ADD node_modules/tldts
2177 silly ADD node_modules/ansi-regex
2178 silly ADD node_modules/is-regexp
2179 silly ADD node_modules/is-obj
2180 silly ADD node_modules/get-own-enumerable-keys
2181 silly ADD node_modules/get-east-asian-width
2182 silly ADD node_modules/is-promise
2183 silly ADD node_modules/mimic-function
2184 silly ADD node_modules/onetime
2185 silly ADD node_modules/tiny-invariant
2186 silly ADD node_modules/source-map
2187 silly ADD node_modules/esprima
2188 silly ADD node_modules/ast-types
2189 silly ADD node_modules/unpipe
2190 silly ADD node_modules/ipaddr.js
2191 silly ADD node_modules/forwarded
2192 silly ADD node_modules/sisteransi
2193 silly ADD node_modules/parse-ms
2194 silly ADD node_modules/util-deprecate
2195 silly ADD node_modules/cssesc
2196 silly ADD node_modules/is-arrayish
2197 silly ADD node_modules/lines-and-columns
2198 silly ADD node_modules/json-parse-even-better-errors
2199 silly ADD node_modules/error-ex
2200 silly ADD node_modules/restore-cursor
2201 silly ADD node_modules/strip-ansi
2202 silly ADD node_modules/string-width
2203 silly ADD node_modules/string-width/node_modules/emoji-regex
2204 silly ADD node_modules/stdin-discarder
2205 silly ADD node_modules/log-symbols
2206 silly ADD node_modules/log-symbols/node_modules/is-unicode-supported
2207 silly ADD node_modules/log-symbols/node_modules/chalk
2208 silly ADD node_modules/is-interactive
2209 silly ADD node_modules/cli-spinners
2210 silly ADD node_modules/cli-cursor
2211 silly ADD node_modules/is-docker
2212 silly ADD node_modules/run-applescript
2213 silly ADD node_modules/default-browser-id
2214 silly ADD node_modules/bundle-name
2215 silly ADD node_modules/wsl-utils
2216 silly ADD node_modules/powershell-utils
2217 silly ADD node_modules/is-inside-container
2218 silly ADD node_modules/is-in-ssh
2219 silly ADD node_modules/define-lazy-prop
2220 silly ADD node_modules/default-browser
2221 silly ADD node_modules/wrappy
2222 silly ADD node_modules/ee-first
2223 silly ADD node_modules/unicorn-magic
2224 silly ADD node_modules/web-streams-polyfill
2225 silly ADD node_modules/node-domexception
2226 silly ADD node_modules/formdata-polyfill
2227 silly ADD node_modules/fetch-blob
2228 silly ADD node_modules/data-uri-to-buffer
2229 silly ADD node_modules/@open-draft/until
2230 silly ADD node_modules/@open-draft/logger
2231 silly ADD node_modules/yoctocolors-cjs
2232 silly ADD node_modules/wrap-ansi
2233 silly ADD node_modules/wrap-ansi/node_modules/ansi-regex
2234 silly ADD node_modules/wrap-ansi/node_modules/emoji-regex
2235 silly ADD node_modules/wrap-ansi/node_modules/strip-ansi
2236 silly ADD node_modules/wrap-ansi/node_modules/string-width
2237 silly ADD node_modules/mute-stream
2238 silly ADD node_modules/cli-width
2239 silly ADD node_modules/@inquirer/figures
2240 silly ADD node_modules/@inquirer/ansi
2241 silly ADD node_modules/@inquirer/type
2242 silly ADD node_modules/@inquirer/core
2243 silly ADD node_modules/yargs
2244 silly ADD node_modules/yargs/node_modules/ansi-regex
2245 silly ADD node_modules/yargs/node_modules/strip-ansi
2246 silly ADD node_modules/yargs/node_modules/emoji-regex
2247 silly ADD node_modules/yargs/node_modules/string-width
2248 silly ADD node_modules/until-async
2249 silly ADD node_modules/tough-cookie
2250 silly ADD node_modules/strict-event-emitter
2251 silly ADD node_modules/rettime
2252 silly ADD node_modules/path-to-regexp
2253 silly ADD node_modules/outvariant
2254 silly ADD node_modules/is-node-process
2255 silly ADD node_modules/headers-polyfill
2256 silly ADD node_modules/graphql
2257 silly ADD node_modules/@types/statuses
2258 silly ADD node_modules/@open-draft/deferred-promise
2259 silly ADD node_modules/@mswjs/interceptors
2260 silly ADD node_modules/@inquirer/confirm
2261 silly ADD node_modules/mime-db
2262 silly ADD node_modules/agent-base
2263 silly ADD node_modules/toidentifier
2264 silly ADD node_modules/setprototypeof
2265 silly ADD node_modules/inherits
2266 silly ADD node_modules/@sec-ant/readable-stream
2267 silly ADD node_modules/universalify
2268 silly ADD node_modules/jsonfile
2269 silly ADD node_modules/is-unicode-supported
2270 silly ADD node_modules/bytes
2271 silly ADD node_modules/negotiator
2272 silly ADD node_modules/type-is
2273 silly ADD node_modules/statuses
2274 silly ADD node_modules/serve-static
2275 silly ADD node_modules/send
2276 silly ADD node_modules/router
2277 silly ADD node_modules/router/node_modules/path-to-regexp
2278 silly ADD node_modules/range-parser
2279 silly ADD node_modules/qs
2280 silly ADD node_modules/proxy-addr
2281 silly ADD node_modules/parseurl
2282 silly ADD node_modules/once
2283 silly ADD node_modules/on-finished
2284 silly ADD node_modules/mime-types
2285 silly ADD node_modules/merge-descriptors
2286 silly ADD node_modules/http-errors
2287 silly ADD node_modules/fresh
2288 silly ADD node_modules/finalhandler
2289 silly ADD node_modules/etag
2290 silly ADD node_modules/escape-html
2291 silly ADD node_modules/encodeurl
2292 silly ADD node_modules/depd
2293 silly ADD node_modules/cookie-signature
2294 silly ADD node_modules/content-disposition
2295 silly ADD node_modules/body-parser
2296 silly ADD node_modules/accepts
2297 silly ADD node_modules/yoctocolors
2298 silly ADD node_modules/strip-final-newline
2299 silly ADD node_modules/pretty-ms
2300 silly ADD node_modules/npm-run-path
2301 silly ADD node_modules/npm-run-path/node_modules/path-key
2302 silly ADD node_modules/is-stream
2303 silly ADD node_modules/is-plain-obj
2304 silly ADD node_modules/human-signals
2305 silly ADD node_modules/get-stream
2306 silly ADD node_modules/figures
2307 silly ADD node_modules/@sindresorhus/merge-streams
2308 silly ADD node_modules/@noble/hashes
2309 silly ADD node_modules/@noble/curves
2310 silly ADD node_modules/@noble/ciphers
2311 silly ADD node_modules/@ecies/ciphers
2312 silly ADD node_modules/parse-json
2313 silly ADD node_modules/env-paths
2314 silly ADD node_modules/vary
2315 silly ADD node_modules/raw-body
2316 silly ADD node_modules/pkce-challenge
2317 silly ADD node_modules/json-schema-typed
2318 silly ADD node_modules/jose
2319 silly ADD node_modules/express-rate-limit
2320 silly ADD node_modules/express
2321 silly ADD node_modules/express/node_modules/cookie
2322 silly ADD node_modules/eventsource-parser
2323 silly ADD node_modules/eventsource
2324 silly ADD node_modules/cors
2325 silly ADD node_modules/content-type
2326 silly ADD node_modules/ajv-formats
2327 silly ADD node_modules/ajv-formats/node_modules/json-schema-traverse
2328 silly ADD node_modules/ajv-formats/node_modules/ajv
2329 silly ADD node_modules/object-treeify
2330 silly ADD node_modules/eciesjs
2331 silly ADD node_modules/@babel/plugin-transform-modules-commonjs
2332 silly ADD node_modules/@babel/plugin-syntax-jsx
2333 silly ADD node_modules/@babel/helper-replace-supers
2334 silly ADD node_modules/@babel/helper-optimise-call-expression
2335 silly ADD node_modules/@babel/helper-member-expression-to-functions
2336 silly ADD node_modules/@babel/plugin-syntax-typescript
2337 silly ADD node_modules/@babel/helper-skip-transparent-expression-wrappers
2338 silly ADD node_modules/@babel/helper-plugin-utils
2339 silly ADD node_modules/@babel/helper-create-class-features-plugin
2340 silly ADD node_modules/@babel/helper-annotate-as-pure
2341 silly ADD node_modules/package-manager-detector
2342 silly ADD node_modules/fzf
2343 silly ADD node_modules/ansis
2344 silly ADD node_modules/zod-to-json-schema
2345 silly ADD node_modules/validate-npm-package-name
2346 silly ADD node_modules/ts-morph
2347 silly ADD node_modules/stringify-object
2348 silly ADD node_modules/recast
2349 silly ADD node_modules/prompts
2350 silly ADD node_modules/prompts/node_modules/kleur
2351 silly ADD node_modules/postcss-selector-parser
2352 silly ADD node_modules/ora
2353 silly ADD node_modules/ora/node_modules/chalk
2354 silly ADD node_modules/open
2355 silly ADD node_modules/node-fetch
2356 silly ADD node_modules/msw
2357 silly ADD node_modules/msw/node_modules/type-fest
2358 silly ADD node_modules/kleur
2359 silly ADD node_modules/https-proxy-agent
2360 silly ADD node_modules/fuzzysort
2361 silly ADD node_modules/fs-extra
2362 silly ADD node_modules/execa
2363 silly ADD node_modules/diff
2364 silly ADD node_modules/deepmerge
2365 silly ADD node_modules/dedent
2366 silly ADD node_modules/cosmiconfig
2367 silly ADD node_modules/commander
2368 silly ADD node_modules/@types/validate-npm-package-name
2369 silly ADD node_modules/@modelcontextprotocol/sdk
2370 silly ADD node_modules/@modelcontextprotocol/sdk/node_modules/json-schema-traverse
2371 silly ADD node_modules/@modelcontextprotocol/sdk/node_modules/ajv
2372 silly ADD node_modules/@modelcontextprotocol/sdk/node_modules/@hono/node-server
2373 silly ADD node_modules/@dotenvx/dotenvx
2374 silly ADD node_modules/@dotenvx/dotenvx/node_modules/isexe
2375 silly ADD node_modules/@dotenvx/dotenvx/node_modules/strip-final-newline
2376 silly ADD node_modules/@dotenvx/dotenvx/node_modules/signal-exit
2377 silly ADD node_modules/@dotenvx/dotenvx/node_modules/onetime
2378 silly ADD node_modules/@dotenvx/dotenvx/node_modules/npm-run-path
2379 silly ADD node_modules/@dotenvx/dotenvx/node_modules/is-stream
2380 silly ADD node_modules/@dotenvx/dotenvx/node_modules/human-signals
2381 silly ADD node_modules/@dotenvx/dotenvx/node_modules/get-stream
2382 silly ADD node_modules/@dotenvx/dotenvx/node_modules/which
2383 silly ADD node_modules/@dotenvx/dotenvx/node_modules/picomatch
2384 silly ADD node_modules/@dotenvx/dotenvx/node_modules/fdir
2385 silly ADD node_modules/@dotenvx/dotenvx/node_modules/execa
2386 silly ADD node_modules/@dotenvx/dotenvx/node_modules/dotenv
2387 silly ADD node_modules/@dotenvx/dotenvx/node_modules/commander
2388 silly ADD node_modules/@babel/preset-typescript
2389 silly ADD node_modules/@babel/plugin-transform-typescript
2390 silly ADD node_modules/@antfu/ni
2391 silly ADD node_modules/shadcn
2392 silly ADD node_modules/shadcn/node_modules/glob-parent
2393 silly ADD node_modules/shadcn/node_modules/zod
2394 silly ADD node_modules/shadcn/node_modules/tsconfig-paths
2395 silly ADD node_modules/shadcn/node_modules/fast-glob
2396 silly ADD
2397 silly ADD
2398 silly ADD
2399 silly ADD
2400 silly ADD
2401 silly ADD
2402 silly ADD
2403 silly ADD
2404 silly ADD
2405 silly ADD
2406 silly ADD
2407 silly ADD
2408 silly ADD
2409 silly ADD
2410 silly ADD
2411 silly ADD
2412 silly ADD
2413 silly ADD
2414 silly ADD
2415 silly ADD
2416 silly ADD
2417 silly ADD
2418 silly ADD
2419 silly ADD
2420 silly ADD
2421 silly ADD
2422 silly ADD
2423 silly ADD
2424 silly ADD
2425 silly ADD
2426 silly ADD
2427 silly ADD
2428 silly ADD
2429 silly ADD
2430 silly ADD
2431 silly ADD
2432 silly ADD
2433 silly ADD
2434 silly ADD
2435 silly ADD
2436 silly ADD
2437 silly ADD
2438 silly ADD
2439 silly ADD
2440 silly ADD
2441 silly ADD
2442 silly ADD
2443 silly ADD
2444 silly ADD
2445 silly ADD
2446 silly ADD
2447 silly ADD
2448 silly ADD
2449 silly ADD
2450 silly ADD
2451 silly ADD
2452 silly ADD
2453 silly ADD
2454 silly ADD
2455 silly ADD
2456 silly ADD
2457 silly ADD
2458 silly ADD
2459 silly ADD
2460 silly ADD
2461 silly ADD
2462 silly ADD
2463 silly ADD
2464 verbose cwd /Users/aditya_malur/Desktop/Gemini testing/Project Management GPT/ops-system
2465 verbose os Darwin 25.1.0
2466 verbose node v22.17.0
2467 verbose npm  v10.9.2
2468 verbose exit 0
2469 info ok
