0 verbose cli /usr/local/bin/node /usr/local/bin/npm
1 info using npm@10.9.2
2 info using node@v22.17.0
3 silly config load:file:/usr/local/lib/node_modules/npm/npmrc
4 silly config load:file:/Users/aditya_malur/Desktop/Gemini testing/Project Management GPT/ops-system/.npmrc
5 silly config load:file:/Users/aditya_malur/.npmrc
6 silly config load:file:/Users/aditya_malur/.npm-global/etc/npmrc
7 verbose title npm install recharts @hello-pangea/dnd date-fns
8 verbose argv "install" "--cache" ".npm-cache" "recharts" "@hello-pangea/dnd" "date-fns"
9 verbose logfile logs-max:10 dir:/Users/aditya_malur/Desktop/Gemini testing/Project Management GPT/ops-system/.npm-cache/_logs/2026-01-08T13_56_50_173Z-
10 verbose logfile /Users/aditya_malur/Desktop/Gemini testing/Project Management GPT/ops-system/.npm-cache/_logs/2026-01-08T13_56_50_173Z-debug-0.log
11 silly logfile done cleaning log files
12 silly packumentCache heap:4345298944 maxSize:1086324736 maxEntrySize:543162368
13 silly idealTree buildDeps
14 silly fetch manifest recharts@*
15 silly packumentCache full:https://registry.npmjs.org/recharts cache-miss
16 http fetch GET 200 https://registry.npmjs.org/recharts 201ms (cache miss)
17 silly packumentCache full:https://registry.npmjs.org/recharts set size:undefined disposed:false
18 silly fetch manifest react@19.2.3
19 silly packumentCache full:https://registry.npmjs.org/react cache-miss
20 http fetch GET 200 https://registry.npmjs.org/react 177ms (cache revalidated)
21 silly packumentCache full:https://registry.npmjs.org/react set size:6366570 disposed:false
22 silly fetch manifest react-dom@19.2.3
23 silly packumentCache full:https://registry.npmjs.org/react-dom cache-miss
24 http fetch GET 200 https://registry.npmjs.org/react-dom 95ms (cache revalidated)
25 silly packumentCache full:https://registry.npmjs.org/react-dom set size:8382055 disposed:false
26 silly fetch manifest react-is@^16.8.0 || ^17.0.0 || ^18.0.0 || ^19.0.0
27 silly packumentCache full:https://registry.npmjs.org/react-is cache-miss
28 http fetch GET 200 https://registry.npmjs.org/react-is 67ms (cache revalidated)
29 silly packumentCache full:https://registry.npmjs.org/react-is set size:5159505 disposed:false
30 silly fetch manifest @hello-pangea/dnd@*
31 silly packumentCache full:https://registry.npmjs.org/@hello-pangea%2fdnd cache-miss
32 http fetch GET 200 https://registry.npmjs.org/@hello-pangea%2fdnd 383ms (cache miss)
33 silly packumentCache full:https://registry.npmjs.org/@hello-pangea%2fdnd set size:undefined disposed:false
34 silly fetch manifest date-fns@*
35 silly packumentCache full:https://registry.npmjs.org/date-fns cache-miss
36 http fetch GET 200 https://registry.npmjs.org/date-fns 210ms (cache miss)
37 silly packumentCache full:https://registry.npmjs.org/date-fns set size:undefined disposed:false
38 silly placeDep ROOT @hello-pangea/dnd@18.0.1 OK for: ops-system@0.1.0 want: *
39 silly placeDep ROOT date-fns@4.1.0 OK for: ops-system@0.1.0 want: *
40 silly placeDep ROOT recharts@3.6.0 OK for: ops-system@0.1.0 want: *
41 silly fetch manifest @babel/runtime@^7.26.7
42 silly packumentCache full:https://registry.npmjs.org/@babel%2fruntime cache-miss
43 silly fetch manifest css-box-model@^1.2.1
44 silly packumentCache full:https://registry.npmjs.org/css-box-model cache-miss
45 silly fetch manifest raf-schd@^4.0.3
46 silly packumentCache full:https://registry.npmjs.org/raf-schd cache-miss
47 silly fetch manifest react-redux@^9.2.0
48 silly packumentCache full:https://registry.npmjs.org/react-redux cache-miss
49 silly fetch manifest redux@^5.0.1
50 silly packumentCache full:https://registry.npmjs.org/redux cache-miss
51 silly fetch manifest @reduxjs/toolkit@1.x.x || 2.x.x
52 silly packumentCache full:https://registry.npmjs.org/@reduxjs%2ftoolkit cache-miss
53 silly fetch manifest decimal.js-light@^2.5.1
54 silly packumentCache full:https://registry.npmjs.org/decimal.js-light cache-miss
55 silly fetch manifest es-toolkit@^1.39.3
56 silly packumentCache full:https://registry.npmjs.org/es-toolkit cache-miss
57 silly fetch manifest eventemitter3@^5.0.1
58 silly packumentCache full:https://registry.npmjs.org/eventemitter3 cache-miss
59 http fetch GET 200 https://registry.npmjs.org/@babel%2fruntime 119ms (cache miss)
60 silly packumentCache full:https://registry.npmjs.org/@babel%2fruntime set size:undefined disposed:false
61 silly fetch manifest immer@^10.1.1
62 silly packumentCache full:https://registry.npmjs.org/immer cache-miss
63 http fetch GET 200 https://registry.npmjs.org/css-box-model 149ms (cache miss)
64 silly packumentCache full:https://registry.npmjs.org/css-box-model set size:undefined disposed:false
65 silly fetch manifest react-redux@8.x.x || 9.x.x
66 silly packumentCache full:https://registry.npmjs.org/react-redux cache-miss
67 http fetch GET 200 https://registry.npmjs.org/redux 157ms (cache miss)
68 silly packumentCache full:https://registry.npmjs.org/redux set size:undefined disposed:false
69 silly fetch manifest reselect@5.1.1
70 silly packumentCache full:https://registry.npmjs.org/reselect cache-miss
71 http fetch GET 200 https://registry.npmjs.org/react-redux 162ms (cache miss)
72 silly packumentCache full:https://registry.npmjs.org/react-redux set size:undefined disposed:false
73 silly fetch manifest victory-vendor@^37.0.2
74 silly packumentCache full:https://registry.npmjs.org/victory-vendor cache-miss
75 http fetch GET 200 https://registry.npmjs.org/eventemitter3 176ms (cache miss)
76 silly packumentCache full:https://registry.npmjs.org/eventemitter3 set size:undefined disposed:false
77 http fetch GET 200 https://registry.npmjs.org/immer 70ms (cache miss)
78 silly packumentCache full:https://registry.npmjs.org/immer set size:undefined disposed:false
79 http fetch GET 200 https://registry.npmjs.org/@reduxjs%2ftoolkit 197ms (cache miss)
80 silly packumentCache full:https://registry.npmjs.org/@reduxjs%2ftoolkit set size:undefined disposed:false
81 http fetch GET 200 https://registry.npmjs.org/decimal.js-light 201ms (cache miss)
82 silly packumentCache full:https://registry.npmjs.org/decimal.js-light set size:undefined disposed:false
83 http fetch GET 200 https://registry.npmjs.org/react-redux 69ms (cache miss)
84 silly packumentCache full:https://registry.npmjs.org/react-redux set size:undefined disposed:false
85 http fetch GET 200 https://registry.npmjs.org/es-toolkit 412ms (cache miss)
86 silly packumentCache full:https://registry.npmjs.org/es-toolkit set size:undefined disposed:false
87 http fetch GET 200 https://registry.npmjs.org/raf-schd 442ms (cache miss)
88 silly packumentCache full:https://registry.npmjs.org/raf-schd set size:undefined disposed:false
89 http fetch GET 200 https://registry.npmjs.org/victory-vendor 319ms (cache miss)
90 silly packumentCache full:https://registry.npmjs.org/victory-vendor set size:undefined disposed:false
91 http fetch GET 200 https://registry.npmjs.org/reselect 617ms (cache miss)
92 silly packumentCache full:https://registry.npmjs.org/reselect set size:undefined disposed:false
93 silly fetch manifest @types/react@^18.2.25 || ^19
94 silly packumentCache full:https://registry.npmjs.org/@types%2freact cache-miss
95 http fetch GET 200 https://registry.npmjs.org/@types%2freact 66ms (cache revalidated)
96 silly packumentCache full:https://registry.npmjs.org/@types%2freact set size:2541992 disposed:false
97 silly fetch manifest react@^18.0.0 || ^19.0.0
98 silly packumentCache full:https://registry.npmjs.org/react cache-miss
99 http cache https://registry.npmjs.org/react 7ms (cache hit)
100 silly packumentCache full:https://registry.npmjs.org/react set size:6366570 disposed:false
101 silly placeDep ROOT @babel/runtime@7.28.4 OK for: @hello-pangea/dnd@18.0.1 want: ^7.26.7
102 silly placeDep ROOT css-box-model@1.2.1 OK for: @hello-pangea/dnd@18.0.1 want: ^1.2.1
103 silly placeDep ROOT raf-schd@4.0.3 OK for: @hello-pangea/dnd@18.0.1 want: ^4.0.3
104 silly placeDep ROOT react-redux@9.2.0 OK for: @hello-pangea/dnd@18.0.1 want: ^9.2.0
105 silly placeDep ROOT redux@5.0.1 OK for: @hello-pangea/dnd@18.0.1 want: ^5.0.1
106 silly fetch manifest @types/use-sync-external-store@^0.0.6
107 silly packumentCache full:https://registry.npmjs.org/@types%2fuse-sync-external-store cache-miss
108 http fetch GET 200 https://registry.npmjs.org/@types%2fuse-sync-external-store 54ms (cache miss)
109 silly packumentCache full:https://registry.npmjs.org/@types%2fuse-sync-external-store set size:undefined disposed:false
110 silly placeDep ROOT @types/use-sync-external-store@0.0.6 OK for: react-redux@9.2.0 want: ^0.0.6
111 silly fetch manifest react@^16.8.0 || ^17.0.0 || ^18.0.0 || ^19.0.0
112 silly packumentCache full:https://registry.npmjs.org/react cache-miss
113 http cache https://registry.npmjs.org/react 5ms (cache hit)
114 silly packumentCache full:https://registry.npmjs.org/react set size:6366570 disposed:false
115 silly fetch manifest redux@^5.0.0
116 silly packumentCache full:https://registry.npmjs.org/redux cache-miss
117 http cache https://registry.npmjs.org/redux 1ms (cache hit)
118 silly packumentCache full:https://registry.npmjs.org/redux set size:553833 disposed:false
119 silly placeDep ROOT @reduxjs/toolkit@2.11.2 OK for: recharts@3.6.0 want: 1.x.x || 2.x.x
120 silly placeDep ROOT decimal.js-light@2.5.1 OK for: recharts@3.6.0 want: ^2.5.1
121 silly placeDep ROOT es-toolkit@1.43.0 OK for: recharts@3.6.0 want: ^1.39.3
122 silly placeDep ROOT eventemitter3@5.0.1 OK for: recharts@3.6.0 want: ^5.0.1
123 silly placeDep ROOT immer@10.2.0 OK for: recharts@3.6.0 want: ^10.1.1
124 silly placeDep ROOT reselect@5.1.1 OK for: recharts@3.6.0 want: 5.1.1
125 silly placeDep ROOT victory-vendor@37.3.6 OK for: recharts@3.6.0 want: ^37.0.2
126 silly fetch manifest @standard-schema/utils@^0.3.0
127 silly packumentCache full:https://registry.npmjs.org/@standard-schema%2futils cache-miss
128 silly fetch manifest immer@^11.0.0
129 silly packumentCache full:https://registry.npmjs.org/immer cache-miss
130 silly fetch manifest redux-thunk@^3.1.0
131 silly packumentCache full:https://registry.npmjs.org/redux-thunk cache-miss
132 silly fetch manifest reselect@^5.1.0
133 silly packumentCache full:https://registry.npmjs.org/reselect cache-miss
134 silly fetch manifest d3-ease@^3.0.1
135 silly packumentCache full:https://registry.npmjs.org/d3-ease cache-miss
136 silly fetch manifest d3-time@^3.0.0
137 silly packumentCache full:https://registry.npmjs.org/d3-time cache-miss
138 silly fetch manifest d3-array@^3.1.6
139 silly packumentCache full:https://registry.npmjs.org/d3-array cache-miss
140 silly fetch manifest d3-scale@^4.0.2
141 silly packumentCache full:https://registry.npmjs.org/d3-scale cache-miss
142 silly fetch manifest d3-shape@^3.1.0
143 silly packumentCache full:https://registry.npmjs.org/d3-shape cache-miss
144 http cache https://registry.npmjs.org/reselect 5ms (cache hit)
145 silly packumentCache full:https://registry.npmjs.org/reselect set size:910470 disposed:false
146 silly fetch manifest d3-timer@^3.0.1
147 silly packumentCache full:https://registry.npmjs.org/d3-timer cache-miss
148 http cache https://registry.npmjs.org/immer 8ms (cache hit)
149 silly packumentCache full:https://registry.npmjs.org/immer set size:743795 disposed:false
150 silly fetch manifest @types/d3-ease@^3.0.0
151 silly packumentCache full:https://registry.npmjs.org/@types%2fd3-ease cache-miss
152 http fetch GET 200 https://registry.npmjs.org/d3-time 49ms (cache miss)
153 silly packumentCache full:https://registry.npmjs.org/d3-time set size:undefined disposed:false
154 silly fetch manifest @types/d3-time@^3.0.0
155 silly packumentCache full:https://registry.npmjs.org/@types%2fd3-time cache-miss
156 http fetch GET 200 https://registry.npmjs.org/d3-ease 52ms (cache miss)
157 silly packumentCache full:https://registry.npmjs.org/d3-ease set size:undefined disposed:false
158 silly fetch manifest d3-interpolate@^3.0.1
159 silly packumentCache full:https://registry.npmjs.org/d3-interpolate cache-miss
160 http fetch GET 200 https://registry.npmjs.org/d3-scale 61ms (cache miss)
161 silly packumentCache full:https://registry.npmjs.org/d3-scale set size:undefined disposed:false
162 silly fetch manifest @types/d3-array@^3.0.3
163 silly packumentCache full:https://registry.npmjs.org/@types%2fd3-array cache-miss
164 http fetch GET 200 https://registry.npmjs.org/d3-array 62ms (cache miss)
165 silly packumentCache full:https://registry.npmjs.org/d3-array set size:undefined disposed:false
166 silly fetch manifest @types/d3-scale@^4.0.2
167 silly packumentCache full:https://registry.npmjs.org/@types%2fd3-scale cache-miss
168 http fetch GET 200 https://registry.npmjs.org/d3-shape 64ms (cache miss)
169 silly packumentCache full:https://registry.npmjs.org/d3-shape set size:undefined disposed:false
170 silly fetch manifest @types/d3-shape@^3.1.0
171 silly packumentCache full:https://registry.npmjs.org/@types%2fd3-shape cache-miss
172 http fetch GET 200 https://registry.npmjs.org/@standard-schema%2futils 65ms (cache miss)
173 silly packumentCache full:https://registry.npmjs.org/@standard-schema%2futils set size:undefined disposed:false
174 silly fetch manifest @types/d3-timer@^3.0.0
175 silly packumentCache full:https://registry.npmjs.org/@types%2fd3-timer cache-miss
176 http fetch GET 200 https://registry.npmjs.org/d3-timer 60ms (cache miss)
177 silly packumentCache full:https://registry.npmjs.org/d3-timer set size:undefined disposed:false
178 silly fetch manifest @types/d3-interpolate@^3.0.1
179 silly packumentCache full:https://registry.npmjs.org/@types%2fd3-interpolate cache-miss
180 http fetch GET 200 https://registry.npmjs.org/@types%2fd3-ease 58ms (cache miss)
181 silly packumentCache full:https://registry.npmjs.org/@types%2fd3-ease set size:undefined disposed:false
182 http fetch GET 200 https://registry.npmjs.org/d3-interpolate 52ms (cache miss)
183 silly packumentCache full:https://registry.npmjs.org/d3-interpolate set size:undefined disposed:false
184 http fetch GET 200 https://registry.npmjs.org/@types%2fd3-scale 51ms (cache miss)
185 silly packumentCache full:https://registry.npmjs.org/@types%2fd3-scale set size:undefined disposed:false
186 http fetch GET 200 https://registry.npmjs.org/@types%2fd3-interpolate 52ms (cache miss)
187 silly packumentCache full:https://registry.npmjs.org/@types%2fd3-interpolate set size:undefined disposed:false
188 http fetch GET 200 https://registry.npmjs.org/@types%2fd3-time 69ms (cache miss)
189 silly packumentCache full:https://registry.npmjs.org/@types%2fd3-time set size:undefined disposed:false
190 http fetch GET 200 https://registry.npmjs.org/@types%2fd3-timer 55ms (cache miss)
191 silly packumentCache full:https://registry.npmjs.org/@types%2fd3-timer set size:undefined disposed:false
192 http fetch GET 200 https://registry.npmjs.org/@types%2fd3-shape 62ms (cache miss)
193 silly packumentCache full:https://registry.npmjs.org/@types%2fd3-shape set size:undefined disposed:false
194 http fetch GET 200 https://registry.npmjs.org/@types%2fd3-array 99ms (cache miss)
195 silly packumentCache full:https://registry.npmjs.org/@types%2fd3-array set size:undefined disposed:false
196 http fetch GET 200 https://registry.npmjs.org/redux-thunk 325ms (cache miss)
197 silly packumentCache full:https://registry.npmjs.org/redux-thunk set size:undefined disposed:false
198 silly placeDep ROOT @standard-schema/utils@0.3.0 OK for: @reduxjs/toolkit@2.11.2 want: ^0.3.0
199 silly placeDep node_modules/@reduxjs/toolkit immer@11.1.3 OK for: @reduxjs/toolkit@2.11.2 want: ^11.0.0
200 silly placeDep ROOT redux-thunk@3.1.0 OK for: @reduxjs/toolkit@2.11.2 want: ^3.1.0
201 silly placeDep ROOT @types/d3-array@3.2.2 OK for: victory-vendor@37.3.6 want: ^3.0.3
202 silly placeDep ROOT @types/d3-ease@3.0.2 OK for: victory-vendor@37.3.6 want: ^3.0.0
203 silly placeDep ROOT @types/d3-interpolate@3.0.4 OK for: victory-vendor@37.3.6 want: ^3.0.1
204 silly placeDep ROOT @types/d3-scale@4.0.9 OK for: victory-vendor@37.3.6 want: ^4.0.2
205 silly placeDep ROOT @types/d3-shape@3.1.7 OK for: victory-vendor@37.3.6 want: ^3.1.0
206 silly placeDep ROOT @types/d3-time@3.0.4 OK for: victory-vendor@37.3.6 want: ^3.0.0
207 silly placeDep ROOT @types/d3-timer@3.0.2 OK for: victory-vendor@37.3.6 want: ^3.0.0
208 silly placeDep ROOT d3-array@3.2.4 OK for: victory-vendor@37.3.6 want: ^3.1.6
209 silly placeDep ROOT d3-ease@3.0.1 OK for: victory-vendor@37.3.6 want: ^3.0.1
210 silly placeDep ROOT d3-interpolate@3.0.1 OK for: victory-vendor@37.3.6 want: ^3.0.1
211 silly placeDep ROOT d3-scale@4.0.2 OK for: victory-vendor@37.3.6 want: ^4.0.2
212 silly placeDep ROOT d3-shape@3.2.0 OK for: victory-vendor@37.3.6 want: ^3.1.0
213 silly placeDep ROOT d3-time@3.1.0 OK for: victory-vendor@37.3.6 want: ^3.0.0
214 silly placeDep ROOT d3-timer@3.0.1 OK for: victory-vendor@37.3.6 want: ^3.0.1
215 silly fetch manifest @types/d3-color@*
216 silly packumentCache full:https://registry.npmjs.org/@types%2fd3-color cache-miss
217 silly fetch manifest @types/d3-time@*
218 silly packumentCache full:https://registry.npmjs.org/@types%2fd3-time cache-miss
219 silly fetch manifest @types/d3-path@*
220 silly packumentCache full:https://registry.npmjs.org/@types%2fd3-path cache-miss
221 silly fetch manifest internmap@1 - 2
222 silly packumentCache full:https://registry.npmjs.org/internmap cache-miss
223 silly fetch manifest d3-color@1 - 3
224 silly packumentCache full:https://registry.npmjs.org/d3-color cache-miss
225 silly fetch manifest d3-format@1 - 3
226 silly packumentCache full:https://registry.npmjs.org/d3-format cache-miss
227 silly fetch manifest d3-time@2.1.1 - 3
228 silly packumentCache full:https://registry.npmjs.org/d3-time cache-miss
229 silly fetch manifest d3-time-format@2 - 4
230 silly packumentCache full:https://registry.npmjs.org/d3-time-format cache-miss
231 silly fetch manifest d3-path@^3.1.0
232 silly packumentCache full:https://registry.npmjs.org/d3-path cache-miss
233 http cache https://registry.npmjs.org/@types%2fd3-time 2ms (cache hit)
234 silly packumentCache full:https://registry.npmjs.org/@types%2fd3-time set size:52652 disposed:false
235 http cache https://registry.npmjs.org/d3-time 2ms (cache hit)
236 silly packumentCache full:https://registry.npmjs.org/d3-time set size:150406 disposed:false
237 http fetch GET 200 https://registry.npmjs.org/internmap 45ms (cache miss)
238 silly packumentCache full:https://registry.npmjs.org/internmap set size:undefined disposed:false
239 http fetch GET 200 https://registry.npmjs.org/d3-time-format 46ms (cache miss)
240 silly packumentCache full:https://registry.npmjs.org/d3-time-format set size:undefined disposed:false
241 http fetch GET 200 https://registry.npmjs.org/d3-format 52ms (cache miss)
242 silly packumentCache full:https://registry.npmjs.org/d3-format set size:undefined disposed:false
243 http fetch GET 200 https://registry.npmjs.org/d3-path 53ms (cache miss)
244 silly packumentCache full:https://registry.npmjs.org/d3-path set size:undefined disposed:false
245 http fetch GET 200 https://registry.npmjs.org/@types%2fd3-color 54ms (cache miss)
246 silly packumentCache full:https://registry.npmjs.org/@types%2fd3-color set size:undefined disposed:false
247 http fetch GET 200 https://registry.npmjs.org/d3-color 54ms (cache miss)
248 silly packumentCache full:https://registry.npmjs.org/d3-color set size:undefined disposed:false
249 http fetch GET 200 https://registry.npmjs.org/@types%2fd3-path 339ms (cache miss)
250 silly packumentCache full:https://registry.npmjs.org/@types%2fd3-path set size:undefined disposed:false
251 silly placeDep ROOT @types/d3-color@3.1.3 OK for: @types/d3-interpolate@3.0.4 want: *
252 silly placeDep ROOT @types/d3-path@3.1.1 OK for: @types/d3-shape@3.1.7 want: *
253 silly placeDep ROOT internmap@2.0.3 OK for: d3-array@3.2.4 want: 1 - 2
254 silly placeDep ROOT d3-color@3.1.0 OK for: d3-interpolate@3.0.1 want: 1 - 3
255 silly placeDep ROOT d3-format@3.1.0 OK for: d3-scale@4.0.2 want: 1 - 3
256 silly placeDep ROOT d3-time-format@4.1.0 OK for: d3-scale@4.0.2 want: 2 - 4
257 silly placeDep ROOT d3-path@3.1.0 OK for: d3-shape@3.2.0 want: ^3.1.0
258 silly reify moves {}
259 verbose reify failed optional dependency /Users/aditya_malur/Desktop/Gemini testing/Project Management GPT/ops-system/node_modules/@tailwindcss/oxide-wasm32-wasi
260 silly reify mark deleted [
260 silly reify   '/Users/aditya_malur/Desktop/Gemini testing/Project Management GPT/ops-system/node_modules/@tailwindcss/oxide-wasm32-wasi'
260 silly reify ]
261 silly audit bulk request {
261 silly audit   '@alloc/quick-lru': [ '5.2.0' ],
261 silly audit   '@antfu/ni': [ '25.0.0' ],
261 silly audit   '@babel/code-frame': [ '7.27.1' ],
261 silly audit   '@babel/compat-data': [ '7.28.5' ],
261 silly audit   '@babel/core': [ '7.28.5' ],
261 silly audit   '@babel/generator': [ '7.28.5' ],
261 silly audit   '@babel/helper-annotate-as-pure': [ '7.27.3' ],
261 silly audit   '@babel/helper-compilation-targets': [ '7.27.2' ],
261 silly audit   '@babel/helper-create-class-features-plugin': [ '7.28.5' ],
261 silly audit   '@babel/helper-globals': [ '7.28.0' ],
261 silly audit   '@babel/helper-member-expression-to-functions': [ '7.28.5' ],
261 silly audit   '@babel/helper-module-imports': [ '7.27.1' ],
261 silly audit   '@babel/helper-module-transforms': [ '7.28.3' ],
261 silly audit   '@babel/helper-optimise-call-expression': [ '7.27.1' ],
261 silly audit   '@babel/helper-plugin-utils': [ '7.27.1' ],
261 silly audit   '@babel/helper-replace-supers': [ '7.27.1' ],
261 silly audit   '@babel/helper-skip-transparent-expression-wrappers': [ '7.27.1' ],
261 silly audit   '@babel/helper-string-parser': [ '7.27.1' ],
261 silly audit   '@babel/helper-validator-identifier': [ '7.28.5' ],
261 silly audit   '@babel/helper-validator-option': [ '7.27.1' ],
261 silly audit   '@babel/helpers': [ '7.28.4' ],
261 silly audit   '@babel/parser': [ '7.28.5' ],
261 silly audit   '@babel/plugin-syntax-jsx': [ '7.27.1' ],
261 silly audit   '@babel/plugin-syntax-typescript': [ '7.27.1' ],
261 silly audit   '@babel/plugin-transform-modules-commonjs': [ '7.27.1' ],
261 silly audit   '@babel/plugin-transform-typescript': [ '7.28.5' ],
261 silly audit   '@babel/preset-typescript': [ '7.28.5' ],
261 silly audit   '@babel/template': [ '7.27.2' ],
261 silly audit   '@babel/traverse': [ '7.28.5' ],
261 silly audit   '@babel/types': [ '7.28.5' ],
261 silly audit   '@chevrotain/cst-dts-gen': [ '10.5.0' ],
261 silly audit   '@chevrotain/gast': [ '10.5.0' ],
261 silly audit   '@chevrotain/types': [ '10.5.0' ],
261 silly audit   '@chevrotain/utils': [ '10.5.0' ],
261 silly audit   '@dotenvx/dotenvx': [ '1.51.4' ],
261 silly audit   commander: [ '11.1.0', '14.0.2' ],
261 silly audit   dotenv: [ '17.2.3', '16.6.1' ],
261 silly audit   execa: [ '5.1.1', '9.6.1' ],
261 silly audit   fdir: [ '6.5.0' ],
261 silly audit   'get-stream': [ '6.0.1', '9.0.1' ],
261 silly audit   'human-signals': [ '2.1.0', '8.0.1' ],
261 silly audit   'is-stream': [ '2.0.1', '4.0.1' ],
261 silly audit   isexe: [ '3.1.1', '2.0.0' ],
261 silly audit   'npm-run-path': [ '4.0.1', '6.0.0' ],
261 silly audit   onetime: [ '5.1.2', '7.0.0' ],
261 silly audit   picomatch: [ '4.0.3', '2.3.1' ],
261 silly audit   'signal-exit': [ '3.0.7', '4.1.0' ],
261 silly audit   'strip-final-newline': [ '2.0.0', '4.0.0' ],
261 silly audit   which: [ '4.0.0', '2.0.2' ],
261 silly audit   '@ecies/ciphers': [ '0.2.5' ],
261 silly audit   '@electric-sql/pglite': [ '0.3.2' ],
261 silly audit   '@electric-sql/pglite-socket': [ '0.0.6' ],
261 silly audit   '@electric-sql/pglite-tools': [ '0.2.7' ],
261 silly audit   '@emnapi/core': [ '1.8.1' ],
261 silly audit   '@emnapi/runtime': [ '1.8.1' ],
261 silly audit   '@emnapi/wasi-threads': [ '1.1.0' ],
261 silly audit   '@eslint-community/eslint-utils': [ '4.9.1' ],
261 silly audit   'eslint-visitor-keys': [ '3.4.3', '4.2.1' ],
261 silly audit   '@eslint-community/regexpp': [ '4.12.2' ],
261 silly audit   '@eslint/config-array': [ '0.21.1' ],
261 silly audit   '@eslint/config-helpers': [ '0.4.2' ],
261 silly audit   '@eslint/core': [ '0.17.0' ],
261 silly audit   '@eslint/eslintrc': [ '3.3.3' ],
261 silly audit   '@eslint/js': [ '9.39.2' ],
261 silly audit   '@eslint/object-schema': [ '2.1.7' ],
261 silly audit   '@eslint/plugin-kit': [ '0.4.1' ],
261 silly audit   '@floating-ui/core': [ '1.7.3' ],
261 silly audit   '@floating-ui/dom': [ '1.7.4' ],
261 silly audit   '@floating-ui/react-dom': [ '2.1.6' ],
261 silly audit   '@floating-ui/utils': [ '0.2.10' ],
261 silly audit   '@hono/node-server': [ '1.19.6', '1.19.7' ],
261 silly audit   '@humanfs/core': [ '0.19.1' ],
261 silly audit   '@humanfs/node': [ '0.16.7' ],
261 silly audit   '@humanwhocodes/module-importer': [ '1.0.1' ],
261 silly audit   '@humanwhocodes/retry': [ '0.4.3' ],
261 silly audit   '@img/colour': [ '1.0.0' ],
261 silly audit   '@img/sharp-darwin-arm64': [ '0.34.5' ],
261 silly audit   '@img/sharp-darwin-x64': [ '0.34.5' ],
261 silly audit   '@img/sharp-libvips-darwin-arm64': [ '1.2.4' ],
261 silly audit   '@img/sharp-libvips-darwin-x64': [ '1.2.4' ],
261 silly audit   '@img/sharp-libvips-linux-arm': [ '1.2.4' ],
261 silly audit   '@img/sharp-libvips-linux-arm64': [ '1.2.4' ],
261 silly audit   '@img/sharp-libvips-linux-ppc64': [ '1.2.4' ],
261 silly audit   '@img/sharp-libvips-linux-riscv64': [ '1.2.4' ],
261 silly audit   '@img/sharp-libvips-linux-s390x': [ '1.2.4' ],
261 silly audit   '@img/sharp-libvips-linux-x64': [ '1.2.4' ],
261 silly audit   '@img/sharp-libvips-linuxmusl-arm64': [ '1.2.4' ],
261 silly audit   '@img/sharp-libvips-linuxmusl-x64': [ '1.2.4' ],
261 silly audit   '@img/sharp-linux-arm': [ '0.34.5' ],
261 silly audit   '@img/sharp-linux-arm64': [ '0.34.5' ],
261 silly audit   '@img/sharp-linux-ppc64': [ '0.34.5' ],
261 silly audit   '@img/sharp-linux-riscv64': [ '0.34.5' ],
261 silly audit   '@img/sharp-linux-s390x': [ '0.34.5' ],
261 silly audit   '@img/sharp-linux-x64': [ '0.34.5' ],
261 silly audit   '@img/sharp-linuxmusl-arm64': [ '0.34.5' ],
261 silly audit   '@img/sharp-linuxmusl-x64': [ '0.34.5' ],
261 silly audit   '@img/sharp-wasm32': [ '0.34.5' ],
261 silly audit   '@img/sharp-win32-arm64': [ '0.34.5' ],
261 silly audit   '@img/sharp-win32-ia32': [ '0.34.5' ],
261 silly audit   '@img/sharp-win32-x64': [ '0.34.5' ],
261 silly audit   '@inquirer/ansi': [ '1.0.2' ],
261 silly audit   '@inquirer/confirm': [ '5.1.21' ],
261 silly audit   '@inquirer/core': [ '10.3.2' ],
261 silly audit   '@inquirer/figures': [ '1.0.15' ],
261 silly audit   '@inquirer/type': [ '3.0.10' ],
261 silly audit   '@isaacs/balanced-match': [ '4.0.1' ],
261 silly audit   '@isaacs/brace-expansion': [ '5.0.0' ],
261 silly audit   '@jridgewell/gen-mapping': [ '0.3.13' ],
261 silly audit   '@jridgewell/remapping': [ '2.3.5' ],
261 silly audit   '@jridgewell/resolve-uri': [ '3.1.2' ],
261 silly audit   '@jridgewell/sourcemap-codec': [ '1.5.5' ],
261 silly audit   '@jridgewell/trace-mapping': [ '0.3.31' ],
261 silly audit   '@modelcontextprotocol/sdk': [ '1.25.2' ],
261 silly audit   ajv: [ '8.17.1', '6.12.6' ],
261 silly audit   'json-schema-traverse': [ '1.0.0', '0.4.1' ],
261 silly audit   '@mrleebo/prisma-ast': [ '0.12.1' ],
261 silly audit   '@mswjs/interceptors': [ '0.40.0' ],
261 silly audit   '@napi-rs/wasm-runtime': [ '0.2.12' ],
261 silly audit   '@next/env': [ '16.1.1' ],
261 silly audit   '@next/eslint-plugin-next': [ '16.1.1' ],
261 silly audit   '@next/swc-darwin-arm64': [ '16.1.1' ],
261 silly audit   '@next/swc-darwin-x64': [ '16.1.1' ],
261 silly audit   '@next/swc-linux-arm64-gnu': [ '16.1.1' ],
261 silly audit   '@next/swc-linux-arm64-musl': [ '16.1.1' ],
261 silly audit   '@next/swc-linux-x64-gnu': [ '16.1.1' ],
261 silly audit   '@next/swc-linux-x64-musl': [ '16.1.1' ],
261 silly audit   '@next/swc-win32-arm64-msvc': [ '16.1.1' ],
261 silly audit   '@next/swc-win32-x64-msvc': [ '16.1.1' ],
261 silly audit   '@noble/ciphers': [ '1.3.0' ],
261 silly audit   '@noble/curves': [ '1.9.7' ],
261 silly audit   '@noble/hashes': [ '1.8.0' ],
261 silly audit   '@nodelib/fs.scandir': [ '2.1.5' ],
261 silly audit   '@nodelib/fs.stat': [ '2.0.5' ],
261 silly audit   '@nodelib/fs.walk': [ '1.2.8' ],
261 silly audit   '@nolyfill/is-core-module': [ '1.0.39' ],
261 silly audit   '@open-draft/deferred-promise': [ '2.2.0' ],
261 silly audit   '@open-draft/logger': [ '0.3.0' ],
261 silly audit   '@open-draft/until': [ '2.1.0' ],
261 silly audit   '@prisma/client': [ '7.2.0' ],
261 silly audit   '@prisma/client-runtime-utils': [ '7.2.0' ],
261 silly audit   '@prisma/config': [ '7.2.0' ],
261 silly audit   '@prisma/debug': [ '7.2.0', '6.8.2' ],
261 silly audit   '@prisma/dev': [ '0.17.0' ],
261 silly audit   '@prisma/engines': [ '7.2.0' ],
261 silly audit   '@prisma/engines-version': [ '7.2.0-4.0c8ef2ce45c83248ab3df073180d5eda9e8be7a3' ],
261 silly audit   '@prisma/get-platform': [ '7.2.0', '6.8.2' ],
261 silly audit   '@prisma/fetch-engine': [ '7.2.0' ],
261 silly audit   '@prisma/query-plan-executor': [ '6.18.0' ],
261 silly audit   '@prisma/studio-core': [ '0.9.0' ],
261 silly audit   '@radix-ui/number': [ '1.1.1' ],
261 silly audit   '@radix-ui/primitive': [ '1.1.3' ],
261 silly audit   '@radix-ui/react-arrow': [ '1.1.7' ],
261 silly audit   '@radix-ui/react-primitive': [ '2.1.3', '2.1.4' ],
261 silly audit   '@radix-ui/react-slot': [ '1.2.3', '1.2.4' ],
261 silly audit   '@radix-ui/react-avatar': [ '1.1.11' ],
261 silly audit   '@radix-ui/react-checkbox': [ '1.3.3' ],
261 silly audit   '@radix-ui/react-context': [ '1.1.2', '1.1.3' ],
261 silly audit   '@radix-ui/react-collection': [ '1.1.7' ],
261 silly audit   '@radix-ui/react-compose-refs': [ '1.1.2' ],
261 silly audit   '@radix-ui/react-dialog': [ '1.1.15' ],
261 silly audit   '@radix-ui/react-direction': [ '1.1.1' ],
261 silly audit   '@radix-ui/react-dismissable-layer': [ '1.1.11' ],
261 silly audit   '@radix-ui/react-focus-guards': [ '1.1.3' ],
261 silly audit   '@radix-ui/react-focus-scope': [ '1.1.7' ],
261 silly audit   '@radix-ui/react-id': [ '1.1.1' ],
261 silly audit   '@radix-ui/react-label': [ '2.1.8' ],
261 silly audit   '@radix-ui/react-popper': [ '1.2.8' ],
261 silly audit   '@radix-ui/react-portal': [ '1.1.9' ],
261 silly audit   '@radix-ui/react-presence': [ '1.1.5' ],
261 silly audit   '@radix-ui/react-select': [ '2.2.6' ],
261 silly audit   '@radix-ui/react-use-callback-ref': [ '1.1.1' ],
261 silly audit   '@radix-ui/react-use-controllable-state': [ '1.2.2' ],
261 silly audit   '@radix-ui/react-use-effect-event': [ '0.0.2' ],
261 silly audit   '@radix-ui/react-use-escape-keydown': [ '1.1.1' ],
261 silly audit   '@radix-ui/react-use-is-hydrated': [ '0.1.0' ],
261 silly audit   '@radix-ui/react-use-layout-effect': [ '1.1.1' ],
261 silly audit   '@radix-ui/react-use-previous': [ '1.1.1' ],
261 silly audit   '@radix-ui/react-use-rect': [ '1.1.1' ],
261 silly audit   '@radix-ui/react-use-size': [ '1.1.1' ],
261 silly audit   '@radix-ui/react-visually-hidden': [ '1.2.3' ],
261 silly audit   '@radix-ui/rect': [ '1.1.1' ],
261 silly audit   '@rtsao/scc': [ '1.1.0' ],
261 silly audit   '@sec-ant/readable-stream': [ '0.4.1' ],
261 silly audit   '@sindresorhus/merge-streams': [ '4.0.0' ],
261 silly audit   '@standard-schema/spec': [ '1.1.0' ],
261 silly audit   '@supabase/auth-js': [ '2.90.0' ],
261 silly audit   '@supabase/functions-js': [ '2.90.0' ],
261 silly audit   '@supabase/postgrest-js': [ '2.90.0' ],
261 silly audit   '@supabase/realtime-js': [ '2.90.0' ],
261 silly audit   '@supabase/ssr': [ '0.8.0' ],
261 silly audit   '@supabase/storage-js': [ '2.90.0' ],
261 silly audit   '@supabase/supabase-js': [ '2.90.0' ],
261 silly audit   '@swc/helpers': [ '0.5.15' ],
261 silly audit   '@tailwindcss/node': [ '4.1.18' ],
261 silly audit   '@tailwindcss/oxide': [ '4.1.18' ],
261 silly audit   '@tailwindcss/oxide-android-arm64': [ '4.1.18' ],
261 silly audit   '@tailwindcss/oxide-darwin-arm64': [ '4.1.18' ],
261 silly audit   '@tailwindcss/oxide-darwin-x64': [ '4.1.18' ],
261 silly audit   '@tailwindcss/oxide-freebsd-x64': [ '4.1.18' ],
261 silly audit   '@tailwindcss/oxide-linux-arm-gnueabihf': [ '4.1.18' ],
261 silly audit   '@tailwindcss/oxide-linux-arm64-gnu': [ '4.1.18' ],
261 silly audit   '@tailwindcss/oxide-linux-arm64-musl': [ '4.1.18' ],
261 silly audit   '@tailwindcss/oxide-linux-x64-gnu': [ '4.1.18' ],
261 silly audit   '@tailwindcss/oxide-linux-x64-musl': [ '4.1.18' ],
261 silly audit   '@tailwindcss/oxide-win32-arm64-msvc': [ '4.1.18' ],
261 silly audit   '@tailwindcss/oxide-win32-x64-msvc': [ '4.1.18' ],
261 silly audit   '@tailwindcss/postcss': [ '4.1.18' ],
261 silly audit   '@ts-morph/common': [ '0.27.0' ],
261 silly audit   'fast-glob': [ '3.3.3', '3.3.1' ],
261 silly audit   'glob-parent': [ '5.1.2', '6.0.2' ],
261 silly audit   minimatch: [ '10.1.1', '9.0.5', '3.1.2' ],
261 silly audit   '@tybys/wasm-util': [ '0.10.1' ],
261 silly audit   '@types/estree': [ '1.0.8' ],
261 silly audit   '@types/json-schema': [ '7.0.15' ],
261 silly audit   '@types/json5': [ '0.0.29' ],
261 silly audit   '@types/node': [ '20.19.27' ],
261 silly audit   '@types/phoenix': [ '1.6.7' ],
261 silly audit   '@types/react': [ '19.2.7' ],
261 silly audit   '@types/react-dom': [ '19.2.3' ],
261 silly audit   '@types/statuses': [ '2.0.6' ],
261 silly audit   '@types/validate-npm-package-name': [ '4.0.2' ],
261 silly audit   '@types/ws': [ '8.18.1' ],
261 silly audit   '@typescript-eslint/eslint-plugin': [ '8.52.0' ],
261 silly audit   ignore: [ '7.0.5', '5.3.2' ],
261 silly audit   '@typescript-eslint/parser': [ '8.52.0' ],
261 silly audit   '@typescript-eslint/project-service': [ '8.52.0' ],
261 silly audit   '@typescript-eslint/scope-manager': [ '8.52.0' ],
261 silly audit   '@typescript-eslint/tsconfig-utils': [ '8.52.0' ],
261 silly audit   '@typescript-eslint/type-utils': [ '8.52.0' ],
261 silly audit   '@typescript-eslint/types': [ '8.52.0' ],
261 silly audit   '@typescript-eslint/typescript-estree': [ '8.52.0' ],
261 silly audit   'brace-expansion': [ '2.0.2', '1.1.12' ],
261 silly audit   semver: [ '7.7.3', '6.3.1' ],
261 silly audit   '@typescript-eslint/utils': [ '8.52.0' ],
261 silly audit   '@typescript-eslint/visitor-keys': [ '8.52.0' ],
261 silly audit   '@unrs/resolver-binding-android-arm-eabi': [ '1.11.1' ],
261 silly audit   '@unrs/resolver-binding-android-arm64': [ '1.11.1' ],
261 silly audit   '@unrs/resolver-binding-darwin-arm64': [ '1.11.1' ],
261 silly audit   '@unrs/resolver-binding-darwin-x64': [ '1.11.1' ],
261 silly audit   '@unrs/resolver-binding-freebsd-x64': [ '1.11.1' ],
261 silly audit   '@unrs/resolver-binding-linux-arm-gnueabihf': [ '1.11.1' ],
261 silly audit   '@unrs/resolver-binding-linux-arm-musleabihf': [ '1.11.1' ],
261 silly audit   '@unrs/resolver-binding-linux-arm64-gnu': [ '1.11.1' ],
261 silly audit   '@unrs/resolver-binding-linux-arm64-musl': [ '1.11.1' ],
261 silly audit   '@unrs/resolver-binding-linux-ppc64-gnu': [ '1.11.1' ],
261 silly audit   '@unrs/resolver-binding-linux-riscv64-gnu': [ '1.11.1' ],
261 silly audit   '@unrs/resolver-binding-linux-riscv64-musl': [ '1.11.1' ],
261 silly audit   '@unrs/resolver-binding-linux-s390x-gnu': [ '1.11.1' ],
261 silly audit   '@unrs/resolver-binding-linux-x64-gnu': [ '1.11.1' ],
261 silly audit   '@unrs/resolver-binding-linux-x64-musl': [ '1.11.1' ],
261 silly audit   '@unrs/resolver-binding-wasm32-wasi': [ '1.11.1' ],
261 silly audit   '@unrs/resolver-binding-win32-arm64-msvc': [ '1.11.1' ],
261 silly audit   '@unrs/resolver-binding-win32-ia32-msvc': [ '1.11.1' ],
261 silly audit   '@unrs/resolver-binding-win32-x64-msvc': [ '1.11.1' ],
261 silly audit   accepts: [ '2.0.0' ],
261 silly audit   acorn: [ '8.15.0' ],
261 silly audit   'acorn-jsx': [ '5.3.2' ],
261 silly audit   'agent-base': [ '7.1.4' ],
261 silly audit   'ajv-formats': [ '3.0.1' ],
261 silly audit   'ansi-regex': [ '6.2.2', '5.0.1' ],
261 silly audit   'ansi-styles': [ '4.3.0' ],
261 silly audit   ansis: [ '4.2.0' ],
261 silly audit   argparse: [ '2.0.1' ],
261 silly audit   'aria-hidden': [ '1.2.6' ],
261 silly audit   'aria-query': [ '5.3.2' ],
261 silly audit   'array-buffer-byte-length': [ '1.0.2' ],
261 silly audit   'array-includes': [ '3.1.9' ],
261 silly audit   'array.prototype.findlast': [ '1.2.5' ],
261 silly audit   'array.prototype.findlastindex': [ '1.2.6' ],
261 silly audit   'array.prototype.flat': [ '1.3.3' ],
261 silly audit   'array.prototype.flatmap': [ '1.3.3' ],
261 silly audit   'array.prototype.tosorted': [ '1.1.4' ],
261 silly audit   'arraybuffer.prototype.slice': [ '1.0.4' ],
261 silly audit   'ast-types': [ '0.16.1' ],
261 silly audit   'ast-types-flow': [ '0.0.8' ],
261 silly audit   'async-function': [ '1.0.0' ],
261 silly audit   'available-typed-arrays': [ '1.0.7' ],
261 silly audit   'aws-ssl-profiles': [ '1.1.2' ],
261 silly audit   'axe-core': [ '4.11.1' ],
261 silly audit   'axobject-query': [ '4.1.0' ],
261 silly audit   'balanced-match': [ '1.0.2' ],
261 silly audit   'baseline-browser-mapping': [ '2.9.12' ],
261 silly audit   'body-parser': [ '2.2.2' ],
261 silly audit   braces: [ '3.0.3' ],
261 silly audit   browserslist: [ '4.28.1' ],
261 silly audit   'bundle-name': [ '4.1.0' ],
261 silly audit   bytes: [ '3.1.2' ],
261 silly audit   c12: [ '3.1.0' ],
261 silly audit   'call-bind': [ '1.0.8' ],
261 silly audit   'call-bind-apply-helpers': [ '1.0.2' ],
261 silly audit   'call-bound': [ '1.0.4' ],
261 silly audit   callsites: [ '3.1.0' ],
261 silly audit   'caniuse-lite': [ '1.0.30001763' ],
261 silly audit   chalk: [ '4.1.2', '5.6.2' ],
261 silly audit   chevrotain: [ '10.5.0' ],
261 silly audit   chokidar: [ '4.0.3' ],
261 silly audit   citty: [ '0.1.6' ],
261 silly audit   'class-variance-authority': [ '0.7.1' ],
261 silly audit   'cli-cursor': [ '5.0.0' ],
261 silly audit   'cli-spinners': [ '2.9.2' ],
261 silly audit   'cli-width': [ '4.1.0' ],
261 silly audit   'client-only': [ '0.0.1' ],
261 silly audit   cliui: [ '8.0.1' ],
261 silly audit   'emoji-regex': [ '8.0.0', '9.2.2', '10.6.0' ],
261 silly audit   'string-width': [ '4.2.3', '7.2.0' ],
261 silly audit   'strip-ansi': [ '6.0.1', '7.1.2' ],
261 silly audit   'wrap-ansi': [ '7.0.0', '6.2.0' ],
261 silly audit   clsx: [ '2.1.1' ],
261 silly audit   'code-block-writer': [ '13.0.3' ],
261 silly audit   'color-convert': [ '2.0.1' ],
261 silly audit   'color-name': [ '1.1.4' ],
261 silly audit   'concat-map': [ '0.0.1' ],
261 silly audit   confbox: [ '0.2.2' ],
261 silly audit   consola: [ '3.4.2' ],
261 silly audit   'content-disposition': [ '1.0.1' ],
261 silly audit   'content-type': [ '1.0.5' ],
261 silly audit   'convert-source-map': [ '2.0.0' ],
261 silly audit   cookie: [ '1.1.1', '0.7.2' ],
261 silly audit   'cookie-signature': [ '1.2.2' ],
261 silly audit   cors: [ '2.8.5' ],
261 silly audit   cosmiconfig: [ '9.0.0' ],
261 silly audit   'cross-spawn': [ '7.0.6' ],
261 silly audit   cssesc: [ '3.0.0' ],
261 silly audit   csstype: [ '3.2.3' ],
261 silly audit   'damerau-levenshtein': [ '1.0.8' ],
261 silly audit   'data-uri-to-buffer': [ '4.0.1' ],
261 silly audit   'data-view-buffer': [ '1.0.2' ],
261 silly audit   'data-view-byte-length': [ '1.0.2' ],
261 silly audit   'data-view-byte-offset': [ '1.0.1' ],
261 silly audit   debug: [ '4.4.3', '3.2.7' ],
261 silly audit   dedent: [ '1.7.1' ],
261 silly audit   'deep-is': [ '0.1.4' ],
261 silly audit   deepmerge: [ '4.3.1' ],
261 silly audit   'deepmerge-ts': [ '7.1.5' ],
261 silly audit   'default-browser': [ '5.4.0' ],
261 silly audit   'default-browser-id': [ '5.0.1' ],
261 silly audit   'define-data-property': [ '1.1.4' ],
261 silly audit   'define-lazy-prop': [ '3.0.0' ],
261 silly audit   'define-properties': [ '1.2.1' ],
261 silly audit   defu: [ '6.1.4' ],
261 silly audit   denque: [ '2.1.0' ],
261 silly audit   depd: [ '2.0.0' ],
261 silly audit   destr: [ '2.0.5' ],
261 silly audit   'detect-libc': [ '2.1.2' ],
261 silly audit   'detect-node-es': [ '1.1.0' ],
261 silly audit   diff: [ '8.0.2' ],
261 silly audit   doctrine: [ '2.1.0' ],
261 silly audit   'dunder-proto': [ '1.0.1' ],
261 silly audit   eciesjs: [ '0.4.16' ],
261 silly audit   'ee-first': [ '1.1.1' ],
261 silly audit   effect: [ '3.18.4' ],
261 silly audit   'electron-to-chromium': [ '1.5.267' ],
261 silly audit   empathic: [ '2.0.0' ],
261 silly audit   encodeurl: [ '2.0.0' ],
261 silly audit   'enhanced-resolve': [ '5.18.4' ],
261 silly audit   'env-paths': [ '2.2.1' ],
261 silly audit   'error-ex': [ '1.3.4' ],
261 silly audit   'es-abstract': [ '1.24.1' ],
261 silly audit   'es-define-property': [ '1.0.1' ],
261 silly audit   'es-errors': [ '1.3.0' ],
261 silly audit   'es-iterator-helpers': [ '1.2.2' ],
261 silly audit   'es-object-atoms': [ '1.1.1' ],
261 silly audit   'es-set-tostringtag': [ '2.1.0' ],
261 silly audit   'es-shim-unscopables': [ '1.1.0' ],
261 silly audit   'es-to-primitive': [ '1.3.0' ],
261 silly audit   escalade: [ '3.2.0' ],
261 silly audit   'escape-html': [ '1.0.3' ],
261 silly audit   'escape-string-regexp': [ '4.0.0' ],
261 silly audit   eslint: [ '9.39.2' ],
261 silly audit   'eslint-config-next': [ '16.1.1' ],
261 silly audit   globals: [ '16.4.0', '14.0.0' ],
261 silly audit   'eslint-import-resolver-node': [ '0.3.9' ],
261 silly audit   'eslint-import-resolver-typescript': [ '3.10.1' ],
261 silly audit   'eslint-module-utils': [ '2.12.1' ],
261 silly audit   'eslint-plugin-import': [ '2.32.0' ],
261 silly audit   'eslint-plugin-jsx-a11y': [ '6.10.2' ],
261 silly audit   'eslint-plugin-react': [ '7.37.5' ],
261 silly audit   'eslint-plugin-react-hooks': [ '7.0.1' ],
261 silly audit   resolve: [ '2.0.0-next.5', '1.22.11' ],
261 silly audit   'eslint-scope': [ '8.4.0' ],
261 silly audit   espree: [ '10.4.0' ],
261 silly audit   esprima: [ '4.0.1' ],
261 silly audit   esquery: [ '1.7.0' ],
261 silly audit   esrecurse: [ '4.3.0' ],
261 silly audit   estraverse: [ '5.3.0' ],
261 silly audit   esutils: [ '2.0.3' ],
261 silly audit   etag: [ '1.8.1' ],
261 silly audit   eventsource: [ '3.0.7' ],
261 silly audit   'eventsource-parser': [ '3.0.6' ],
261 silly audit   express: [ '5.2.1' ],
261 silly audit   'express-rate-limit': [ '7.5.1' ],
261 silly audit   exsolve: [ '1.0.8' ],
261 silly audit   'fast-check': [ '3.23.2' ],
261 silly audit   'fast-deep-equal': [ '3.1.3' ],
261 silly audit   'fast-json-stable-stringify': [ '2.1.0' ],
261 silly audit   'fast-levenshtein': [ '2.0.6' ],
261 silly audit   'fast-uri': [ '3.1.0' ],
261 silly audit   fastq: [ '1.20.1' ],
261 silly audit   'fetch-blob': [ '3.2.0' ],
261 silly audit   figures: [ '6.1.0' ],
261 silly audit   'file-entry-cache': [ '8.0.0' ],
261 silly audit   'fill-range': [ '7.1.1' ],
261 silly audit   finalhandler: [ '2.1.1' ],
261 silly audit   'find-up': [ '5.0.0' ],
261 silly audit   'flat-cache': [ '4.0.1' ],
261 silly audit   flatted: [ '3.3.3' ],
261 silly audit   'for-each': [ '0.3.5' ],
261 silly audit   'foreground-child': [ '3.3.1' ],
261 silly audit   'formdata-polyfill': [ '4.0.10' ],
261 silly audit   forwarded: [ '0.2.0' ],
261 silly audit   fresh: [ '2.0.0' ],
261 silly audit   'fs-extra': [ '11.3.3' ],
261 silly audit   'function-bind': [ '1.1.2' ],
261 silly audit   'function.prototype.name': [ '1.1.8' ],
261 silly audit   'functions-have-names': [ '1.2.3' ],
261 silly audit   fuzzysort: [ '3.1.0' ],
261 silly audit   fzf: [ '0.5.2' ],
261 silly audit   'generate-function': [ '2.3.1' ],
261 silly audit   'generator-function': [ '2.0.1' ],
261 silly audit   gensync: [ '1.0.0-beta.2' ],
261 silly audit   'get-caller-file': [ '2.0.5' ],
261 silly audit   'get-east-asian-width': [ '1.4.0' ],
261 silly audit   'get-intrinsic': [ '1.3.0' ],
261 silly audit   'get-nonce': [ '1.0.1' ],
261 silly audit   'get-own-enumerable-keys': [ '1.0.0' ],
261 silly audit   'get-port-please': [ '3.1.2' ],
261 silly audit   'get-proto': [ '1.0.1' ],
261 silly audit   'get-symbol-description': [ '1.1.0' ],
261 silly audit   'get-tsconfig': [ '4.13.0' ],
261 silly audit   giget: [ '2.0.0' ],
261 silly audit   globalthis: [ '1.0.4' ],
261 silly audit   gopd: [ '1.2.0' ],
261 silly audit   'graceful-fs': [ '4.2.11' ],
261 silly audit   grammex: [ '3.1.12' ],
261 silly audit   graphql: [ '16.12.0' ],
261 silly audit   'has-bigints': [ '1.1.0' ],
261 silly audit   'has-flag': [ '4.0.0' ],
261 silly audit   'has-property-descriptors': [ '1.0.2' ],
261 silly audit   'has-proto': [ '1.2.0' ],
261 silly audit   'has-symbols': [ '1.1.0' ],
261 silly audit   'has-tostringtag': [ '1.0.2' ],
261 silly audit   hasown: [ '2.0.2' ],
261 silly audit   'headers-polyfill': [ '4.0.3' ],
261 silly audit   'hermes-estree': [ '0.25.1' ],
261 silly audit   'hermes-parser': [ '0.25.1' ],
261 silly audit   hono: [ '4.10.6' ],
261 silly audit   'http-errors': [ '2.0.1' ],
261 silly audit   'http-status-codes': [ '2.3.0' ],
261 silly audit   'https-proxy-agent': [ '7.0.6' ],
261 silly audit   'iceberg-js': [ '0.8.1' ],
261 silly audit   'iconv-lite': [ '0.7.1' ],
261 silly audit   'import-fresh': [ '3.3.1' ],
261 silly audit   imurmurhash: [ '0.1.4' ],
261 silly audit   inherits: [ '2.0.4' ],
261 silly audit   'internal-slot': [ '1.1.0' ],
261 silly audit   'ipaddr.js': [ '1.9.1' ],
261 silly audit   'is-array-buffer': [ '3.0.5' ],
261 silly audit   'is-arrayish': [ '0.2.1' ],
261 silly audit   'is-async-function': [ '2.1.1' ],
261 silly audit   'is-bigint': [ '1.1.0' ],
261 silly audit   'is-boolean-object': [ '1.2.2' ],
261 silly audit   'is-bun-module': [ '2.0.0' ],
261 silly audit   'is-callable': [ '1.2.7' ],
261 silly audit   'is-core-module': [ '2.16.1' ],
261 silly audit   'is-data-view': [ '1.0.2' ],
261 silly audit   'is-date-object': [ '1.1.0' ],
261 silly audit   'is-docker': [ '3.0.0' ],
261 silly audit   'is-extglob': [ '2.1.1' ],
261 silly audit   'is-finalizationregistry': [ '1.1.1' ],
261 silly audit   'is-fullwidth-code-point': [ '3.0.0' ],
261 silly audit   'is-generator-function': [ '1.1.2' ],
261 silly audit   'is-glob': [ '4.0.3' ],
261 silly audit   'is-in-ssh': [ '1.0.0' ],
261 silly audit   'is-inside-container': [ '1.0.0' ],
261 silly audit   'is-interactive': [ '2.0.0' ],
261 silly audit   'is-map': [ '2.0.3' ],
261 silly audit   'is-negative-zero': [ '2.0.3' ],
261 silly audit   'is-node-process': [ '1.2.0' ],
261 silly audit   'is-number': [ '7.0.0' ],
261 silly audit   'is-number-object': [ '1.1.1' ],
261 silly audit   'is-obj': [ '3.0.0' ],
261 silly audit   'is-plain-obj': [ '4.1.0' ],
261 silly audit   'is-promise': [ '4.0.0' ],
261 silly audit   'is-property': [ '1.0.2' ],
261 silly audit   'is-regex': [ '1.2.1' ],
261 silly audit   'is-regexp': [ '3.1.0' ],
261 silly audit   'is-set': [ '2.0.3' ],
261 silly audit   'is-shared-array-buffer': [ '1.0.4' ],
261 silly audit   'is-string': [ '1.1.1' ],
261 silly audit   'is-symbol': [ '1.1.1' ],
261 silly audit   'is-typed-array': [ '1.1.15' ],
261 silly audit   'is-unicode-supported': [ '2.1.0', '1.3.0' ],
261 silly audit   'is-weakmap': [ '2.0.2' ],
261 silly audit   'is-weakref': [ '1.1.1' ],
261 silly audit   'is-weakset': [ '2.0.4' ],
261 silly audit   'is-wsl': [ '3.1.0' ],
261 silly audit   isarray: [ '2.0.5' ],
261 silly audit   'iterator.prototype': [ '1.1.5' ],
261 silly audit   jiti: [ '2.6.1' ],
261 silly audit   jose: [ '6.1.3' ],
261 silly audit   'js-tokens': [ '4.0.0' ],
261 silly audit   'js-yaml': [ '4.1.1' ],
261 silly audit   jsesc: [ '3.1.0' ],
261 silly audit   'json-buffer': [ '3.0.1' ],
261 silly audit   'json-parse-even-better-errors': [ '2.3.1' ],
261 silly audit   'json-schema-typed': [ '8.0.2' ],
261 silly audit   'json-stable-stringify-without-jsonify': [ '1.0.1' ],
261 silly audit   json5: [ '2.2.3', '1.0.2' ],
261 silly audit   jsonfile: [ '6.2.0' ],
261 silly audit   'jsx-ast-utils': [ '3.3.5' ],
261 silly audit   keyv: [ '4.5.4' ],
261 silly audit   kleur: [ '4.1.5', '3.0.3' ],
261 silly audit   'language-subtag-registry': [ '0.3.23' ],
261 silly audit   'language-tags': [ '1.0.9' ],
261 silly audit   levn: [ '0.4.1' ],
261 silly audit   lightningcss: [ '1.30.2' ],
261 silly audit   'lightningcss-android-arm64': [ '1.30.2' ],
261 silly audit   'lightningcss-darwin-arm64': [ '1.30.2' ],
261 silly audit   'lightningcss-darwin-x64': [ '1.30.2' ],
261 silly audit   'lightningcss-freebsd-x64': [ '1.30.2' ],
261 silly audit   'lightningcss-linux-arm-gnueabihf': [ '1.30.2' ],
261 silly audit   'lightningcss-linux-arm64-gnu': [ '1.30.2' ],
261 silly audit   'lightningcss-linux-arm64-musl': [ '1.30.2' ],
261 silly audit   'lightningcss-linux-x64-gnu': [ '1.30.2' ],
261 silly audit   'lightningcss-linux-x64-musl': [ '1.30.2' ],
261 silly audit   'lightningcss-win32-arm64-msvc': [ '1.30.2' ],
261 silly audit   'lightningcss-win32-x64-msvc': [ '1.30.2' ],
261 silly audit   lilconfig: [ '2.1.0' ],
261 silly audit   'lines-and-columns': [ '1.2.4' ],
261 silly audit   'locate-path': [ '6.0.0' ],
261 silly audit   lodash: [ '4.17.21' ],
261 silly audit   'lodash.merge': [ '4.6.2' ],
261 silly audit   'log-symbols': [ '6.0.0' ],
261 silly audit   long: [ '5.3.2' ],
261 silly audit   'loose-envify': [ '1.4.0' ],
261 silly audit   'lru-cache': [ '5.1.1' ],
261 silly audit   'lru.min': [ '1.1.3' ],
261 silly audit   'lucide-react': [ '0.562.0' ],
261 silly audit   'magic-string': [ '0.30.21' ],
261 silly audit   'math-intrinsics': [ '1.1.0' ],
261 silly audit   'media-typer': [ '1.1.0' ],
261 silly audit   'merge-descriptors': [ '2.0.0' ],
261 silly audit   'merge-stream': [ '2.0.0' ],
261 silly audit   merge2: [ '1.4.1' ],
261 silly audit   micromatch: [ '4.0.8' ],
261 silly audit   'mime-db': [ '1.54.0' ],
261 silly audit   'mime-types': [ '3.0.2' ],
261 silly audit   'mimic-fn': [ '2.1.0' ],
261 silly audit   'mimic-function': [ '5.0.1' ],
261 silly audit   minimist: [ '1.2.8' ],
261 silly audit   ms: [ '2.1.3' ],
261 silly audit   msw: [ '2.12.7' ],
261 silly audit   'type-fest': [ '5.3.1', '4.41.0' ],
261 silly audit   'mute-stream': [ '2.0.0' ],
261 silly audit   mysql2: [ '3.15.3' ],
261 silly audit   'named-placeholders': [ '1.1.6' ],
261 silly audit   nanoid: [ '3.3.11' ],
261 silly audit   'napi-postinstall': [ '0.3.4' ],
261 silly audit   'natural-compare': [ '1.4.0' ],
261 silly audit   negotiator: [ '1.0.0' ],
261 silly audit   next: [ '16.1.1' ],
261 silly audit   postcss: [ '8.4.31', '8.5.6' ],
261 silly audit   'node-domexception': [ '1.0.0' ],
261 silly audit   'node-fetch': [ '3.3.2' ],
261 silly audit   'node-fetch-native': [ '1.6.7' ],
261 silly audit   'node-releases': [ '2.0.27' ],
261 silly audit   'path-key': [ '4.0.0', '3.1.1' ],
261 silly audit   nypm: [ '0.6.2' ],
261 silly audit   'object-assign': [ '4.1.1' ],
261 silly audit   'object-inspect': [ '1.13.4' ],
261 silly audit   'object-keys': [ '1.1.1' ],
261 silly audit   'object-treeify': [ '1.1.33' ],
261 silly audit   'object.assign': [ '4.1.7' ],
261 silly audit   'object.entries': [ '1.1.9' ],
261 silly audit   'object.fromentries': [ '2.0.8' ],
261 silly audit   'object.groupby': [ '1.0.3' ],
261 silly audit   'object.values': [ '1.2.1' ],
261 silly audit   ohash: [ '2.0.11' ],
261 silly audit   'on-finished': [ '2.4.1' ],
261 silly audit   once: [ '1.4.0' ],
261 silly audit   open: [ '11.0.0' ],
261 silly audit   optionator: [ '0.9.4' ],
261 silly audit   ora: [ '8.2.0' ],
261 silly audit   outvariant: [ '1.4.3' ],
261 silly audit   'own-keys': [ '1.0.1' ],
261 silly audit   'p-limit': [ '3.1.0' ],
261 silly audit   'p-locate': [ '5.0.0' ],
261 silly audit   'package-manager-detector': [ '1.6.0' ],
261 silly audit   'parent-module': [ '1.0.1' ],
261 silly audit   'parse-json': [ '5.2.0' ],
261 silly audit   'parse-ms': [ '4.0.0' ],
261 silly audit   parseurl: [ '1.3.3' ],
261 silly audit   'path-browserify': [ '1.0.1' ],
261 silly audit   'path-exists': [ '4.0.0' ],
261 silly audit   'path-parse': [ '1.0.7' ],
261 silly audit   'path-to-regexp': [ '6.3.0', '8.3.0' ],
261 silly audit   pathe: [ '2.0.3' ],
261 silly audit   'perfect-debounce': [ '1.0.0' ],
261 silly audit   picocolors: [ '1.1.1' ],
261 silly audit   'pkce-challenge': [ '5.0.1' ],
261 silly audit   'pkg-types': [ '2.3.0' ],
261 silly audit   'possible-typed-array-names': [ '1.1.0' ],
261 silly audit   'postcss-selector-parser': [ '7.1.1' ],
261 silly audit   postgres: [ '3.4.7' ],
261 silly audit   'powershell-utils': [ '0.1.0' ],
261 silly audit   'prelude-ls': [ '1.2.1' ],
261 silly audit   'pretty-ms': [ '9.3.0' ],
261 silly audit   prisma: [ '7.2.0' ],
261 silly audit   prompts: [ '2.4.2' ],
261 silly audit   'prop-types': [ '15.8.1' ],
261 silly audit   'proper-lockfile': [ '4.1.2' ],
261 silly audit   'proxy-addr': [ '2.0.7' ],
261 silly audit   punycode: [ '2.3.1' ],
261 silly audit   'pure-rand': [ '6.1.0' ],
261 silly audit   qs: [ '6.14.1' ],
261 silly audit   'queue-microtask': [ '1.2.3' ],
261 silly audit   'range-parser': [ '1.2.1' ],
261 silly audit   'raw-body': [ '3.0.2' ],
261 silly audit   rc9: [ '2.1.2' ],
261 silly audit   react: [ '19.2.3' ],
261 silly audit   'react-dom': [ '19.2.3' ],
261 silly audit   'react-is': [ '16.13.1' ],
261 silly audit   'react-remove-scroll': [ '2.7.2' ],
261 silly audit   'react-remove-scroll-bar': [ '2.3.8' ],
261 silly audit   'react-style-singleton': [ '2.2.3' ],
261 silly audit   readdirp: [ '4.1.2' ],
261 silly audit   recast: [ '0.23.11' ],
261 silly audit   'reflect.getprototypeof': [ '1.0.10' ],
261 silly audit   'regexp-to-ast': [ '0.5.0' ],
261 silly audit   'regexp.prototype.flags': [ '1.5.4' ],
261 silly audit   remeda: [ '2.21.3' ],
261 silly audit   'require-directory': [ '2.1.1' ],
261 silly audit   'require-from-string': [ '2.0.2' ],
261 silly audit   'resolve-from': [ '4.0.0' ],
261 silly audit   'resolve-pkg-maps': [ '1.0.0' ],
261 silly audit   'restore-cursor': [ '5.1.0' ],
261 silly audit   retry: [ '0.12.0' ],
261 silly audit   rettime: [ '0.7.0' ],
261 silly audit   reusify: [ '1.1.0' ],
261 silly audit   router: [ '2.2.0' ],
261 silly audit   'run-applescript': [ '7.1.0' ],
261 silly audit   'run-parallel': [ '1.2.0' ],
261 silly audit   'safe-array-concat': [ '1.1.3' ],
261 silly audit   'safe-push-apply': [ '1.0.0' ],
261 silly audit   'safe-regex-test': [ '1.1.0' ],
261 silly audit   'safer-buffer': [ '2.1.2' ],
261 silly audit   scheduler: [ '0.27.0' ],
261 silly audit   send: [ '1.2.1' ],
261 silly audit   'seq-queue': [ '0.0.5' ],
261 silly audit   'serve-static': [ '2.2.1' ],
261 silly audit   'set-function-length': [ '1.2.2' ],
261 silly audit   'set-function-name': [ '2.0.2' ],
261 silly audit   'set-proto': [ '1.0.0' ],
261 silly audit   setprototypeof: [ '1.2.0' ],
261 silly audit   shadcn: [ '3.6.3' ],
261 silly audit   'tsconfig-paths': [ '4.2.0', '3.15.0' ],
261 silly audit   zod: [ '3.25.76', '4.3.5' ],
261 silly audit   sharp: [ '0.34.5' ],
261 silly audit   'shebang-command': [ '2.0.0' ],
261 silly audit   'shebang-regex': [ '3.0.0' ],
261 silly audit   'side-channel': [ '1.1.0' ],
261 silly audit   'side-channel-list': [ '1.0.0' ],
261 silly audit   'side-channel-map': [ '1.0.1' ],
261 silly audit   'side-channel-weakmap': [ '1.0.2' ],
261 silly audit   sisteransi: [ '1.0.5' ],
261 silly audit   'source-map': [ '0.6.1' ],
261 silly audit   'source-map-js': [ '1.2.1' ],
261 silly audit   sqlstring: [ '2.3.3' ],
261 silly audit   'stable-hash': [ '0.0.5' ],
261 silly audit   statuses: [ '2.0.2' ],
261 silly audit   'std-env': [ '3.9.0' ],
261 silly audit   'stdin-discarder': [ '0.2.2' ],
261 silly audit   'stop-iteration-iterator': [ '1.1.0' ],
261 silly audit   'strict-event-emitter': [ '0.5.1' ],
261 silly audit   'string.prototype.includes': [ '2.0.1' ],
261 silly audit   'string.prototype.matchall': [ '4.0.12' ],
261 silly audit   'string.prototype.repeat': [ '1.0.0' ],
261 silly audit   'string.prototype.trim': [ '1.2.10' ],
261 silly audit   'string.prototype.trimend': [ '1.0.9' ],
261 silly audit   'string.prototype.trimstart': [ '1.0.8' ],
261 silly audit   'stringify-object': [ '5.0.0' ],
261 silly audit   'strip-bom': [ '3.0.0' ],
261 silly audit   'strip-json-comments': [ '3.1.1' ],
261 silly audit   'styled-jsx': [ '5.1.6' ],
261 silly audit   'supports-color': [ '7.2.0' ],
261 silly audit   'supports-preserve-symlinks-flag': [ '1.0.0' ],
261 silly audit   'tagged-tag': [ '1.0.0' ],
261 silly audit   'tailwind-merge': [ '3.4.0' ],
261 silly audit   tailwindcss: [ '4.1.18' ],
261 silly audit   'tailwindcss-animate': [ '1.0.7' ],
261 silly audit   tapable: [ '2.3.0' ],
261 silly audit   'tiny-invariant': [ '1.3.3' ],
261 silly audit   tinyexec: [ '1.0.2' ],
261 silly audit   tinyglobby: [ '0.2.15' ],
261 silly audit   tldts: [ '7.0.19' ],
261 silly audit   'tldts-core': [ '7.0.19' ],
261 silly audit   'to-regex-range': [ '5.0.1' ],
261 silly audit   toidentifier: [ '1.0.1' ],
261 silly audit   'tough-cookie': [ '6.0.0' ],
261 silly audit   'ts-api-utils': [ '2.4.0' ],
261 silly audit   'ts-morph': [ '26.0.0' ],
261 silly audit   tslib: [ '2.8.1' ],
261 silly audit   'type-check': [ '0.4.0' ],
261 silly audit   'type-is': [ '2.0.1' ],
261 silly audit   'typed-array-buffer': [ '1.0.3' ],
261 silly audit   'typed-array-byte-length': [ '1.0.3' ],
261 silly audit   'typed-array-byte-offset': [ '1.0.4' ],
261 silly audit   'typed-array-length': [ '1.0.7' ],
261 silly audit   typescript: [ '5.9.3' ],
261 silly audit   'typescript-eslint': [ '8.52.0' ],
261 silly audit   'unbox-primitive': [ '1.1.0' ],
261 silly audit   'undici-types': [ '6.21.0' ],
261 silly audit   'unicorn-magic': [ '0.3.0' ],
261 silly audit   universalify: [ '2.0.1' ],
261 silly audit   unpipe: [ '1.0.0' ],
261 silly audit   'unrs-resolver': [ '1.11.1' ],
261 silly audit   'until-async': [ '3.0.2' ],
261 silly audit   'update-browserslist-db': [ '1.2.3' ],
261 silly audit   'uri-js': [ '4.4.1' ],
261 silly audit   'use-callback-ref': [ '1.3.3' ],
261 silly audit   'use-sidecar': [ '1.1.3' ],
261 silly audit   'use-sync-external-store': [ '1.6.0' ],
261 silly audit   'util-deprecate': [ '1.0.2' ],
261 silly audit   valibot: [ '1.2.0' ],
261 silly audit   'validate-npm-package-name': [ '7.0.2' ],
261 silly audit   vary: [ '1.1.2' ],
261 silly audit   'web-streams-polyfill': [ '3.3.3' ],
261 silly audit   'which-boxed-primitive': [ '1.1.1' ],
261 silly audit   'which-builtin-type': [ '1.2.1' ],
261 silly audit   'which-collection': [ '1.0.2' ],
261 silly audit   'which-typed-array': [ '1.1.19' ],
261 silly audit   'word-wrap': [ '1.2.5' ],
261 silly audit   wrappy: [ '1.0.2' ],
261 silly audit   ws: [ '8.19.0' ],
261 silly audit   'wsl-utils': [ '0.3.1' ],
261 silly audit   y18n: [ '5.0.8' ],
261 silly audit   yallist: [ '3.1.1' ],
261 silly audit   yargs: [ '17.7.2' ],
261 silly audit   'yargs-parser': [ '21.1.1' ],
261 silly audit   'yocto-queue': [ '0.1.0' ],
261 silly audit   yoctocolors: [ '2.1.2' ],
261 silly audit   'yoctocolors-cjs': [ '2.1.3' ],
261 silly audit   zeptomatch: [ '2.0.2' ],
261 silly audit   'zod-to-json-schema': [ '3.25.1' ],
261 silly audit   'zod-validation-error': [ '4.0.2' ],
261 silly audit   '@hello-pangea/dnd': [ '18.0.1' ],
261 silly audit   'date-fns': [ '4.1.0' ],
261 silly audit   recharts: [ '3.6.0' ],
261 silly audit   '@babel/runtime': [ '7.28.4' ],
261 silly audit   'css-box-model': [ '1.2.1' ],
261 silly audit   'raf-schd': [ '4.0.3' ],
261 silly audit   'react-redux': [ '9.2.0' ],
261 silly audit   redux: [ '5.0.1' ],
261 silly audit   '@types/use-sync-external-store': [ '0.0.6' ],
261 silly audit   '@reduxjs/toolkit': [ '2.11.2' ],
261 silly audit   'decimal.js-light': [ '2.5.1' ],
261 silly audit   'es-toolkit': [ '1.43.0' ],
261 silly audit   eventemitter3: [ '5.0.1' ],
261 silly audit   immer: [ '10.2.0', '11.1.3' ],
261 silly audit   reselect: [ '5.1.1' ],
261 silly audit   'victory-vendor': [ '37.3.6' ],
261 silly audit   '@standard-schema/utils': [ '0.3.0' ],
261 silly audit   'redux-thunk': [ '3.1.0' ],
261 silly audit   '@types/d3-array': [ '3.2.2' ],
261 silly audit   '@types/d3-ease': [ '3.0.2' ],
261 silly audit   '@types/d3-interpolate': [ '3.0.4' ],
261 silly audit   '@types/d3-scale': [ '4.0.9' ],
261 silly audit   '@types/d3-shape': [ '3.1.7' ],
261 silly audit   '@types/d3-time': [ '3.0.4' ],
261 silly audit   '@types/d3-timer': [ '3.0.2' ],
261 silly audit   'd3-array': [ '3.2.4' ],
261 silly audit   'd3-ease': [ '3.0.1' ],
261 silly audit   'd3-interpolate': [ '3.0.1' ],
261 silly audit   'd3-scale': [ '4.0.2' ],
261 silly audit   'd3-shape': [ '3.2.0' ],
261 silly audit   'd3-time': [ '3.1.0' ],
261 silly audit   'd3-timer': [ '3.0.1' ],
261 silly audit   '@types/d3-color': [ '3.1.3' ],
261 silly audit   '@types/d3-path': [ '3.1.1' ],
261 silly audit   internmap: [ '2.0.3' ],
261 silly audit   'd3-color': [ '3.1.0' ],
261 silly audit   'd3-format': [ '3.1.0' ],
261 silly audit   'd3-time-format': [ '4.1.0' ],
261 silly audit   'd3-path': [ '3.1.0' ],
261 silly audit   '@tailwindcss/oxide-wasm32-wasi': [ '4.1.18' ]
261 silly audit }
262 verbose reify failed optional dependency /Users/aditya_malur/Desktop/Gemini testing/Project Management GPT/ops-system/node_modules/lightningcss-win32-x64-msvc
263 silly reify mark deleted [
263 silly reify   '/Users/aditya_malur/Desktop/Gemini testing/Project Management GPT/ops-system/node_modules/lightningcss-win32-x64-msvc'
263 silly reify ]
264 verbose reify failed optional dependency /Users/aditya_malur/Desktop/Gemini testing/Project Management GPT/ops-system/node_modules/lightningcss-win32-arm64-msvc
265 silly reify mark deleted [
265 silly reify   '/Users/aditya_malur/Desktop/Gemini testing/Project Management GPT/ops-system/node_modules/lightningcss-win32-arm64-msvc'
265 silly reify ]
266 verbose reify failed optional dependency /Users/aditya_malur/Desktop/Gemini testing/Project Management GPT/ops-system/node_modules/lightningcss-linux-x64-musl
267 silly reify mark deleted [
267 silly reify   '/Users/aditya_malur/Desktop/Gemini testing/Project Management GPT/ops-system/node_modules/lightningcss-linux-x64-musl'
267 silly reify ]
268 verbose reify failed optional dependency /Users/aditya_malur/Desktop/Gemini testing/Project Management GPT/ops-system/node_modules/lightningcss-linux-x64-gnu
269 silly reify mark deleted [
269 silly reify   '/Users/aditya_malur/Desktop/Gemini testing/Project Management GPT/ops-system/node_modules/lightningcss-linux-x64-gnu'
269 silly reify ]
270 verbose reify failed optional dependency /Users/aditya_malur/Desktop/Gemini testing/Project Management GPT/ops-system/node_modules/lightningcss-linux-arm64-musl
271 silly reify mark deleted [
271 silly reify   '/Users/aditya_malur/Desktop/Gemini testing/Project Management GPT/ops-system/node_modules/lightningcss-linux-arm64-musl'
271 silly reify ]
272 verbose reify failed optional dependency /Users/aditya_malur/Desktop/Gemini testing/Project Management GPT/ops-system/node_modules/lightningcss-linux-arm64-gnu
273 silly reify mark deleted [
273 silly reify   '/Users/aditya_malur/Desktop/Gemini testing/Project Management GPT/ops-system/node_modules/lightningcss-linux-arm64-gnu'
273 silly reify ]
274 verbose reify failed optional dependency /Users/aditya_malur/Desktop/Gemini testing/Project Management GPT/ops-system/node_modules/lightningcss-linux-arm-gnueabihf
275 silly reify mark deleted [
275 silly reify   '/Users/aditya_malur/Desktop/Gemini testing/Project Management GPT/ops-system/node_modules/lightningcss-linux-arm-gnueabihf'
275 silly reify ]
276 verbose reify failed optional dependency /Users/aditya_malur/Desktop/Gemini testing/Project Management GPT/ops-system/node_modules/lightningcss-freebsd-x64
277 silly reify mark deleted [
277 silly reify   '/Users/aditya_malur/Desktop/Gemini testing/Project Management GPT/ops-system/node_modules/lightningcss-freebsd-x64'
277 silly reify ]
278 verbose reify failed optional dependency /Users/aditya_malur/Desktop/Gemini testing/Project Management GPT/ops-system/node_modules/lightningcss-darwin-x64
279 silly reify mark deleted [
279 silly reify   '/Users/aditya_malur/Desktop/Gemini testing/Project Management GPT/ops-system/node_modules/lightningcss-darwin-x64'
279 silly reify ]
280 verbose reify failed optional dependency /Users/aditya_malur/Desktop/Gemini testing/Project Management GPT/ops-system/node_modules/lightningcss-android-arm64
281 silly reify mark deleted [
281 silly reify   '/Users/aditya_malur/Desktop/Gemini testing/Project Management GPT/ops-system/node_modules/lightningcss-android-arm64'
281 silly reify ]
282 verbose reify failed optional dependency /Users/aditya_malur/Desktop/Gemini testing/Project Management GPT/ops-system/node_modules/@unrs/resolver-binding-win32-x64-msvc
283 silly reify mark deleted [
283 silly reify   '/Users/aditya_malur/Desktop/Gemini testing/Project Management GPT/ops-system/node_modules/@unrs/resolver-binding-win32-x64-msvc'
283 silly reify ]
284 verbose reify failed optional dependency /Users/aditya_malur/Desktop/Gemini testing/Project Management GPT/ops-system/node_modules/@unrs/resolver-binding-win32-ia32-msvc
285 silly reify mark deleted [
285 silly reify   '/Users/aditya_malur/Desktop/Gemini testing/Project Management GPT/ops-system/node_modules/@unrs/resolver-binding-win32-ia32-msvc'
285 silly reify ]
286 verbose reify failed optional dependency /Users/aditya_malur/Desktop/Gemini testing/Project Management GPT/ops-system/node_modules/@unrs/resolver-binding-win32-arm64-msvc
287 silly reify mark deleted [
287 silly reify   '/Users/aditya_malur/Desktop/Gemini testing/Project Management GPT/ops-system/node_modules/@unrs/resolver-binding-win32-arm64-msvc'
287 silly reify ]
288 verbose reify failed optional dependency /Users/aditya_malur/Desktop/Gemini testing/Project Management GPT/ops-system/node_modules/@unrs/resolver-binding-wasm32-wasi
289 silly reify mark deleted [
289 silly reify   '/Users/aditya_malur/Desktop/Gemini testing/Project Management GPT/ops-system/node_modules/@unrs/resolver-binding-wasm32-wasi'
289 silly reify ]
290 verbose reify failed optional dependency /Users/aditya_malur/Desktop/Gemini testing/Project Management GPT/ops-system/node_modules/@unrs/resolver-binding-linux-x64-musl
291 silly reify mark deleted [
291 silly reify   '/Users/aditya_malur/Desktop/Gemini testing/Project Management GPT/ops-system/node_modules/@unrs/resolver-binding-linux-x64-musl'
291 silly reify ]
292 verbose reify failed optional dependency /Users/aditya_malur/Desktop/Gemini testing/Project Management GPT/ops-system/node_modules/@unrs/resolver-binding-linux-x64-gnu
293 silly reify mark deleted [
293 silly reify   '/Users/aditya_malur/Desktop/Gemini testing/Project Management GPT/ops-system/node_modules/@unrs/resolver-binding-linux-x64-gnu'
293 silly reify ]
294 verbose reify failed optional dependency /Users/aditya_malur/Desktop/Gemini testing/Project Management GPT/ops-system/node_modules/@unrs/resolver-binding-linux-s390x-gnu
295 silly reify mark deleted [
295 silly reify   '/Users/aditya_malur/Desktop/Gemini testing/Project Management GPT/ops-system/node_modules/@unrs/resolver-binding-linux-s390x-gnu'
295 silly reify ]
296 verbose reify failed optional dependency /Users/aditya_malur/Desktop/Gemini testing/Project Management GPT/ops-system/node_modules/@unrs/resolver-binding-linux-riscv64-musl
297 silly reify mark deleted [
297 silly reify   '/Users/aditya_malur/Desktop/Gemini testing/Project Management GPT/ops-system/node_modules/@unrs/resolver-binding-linux-riscv64-musl'
297 silly reify ]
298 verbose reify failed optional dependency /Users/aditya_malur/Desktop/Gemini testing/Project Management GPT/ops-system/node_modules/@unrs/resolver-binding-linux-riscv64-gnu
299 silly reify mark deleted [
299 silly reify   '/Users/aditya_malur/Desktop/Gemini testing/Project Management GPT/ops-system/node_modules/@unrs/resolver-binding-linux-riscv64-gnu'
299 silly reify ]
300 verbose reify failed optional dependency /Users/aditya_malur/Desktop/Gemini testing/Project Management GPT/ops-system/node_modules/@unrs/resolver-binding-linux-ppc64-gnu
301 silly reify mark deleted [
301 silly reify   '/Users/aditya_malur/Desktop/Gemini testing/Project Management GPT/ops-system/node_modules/@unrs/resolver-binding-linux-ppc64-gnu'
301 silly reify ]
302 verbose reify failed optional dependency /Users/aditya_malur/Desktop/Gemini testing/Project Management GPT/ops-system/node_modules/@unrs/resolver-binding-linux-arm64-musl
303 silly reify mark deleted [
303 silly reify   '/Users/aditya_malur/Desktop/Gemini testing/Project Management GPT/ops-system/node_modules/@unrs/resolver-binding-linux-arm64-musl'
303 silly reify ]
304 verbose reify failed optional dependency /Users/aditya_malur/Desktop/Gemini testing/Project Management GPT/ops-system/node_modules/@unrs/resolver-binding-linux-arm64-gnu
305 silly reify mark deleted [
305 silly reify   '/Users/aditya_malur/Desktop/Gemini testing/Project Management GPT/ops-system/node_modules/@unrs/resolver-binding-linux-arm64-gnu'
305 silly reify ]
306 verbose reify failed optional dependency /Users/aditya_malur/Desktop/Gemini testing/Project Management GPT/ops-system/node_modules/@unrs/resolver-binding-linux-arm-musleabihf
307 silly reify mark deleted [
307 silly reify   '/Users/aditya_malur/Desktop/Gemini testing/Project Management GPT/ops-system/node_modules/@unrs/resolver-binding-linux-arm-musleabihf'
307 silly reify ]
308 verbose reify failed optional dependency /Users/aditya_malur/Desktop/Gemini testing/Project Management GPT/ops-system/node_modules/@unrs/resolver-binding-linux-arm-gnueabihf
309 silly reify mark deleted [
309 silly reify   '/Users/aditya_malur/Desktop/Gemini testing/Project Management GPT/ops-system/node_modules/@unrs/resolver-binding-linux-arm-gnueabihf'
309 silly reify ]
310 verbose reify failed optional dependency /Users/aditya_malur/Desktop/Gemini testing/Project Management GPT/ops-system/node_modules/@unrs/resolver-binding-freebsd-x64
311 silly reify mark deleted [
311 silly reify   '/Users/aditya_malur/Desktop/Gemini testing/Project Management GPT/ops-system/node_modules/@unrs/resolver-binding-freebsd-x64'
311 silly reify ]
312 verbose reify failed optional dependency /Users/aditya_malur/Desktop/Gemini testing/Project Management GPT/ops-system/node_modules/@unrs/resolver-binding-darwin-x64
313 silly reify mark deleted [
313 silly reify   '/Users/aditya_malur/Desktop/Gemini testing/Project Management GPT/ops-system/node_modules/@unrs/resolver-binding-darwin-x64'
313 silly reify ]
314 verbose reify failed optional dependency /Users/aditya_malur/Desktop/Gemini testing/Project Management GPT/ops-system/node_modules/@unrs/resolver-binding-android-arm64
315 silly reify mark deleted [
315 silly reify   '/Users/aditya_malur/Desktop/Gemini testing/Project Management GPT/ops-system/node_modules/@unrs/resolver-binding-android-arm64'
315 silly reify ]
316 verbose reify failed optional dependency /Users/aditya_malur/Desktop/Gemini testing/Project Management GPT/ops-system/node_modules/@unrs/resolver-binding-android-arm-eabi
317 silly reify mark deleted [
317 silly reify   '/Users/aditya_malur/Desktop/Gemini testing/Project Management GPT/ops-system/node_modules/@unrs/resolver-binding-android-arm-eabi'
317 silly reify ]
318 verbose reify failed optional dependency /Users/aditya_malur/Desktop/Gemini testing/Project Management GPT/ops-system/node_modules/@tailwindcss/oxide-win32-x64-msvc
319 silly reify mark deleted [
319 silly reify   '/Users/aditya_malur/Desktop/Gemini testing/Project Management GPT/ops-system/node_modules/@tailwindcss/oxide-win32-x64-msvc'
319 silly reify ]
320 verbose reify failed optional dependency /Users/aditya_malur/Desktop/Gemini testing/Project Management GPT/ops-system/node_modules/@tailwindcss/oxide-win32-arm64-msvc
321 silly reify mark deleted [
321 silly reify   '/Users/aditya_malur/Desktop/Gemini testing/Project Management GPT/ops-system/node_modules/@tailwindcss/oxide-win32-arm64-msvc'
321 silly reify ]
322 verbose reify failed optional dependency /Users/aditya_malur/Desktop/Gemini testing/Project Management GPT/ops-system/node_modules/@tailwindcss/oxide-linux-x64-musl
323 silly reify mark deleted [
323 silly reify   '/Users/aditya_malur/Desktop/Gemini testing/Project Management GPT/ops-system/node_modules/@tailwindcss/oxide-linux-x64-musl'
323 silly reify ]
324 verbose reify failed optional dependency /Users/aditya_malur/Desktop/Gemini testing/Project Management GPT/ops-system/node_modules/@tailwindcss/oxide-linux-x64-gnu
325 silly reify mark deleted [
325 silly reify   '/Users/aditya_malur/Desktop/Gemini testing/Project Management GPT/ops-system/node_modules/@tailwindcss/oxide-linux-x64-gnu'
325 silly reify ]
326 verbose reify failed optional dependency /Users/aditya_malur/Desktop/Gemini testing/Project Management GPT/ops-system/node_modules/@tailwindcss/oxide-linux-arm64-musl
327 silly reify mark deleted [
327 silly reify   '/Users/aditya_malur/Desktop/Gemini testing/Project Management GPT/ops-system/node_modules/@tailwindcss/oxide-linux-arm64-musl'
327 silly reify ]
328 verbose reify failed optional dependency /Users/aditya_malur/Desktop/Gemini testing/Project Management GPT/ops-system/node_modules/@tailwindcss/oxide-linux-arm64-gnu
329 silly reify mark deleted [
329 silly reify   '/Users/aditya_malur/Desktop/Gemini testing/Project Management GPT/ops-system/node_modules/@tailwindcss/oxide-linux-arm64-gnu'
329 silly reify ]
330 verbose reify failed optional dependency /Users/aditya_malur/Desktop/Gemini testing/Project Management GPT/ops-system/node_modules/@tailwindcss/oxide-linux-arm-gnueabihf
331 silly reify mark deleted [
331 silly reify   '/Users/aditya_malur/Desktop/Gemini testing/Project Management GPT/ops-system/node_modules/@tailwindcss/oxide-linux-arm-gnueabihf'
331 silly reify ]
332 verbose reify failed optional dependency /Users/aditya_malur/Desktop/Gemini testing/Project Management GPT/ops-system/node_modules/@tailwindcss/oxide-freebsd-x64
333 silly reify mark deleted [
333 silly reify   '/Users/aditya_malur/Desktop/Gemini testing/Project Management GPT/ops-system/node_modules/@tailwindcss/oxide-freebsd-x64'
333 silly reify ]
334 verbose reify failed optional dependency /Users/aditya_malur/Desktop/Gemini testing/Project Management GPT/ops-system/node_modules/@tailwindcss/oxide-darwin-x64
335 silly reify mark deleted [
335 silly reify   '/Users/aditya_malur/Desktop/Gemini testing/Project Management GPT/ops-system/node_modules/@tailwindcss/oxide-darwin-x64'
335 silly reify ]
336 verbose reify failed optional dependency /Users/aditya_malur/Desktop/Gemini testing/Project Management GPT/ops-system/node_modules/@tailwindcss/oxide-android-arm64
337 silly reify mark deleted [
337 silly reify   '/Users/aditya_malur/Desktop/Gemini testing/Project Management GPT/ops-system/node_modules/@tailwindcss/oxide-android-arm64'
337 silly reify ]
338 verbose reify failed optional dependency /Users/aditya_malur/Desktop/Gemini testing/Project Management GPT/ops-system/node_modules/@next/swc-win32-x64-msvc
339 silly reify mark deleted [
339 silly reify   '/Users/aditya_malur/Desktop/Gemini testing/Project Management GPT/ops-system/node_modules/@next/swc-win32-x64-msvc'
339 silly reify ]
340 verbose reify failed optional dependency /Users/aditya_malur/Desktop/Gemini testing/Project Management GPT/ops-system/node_modules/@next/swc-win32-arm64-msvc
341 silly reify mark deleted [
341 silly reify   '/Users/aditya_malur/Desktop/Gemini testing/Project Management GPT/ops-system/node_modules/@next/swc-win32-arm64-msvc'
341 silly reify ]
342 verbose reify failed optional dependency /Users/aditya_malur/Desktop/Gemini testing/Project Management GPT/ops-system/node_modules/@next/swc-linux-x64-musl
343 silly reify mark deleted [
343 silly reify   '/Users/aditya_malur/Desktop/Gemini testing/Project Management GPT/ops-system/node_modules/@next/swc-linux-x64-musl'
343 silly reify ]
344 verbose reify failed optional dependency /Users/aditya_malur/Desktop/Gemini testing/Project Management GPT/ops-system/node_modules/@next/swc-linux-x64-gnu
345 silly reify mark deleted [
345 silly reify   '/Users/aditya_malur/Desktop/Gemini testing/Project Management GPT/ops-system/node_modules/@next/swc-linux-x64-gnu'
345 silly reify ]
346 verbose reify failed optional dependency /Users/aditya_malur/Desktop/Gemini testing/Project Management GPT/ops-system/node_modules/@next/swc-linux-arm64-musl
347 silly reify mark deleted [
347 silly reify   '/Users/aditya_malur/Desktop/Gemini testing/Project Management GPT/ops-system/node_modules/@next/swc-linux-arm64-musl'
347 silly reify ]
348 verbose reify failed optional dependency /Users/aditya_malur/Desktop/Gemini testing/Project Management GPT/ops-system/node_modules/@next/swc-linux-arm64-gnu
349 silly reify mark deleted [
349 silly reify   '/Users/aditya_malur/Desktop/Gemini testing/Project Management GPT/ops-system/node_modules/@next/swc-linux-arm64-gnu'
349 silly reify ]
350 verbose reify failed optional dependency /Users/aditya_malur/Desktop/Gemini testing/Project Management GPT/ops-system/node_modules/@next/swc-darwin-x64
351 silly reify mark deleted [
351 silly reify   '/Users/aditya_malur/Desktop/Gemini testing/Project Management GPT/ops-system/node_modules/@next/swc-darwin-x64'
351 silly reify ]
352 verbose reify failed optional dependency /Users/aditya_malur/Desktop/Gemini testing/Project Management GPT/ops-system/node_modules/@img/sharp-win32-x64
353 silly reify mark deleted [
353 silly reify   '/Users/aditya_malur/Desktop/Gemini testing/Project Management GPT/ops-system/node_modules/@img/sharp-win32-x64'
353 silly reify ]
354 verbose reify failed optional dependency /Users/aditya_malur/Desktop/Gemini testing/Project Management GPT/ops-system/node_modules/@img/sharp-win32-ia32
355 silly reify mark deleted [
355 silly reify   '/Users/aditya_malur/Desktop/Gemini testing/Project Management GPT/ops-system/node_modules/@img/sharp-win32-ia32'
355 silly reify ]
356 verbose reify failed optional dependency /Users/aditya_malur/Desktop/Gemini testing/Project Management GPT/ops-system/node_modules/@img/sharp-win32-arm64
357 silly reify mark deleted [
357 silly reify   '/Users/aditya_malur/Desktop/Gemini testing/Project Management GPT/ops-system/node_modules/@img/sharp-win32-arm64'
357 silly reify ]
358 verbose reify failed optional dependency /Users/aditya_malur/Desktop/Gemini testing/Project Management GPT/ops-system/node_modules/@img/sharp-wasm32
359 silly reify mark deleted [
359 silly reify   '/Users/aditya_malur/Desktop/Gemini testing/Project Management GPT/ops-system/node_modules/@img/sharp-wasm32'
359 silly reify ]
360 verbose reify failed optional dependency /Users/aditya_malur/Desktop/Gemini testing/Project Management GPT/ops-system/node_modules/@img/sharp-linuxmusl-x64
361 silly reify mark deleted [
361 silly reify   '/Users/aditya_malur/Desktop/Gemini testing/Project Management GPT/ops-system/node_modules/@img/sharp-linuxmusl-x64'
361 silly reify ]
362 verbose reify failed optional dependency /Users/aditya_malur/Desktop/Gemini testing/Project Management GPT/ops-system/node_modules/@img/sharp-linuxmusl-arm64
363 silly reify mark deleted [
363 silly reify   '/Users/aditya_malur/Desktop/Gemini testing/Project Management GPT/ops-system/node_modules/@img/sharp-linuxmusl-arm64'
363 silly reify ]
364 verbose reify failed optional dependency /Users/aditya_malur/Desktop/Gemini testing/Project Management GPT/ops-system/node_modules/@img/sharp-linux-x64
365 silly reify mark deleted [
365 silly reify   '/Users/aditya_malur/Desktop/Gemini testing/Project Management GPT/ops-system/node_modules/@img/sharp-linux-x64'
365 silly reify ]
366 verbose reify failed optional dependency /Users/aditya_malur/Desktop/Gemini testing/Project Management GPT/ops-system/node_modules/@img/sharp-linux-s390x
367 silly reify mark deleted [
367 silly reify   '/Users/aditya_malur/Desktop/Gemini testing/Project Management GPT/ops-system/node_modules/@img/sharp-linux-s390x'
367 silly reify ]
368 verbose reify failed optional dependency /Users/aditya_malur/Desktop/Gemini testing/Project Management GPT/ops-system/node_modules/@img/sharp-linux-riscv64
369 silly reify mark deleted [
369 silly reify   '/Users/aditya_malur/Desktop/Gemini testing/Project Management GPT/ops-system/node_modules/@img/sharp-linux-riscv64'
369 silly reify ]
370 verbose reify failed optional dependency /Users/aditya_malur/Desktop/Gemini testing/Project Management GPT/ops-system/node_modules/@img/sharp-linux-ppc64
371 silly reify mark deleted [
371 silly reify   '/Users/aditya_malur/Desktop/Gemini testing/Project Management GPT/ops-system/node_modules/@img/sharp-linux-ppc64'
371 silly reify ]
372 verbose reify failed optional dependency /Users/aditya_malur/Desktop/Gemini testing/Project Management GPT/ops-system/node_modules/@img/sharp-linux-arm64
373 silly reify mark deleted [
373 silly reify   '/Users/aditya_malur/Desktop/Gemini testing/Project Management GPT/ops-system/node_modules/@img/sharp-linux-arm64'
373 silly reify ]
374 verbose reify failed optional dependency /Users/aditya_malur/Desktop/Gemini testing/Project Management GPT/ops-system/node_modules/@img/sharp-linux-arm
375 silly reify mark deleted [
375 silly reify   '/Users/aditya_malur/Desktop/Gemini testing/Project Management GPT/ops-system/node_modules/@img/sharp-linux-arm'
375 silly reify ]
376 verbose reify failed optional dependency /Users/aditya_malur/Desktop/Gemini testing/Project Management GPT/ops-system/node_modules/@img/sharp-libvips-linuxmusl-x64
377 silly reify mark deleted [
377 silly reify   '/Users/aditya_malur/Desktop/Gemini testing/Project Management GPT/ops-system/node_modules/@img/sharp-libvips-linuxmusl-x64'
377 silly reify ]
378 verbose reify failed optional dependency /Users/aditya_malur/Desktop/Gemini testing/Project Management GPT/ops-system/node_modules/@img/sharp-libvips-linuxmusl-arm64
379 silly reify mark deleted [
379 silly reify   '/Users/aditya_malur/Desktop/Gemini testing/Project Management GPT/ops-system/node_modules/@img/sharp-libvips-linuxmusl-arm64'
379 silly reify ]
380 verbose reify failed optional dependency /Users/aditya_malur/Desktop/Gemini testing/Project Management GPT/ops-system/node_modules/@img/sharp-libvips-linux-x64
381 silly reify mark deleted [
381 silly reify   '/Users/aditya_malur/Desktop/Gemini testing/Project Management GPT/ops-system/node_modules/@img/sharp-libvips-linux-x64'
381 silly reify ]
382 verbose reify failed optional dependency /Users/aditya_malur/Desktop/Gemini testing/Project Management GPT/ops-system/node_modules/@img/sharp-libvips-linux-s390x
383 silly reify mark deleted [
383 silly reify   '/Users/aditya_malur/Desktop/Gemini testing/Project Management GPT/ops-system/node_modules/@img/sharp-libvips-linux-s390x'
383 silly reify ]
384 verbose reify failed optional dependency /Users/aditya_malur/Desktop/Gemini testing/Project Management GPT/ops-system/node_modules/@img/sharp-libvips-linux-riscv64
385 silly reify mark deleted [
385 silly reify   '/Users/aditya_malur/Desktop/Gemini testing/Project Management GPT/ops-system/node_modules/@img/sharp-libvips-linux-riscv64'
385 silly reify ]
386 verbose reify failed optional dependency /Users/aditya_malur/Desktop/Gemini testing/Project Management GPT/ops-system/node_modules/@img/sharp-libvips-linux-ppc64
387 silly reify mark deleted [
387 silly reify   '/Users/aditya_malur/Desktop/Gemini testing/Project Management GPT/ops-system/node_modules/@img/sharp-libvips-linux-ppc64'
387 silly reify ]
388 verbose reify failed optional dependency /Users/aditya_malur/Desktop/Gemini testing/Project Management GPT/ops-system/node_modules/@img/sharp-libvips-linux-arm64
389 silly reify mark deleted [
389 silly reify   '/Users/aditya_malur/Desktop/Gemini testing/Project Management GPT/ops-system/node_modules/@img/sharp-libvips-linux-arm64'
389 silly reify ]
390 verbose reify failed optional dependency /Users/aditya_malur/Desktop/Gemini testing/Project Management GPT/ops-system/node_modules/@img/sharp-libvips-linux-arm
391 silly reify mark deleted [
391 silly reify   '/Users/aditya_malur/Desktop/Gemini testing/Project Management GPT/ops-system/node_modules/@img/sharp-libvips-linux-arm'
391 silly reify ]
392 verbose reify failed optional dependency /Users/aditya_malur/Desktop/Gemini testing/Project Management GPT/ops-system/node_modules/@img/sharp-libvips-darwin-x64
393 silly reify mark deleted [
393 silly reify   '/Users/aditya_malur/Desktop/Gemini testing/Project Management GPT/ops-system/node_modules/@img/sharp-libvips-darwin-x64'
393 silly reify ]
394 verbose reify failed optional dependency /Users/aditya_malur/Desktop/Gemini testing/Project Management GPT/ops-system/node_modules/@img/sharp-darwin-x64
395 silly reify mark deleted [
395 silly reify   '/Users/aditya_malur/Desktop/Gemini testing/Project Management GPT/ops-system/node_modules/@img/sharp-darwin-x64'
395 silly reify ]
396 http cache d3-path@https://registry.npmjs.org/d3-path/-/d3-path-3.1.0.tgz 0ms (cache hit)
397 http cache d3-time-format@https://registry.npmjs.org/d3-time-format/-/d3-time-format-4.1.0.tgz 0ms (cache hit)
398 http cache internmap@https://registry.npmjs.org/internmap/-/internmap-2.0.3.tgz 0ms (cache hit)
399 http cache d3-format@https://registry.npmjs.org/d3-format/-/d3-format-3.1.0.tgz 0ms (cache hit)
400 http cache d3-shape@https://registry.npmjs.org/d3-shape/-/d3-shape-3.2.0.tgz 0ms (cache hit)
401 http cache d3-timer@https://registry.npmjs.org/d3-timer/-/d3-timer-3.0.1.tgz 0ms (cache hit)
402 http cache d3-time@https://registry.npmjs.org/d3-time/-/d3-time-3.1.0.tgz 0ms (cache hit)
403 http cache @types/d3-path@https://registry.npmjs.org/@types/d3-path/-/d3-path-3.1.1.tgz 0ms (cache hit)
404 http cache d3-ease@https://registry.npmjs.org/d3-ease/-/d3-ease-3.0.1.tgz 0ms (cache hit)
405 http cache @types/d3-color@https://registry.npmjs.org/@types/d3-color/-/d3-color-3.1.3.tgz 0ms (cache hit)
406 http cache d3-scale@https://registry.npmjs.org/d3-scale/-/d3-scale-4.0.2.tgz 0ms (cache hit)
407 http cache @types/d3-timer@https://registry.npmjs.org/@types/d3-timer/-/d3-timer-3.0.2.tgz 0ms (cache hit)
408 http cache d3-color@https://registry.npmjs.org/d3-color/-/d3-color-3.1.0.tgz 0ms (cache hit)
409 http cache d3-array@https://registry.npmjs.org/d3-array/-/d3-array-3.2.4.tgz 0ms (cache hit)
410 http cache @types/d3-shape@https://registry.npmjs.org/@types/d3-shape/-/d3-shape-3.1.7.tgz 0ms (cache hit)
411 http cache d3-interpolate@https://registry.npmjs.org/d3-interpolate/-/d3-interpolate-3.0.1.tgz 0ms (cache hit)
412 http cache @types/d3-scale@https://registry.npmjs.org/@types/d3-scale/-/d3-scale-4.0.9.tgz 0ms (cache hit)
413 http cache @types/d3-interpolate@https://registry.npmjs.org/@types/d3-interpolate/-/d3-interpolate-3.0.4.tgz 0ms (cache hit)
414 http cache @types/d3-time@https://registry.npmjs.org/@types/d3-time/-/d3-time-3.0.4.tgz 0ms (cache hit)
415 http cache @standard-schema/utils@https://registry.npmjs.org/@standard-schema/utils/-/utils-0.3.0.tgz 0ms (cache hit)
416 http cache @types/d3-ease@https://registry.npmjs.org/@types/d3-ease/-/d3-ease-3.0.2.tgz 0ms (cache hit)
417 http cache redux-thunk@https://registry.npmjs.org/redux-thunk/-/redux-thunk-3.1.0.tgz 0ms (cache hit)
418 http cache reselect@https://registry.npmjs.org/reselect/-/reselect-5.1.1.tgz 0ms (cache hit)
419 http cache @types/d3-array@https://registry.npmjs.org/@types/d3-array/-/d3-array-3.2.2.tgz 0ms (cache hit)
420 http cache victory-vendor@https://registry.npmjs.org/victory-vendor/-/victory-vendor-37.3.6.tgz 0ms (cache hit)
421 http cache @reduxjs/toolkit@https://registry.npmjs.org/@reduxjs/toolkit/-/toolkit-2.11.2.tgz 0ms (cache hit)
422 http cache decimal.js-light@https://registry.npmjs.org/decimal.js-light/-/decimal.js-light-2.5.1.tgz 0ms (cache hit)
423 http cache @types/use-sync-external-store@https://registry.npmjs.org/@types/use-sync-external-store/-/use-sync-external-store-0.0.6.tgz 0ms (cache hit)
424 http cache raf-schd@https://registry.npmjs.org/raf-schd/-/raf-schd-4.0.3.tgz 0ms (cache hit)
425 http cache css-box-model@https://registry.npmjs.org/css-box-model/-/css-box-model-1.2.1.tgz 0ms (cache hit)
426 http cache eventemitter3@https://registry.npmjs.org/eventemitter3/-/eventemitter3-5.0.1.tgz 0ms (cache hit)
427 http cache react-redux@https://registry.npmjs.org/react-redux/-/react-redux-9.2.0.tgz 0ms (cache hit)
428 http cache recharts@https://registry.npmjs.org/recharts/-/recharts-3.6.0.tgz 0ms (cache hit)
429 http cache es-toolkit@https://registry.npmjs.org/es-toolkit/-/es-toolkit-1.43.0.tgz 0ms (cache hit)
430 http cache redux@https://registry.npmjs.org/redux/-/redux-5.0.1.tgz 0ms (cache hit)
431 http cache immer@https://registry.npmjs.org/immer/-/immer-10.2.0.tgz 0ms (cache hit)
432 http cache @babel/runtime@https://registry.npmjs.org/@babel/runtime/-/runtime-7.28.4.tgz 0ms (cache hit)
433 silly tarball no local data for d3-path@https://registry.npmjs.org/d3-path/-/d3-path-3.1.0.tgz. Extracting by manifest.
434 silly tarball no local data for d3-time-format@https://registry.npmjs.org/d3-time-format/-/d3-time-format-4.1.0.tgz. Extracting by manifest.
435 silly tarball no local data for internmap@https://registry.npmjs.org/internmap/-/internmap-2.0.3.tgz. Extracting by manifest.
436 silly tarball no local data for d3-format@https://registry.npmjs.org/d3-format/-/d3-format-3.1.0.tgz. Extracting by manifest.
437 silly tarball no local data for d3-shape@https://registry.npmjs.org/d3-shape/-/d3-shape-3.2.0.tgz. Extracting by manifest.
438 silly tarball no local data for d3-timer@https://registry.npmjs.org/d3-timer/-/d3-timer-3.0.1.tgz. Extracting by manifest.
439 silly tarball no local data for d3-time@https://registry.npmjs.org/d3-time/-/d3-time-3.1.0.tgz. Extracting by manifest.
440 silly tarball no local data for @types/d3-path@https://registry.npmjs.org/@types/d3-path/-/d3-path-3.1.1.tgz. Extracting by manifest.
441 silly tarball no local data for d3-ease@https://registry.npmjs.org/d3-ease/-/d3-ease-3.0.1.tgz. Extracting by manifest.
442 silly tarball no local data for @types/d3-color@https://registry.npmjs.org/@types/d3-color/-/d3-color-3.1.3.tgz. Extracting by manifest.
443 silly tarball no local data for d3-scale@https://registry.npmjs.org/d3-scale/-/d3-scale-4.0.2.tgz. Extracting by manifest.
444 silly tarball no local data for @types/d3-timer@https://registry.npmjs.org/@types/d3-timer/-/d3-timer-3.0.2.tgz. Extracting by manifest.
445 silly tarball no local data for d3-color@https://registry.npmjs.org/d3-color/-/d3-color-3.1.0.tgz. Extracting by manifest.
446 silly tarball no local data for d3-array@https://registry.npmjs.org/d3-array/-/d3-array-3.2.4.tgz. Extracting by manifest.
447 silly tarball no local data for @types/d3-shape@https://registry.npmjs.org/@types/d3-shape/-/d3-shape-3.1.7.tgz. Extracting by manifest.
448 silly tarball no local data for d3-interpolate@https://registry.npmjs.org/d3-interpolate/-/d3-interpolate-3.0.1.tgz. Extracting by manifest.
449 silly tarball no local data for @types/d3-scale@https://registry.npmjs.org/@types/d3-scale/-/d3-scale-4.0.9.tgz. Extracting by manifest.
450 silly tarball no local data for @types/d3-interpolate@https://registry.npmjs.org/@types/d3-interpolate/-/d3-interpolate-3.0.4.tgz. Extracting by manifest.
451 silly tarball no local data for @types/d3-time@https://registry.npmjs.org/@types/d3-time/-/d3-time-3.0.4.tgz. Extracting by manifest.
452 silly tarball no local data for @standard-schema/utils@https://registry.npmjs.org/@standard-schema/utils/-/utils-0.3.0.tgz. Extracting by manifest.
453 silly tarball no local data for @types/d3-ease@https://registry.npmjs.org/@types/d3-ease/-/d3-ease-3.0.2.tgz. Extracting by manifest.
454 silly tarball no local data for redux-thunk@https://registry.npmjs.org/redux-thunk/-/redux-thunk-3.1.0.tgz. Extracting by manifest.
455 silly tarball no local data for reselect@https://registry.npmjs.org/reselect/-/reselect-5.1.1.tgz. Extracting by manifest.
456 silly tarball no local data for @types/d3-array@https://registry.npmjs.org/@types/d3-array/-/d3-array-3.2.2.tgz. Extracting by manifest.
457 http cache immer@https://registry.npmjs.org/immer/-/immer-11.1.3.tgz 0ms (cache hit)
458 silly tarball no local data for victory-vendor@https://registry.npmjs.org/victory-vendor/-/victory-vendor-37.3.6.tgz. Extracting by manifest.
459 silly tarball no local data for @reduxjs/toolkit@https://registry.npmjs.org/@reduxjs/toolkit/-/toolkit-2.11.2.tgz. Extracting by manifest.
460 silly tarball no local data for decimal.js-light@https://registry.npmjs.org/decimal.js-light/-/decimal.js-light-2.5.1.tgz. Extracting by manifest.
461 silly tarball no local data for @types/use-sync-external-store@https://registry.npmjs.org/@types/use-sync-external-store/-/use-sync-external-store-0.0.6.tgz. Extracting by manifest.
462 silly tarball no local data for raf-schd@https://registry.npmjs.org/raf-schd/-/raf-schd-4.0.3.tgz. Extracting by manifest.
463 silly tarball no local data for css-box-model@https://registry.npmjs.org/css-box-model/-/css-box-model-1.2.1.tgz. Extracting by manifest.
464 silly tarball no local data for eventemitter3@https://registry.npmjs.org/eventemitter3/-/eventemitter3-5.0.1.tgz. Extracting by manifest.
465 silly tarball no local data for react-redux@https://registry.npmjs.org/react-redux/-/react-redux-9.2.0.tgz. Extracting by manifest.
466 silly tarball no local data for recharts@https://registry.npmjs.org/recharts/-/recharts-3.6.0.tgz. Extracting by manifest.
467 silly tarball no local data for es-toolkit@https://registry.npmjs.org/es-toolkit/-/es-toolkit-1.43.0.tgz. Extracting by manifest.
468 silly tarball no local data for redux@https://registry.npmjs.org/redux/-/redux-5.0.1.tgz. Extracting by manifest.
469 silly tarball no local data for immer@https://registry.npmjs.org/immer/-/immer-10.2.0.tgz. Extracting by manifest.
470 http cache date-fns@https://registry.npmjs.org/date-fns/-/date-fns-4.1.0.tgz 0ms (cache hit)
471 silly tarball no local data for @babel/runtime@https://registry.npmjs.org/@babel/runtime/-/runtime-7.28.4.tgz. Extracting by manifest.
472 http cache @hello-pangea/dnd@https://registry.npmjs.org/@hello-pangea/dnd/-/dnd-18.0.1.tgz 0ms (cache hit)
473 silly tarball no local data for immer@https://registry.npmjs.org/immer/-/immer-11.1.3.tgz. Extracting by manifest.
474 silly tarball no local data for date-fns@https://registry.npmjs.org/date-fns/-/date-fns-4.1.0.tgz. Extracting by manifest.
475 silly tarball no local data for @hello-pangea/dnd@https://registry.npmjs.org/@hello-pangea/dnd/-/dnd-18.0.1.tgz. Extracting by manifest.
476 http fetch GET 200 https://registry.npmjs.org/internmap/-/internmap-2.0.3.tgz 63ms (cache miss)
477 http fetch GET 200 https://registry.npmjs.org/d3-timer/-/d3-timer-3.0.1.tgz 64ms (cache miss)
478 http fetch GET 200 https://registry.npmjs.org/d3-path/-/d3-path-3.1.0.tgz 64ms (cache miss)
479 http fetch GET 200 https://registry.npmjs.org/d3-time/-/d3-time-3.1.0.tgz 66ms (cache miss)
480 http fetch GET 200 https://registry.npmjs.org/@types/d3-path/-/d3-path-3.1.1.tgz 66ms (cache miss)
481 http fetch GET 200 https://registry.npmjs.org/d3-time-format/-/d3-time-format-4.1.0.tgz 73ms (cache miss)
482 http fetch GET 200 https://registry.npmjs.org/d3-format/-/d3-format-3.1.0.tgz 76ms (cache miss)
483 http fetch GET 200 https://registry.npmjs.org/d3-shape/-/d3-shape-3.2.0.tgz 78ms (cache miss)
484 http fetch GET 200 https://registry.npmjs.org/d3-interpolate/-/d3-interpolate-3.0.1.tgz 94ms (cache miss)
485 http fetch GET 200 https://registry.npmjs.org/@types/d3-interpolate/-/d3-interpolate-3.0.4.tgz 109ms (cache miss)
486 http fetch GET 200 https://registry.npmjs.org/@types/d3-shape/-/d3-shape-3.1.7.tgz 111ms (cache miss)
487 http fetch GET 200 https://registry.npmjs.org/@types/d3-scale/-/d3-scale-4.0.9.tgz 112ms (cache miss)
488 http fetch GET 200 https://registry.npmjs.org/@types/d3-time/-/d3-time-3.0.4.tgz 111ms (cache miss)
489 http fetch GET 200 https://registry.npmjs.org/redux-thunk/-/redux-thunk-3.1.0.tgz 112ms (cache miss)
490 http fetch GET 200 https://registry.npmjs.org/@types/d3-ease/-/d3-ease-3.0.2.tgz 112ms (cache miss)
491 http fetch GET 200 https://registry.npmjs.org/@standard-schema/utils/-/utils-0.3.0.tgz 112ms (cache miss)
492 http fetch GET 200 https://registry.npmjs.org/css-box-model/-/css-box-model-1.2.1.tgz 156ms (cache miss)
493 http fetch GET 200 https://registry.npmjs.org/decimal.js-light/-/decimal.js-light-2.5.1.tgz 157ms (cache miss)
494 http fetch GET 200 https://registry.npmjs.org/raf-schd/-/raf-schd-4.0.3.tgz 158ms (cache miss)
495 http fetch GET 200 https://registry.npmjs.org/@types/d3-array/-/d3-array-3.2.2.tgz 164ms (cache miss)
496 http fetch GET 200 https://registry.npmjs.org/d3-ease/-/d3-ease-3.0.1.tgz 167ms (cache miss)
497 http fetch GET 200 https://registry.npmjs.org/@types/d3-color/-/d3-color-3.1.3.tgz 167ms (cache miss)
498 http fetch GET 200 https://registry.npmjs.org/d3-color/-/d3-color-3.1.0.tgz 169ms (cache miss)
499 http fetch GET 200 https://registry.npmjs.org/@types/use-sync-external-store/-/use-sync-external-store-0.0.6.tgz 172ms (cache miss)
500 http fetch GET 200 https://registry.npmjs.org/@types/d3-timer/-/d3-timer-3.0.2.tgz 174ms (cache miss)
501 http fetch GET 200 https://registry.npmjs.org/d3-scale/-/d3-scale-4.0.2.tgz 178ms (cache miss)
502 http fetch GET 200 https://registry.npmjs.org/reselect/-/reselect-5.1.1.tgz 178ms (cache miss)
503 http fetch GET 200 https://registry.npmjs.org/d3-array/-/d3-array-3.2.4.tgz 187ms (cache miss)
504 http fetch GET 200 https://registry.npmjs.org/eventemitter3/-/eventemitter3-5.0.1.tgz 189ms (cache miss)
505 http fetch GET 200 https://registry.npmjs.org/redux/-/redux-5.0.1.tgz 207ms (cache miss)
506 http fetch GET 200 https://registry.npmjs.org/victory-vendor/-/victory-vendor-37.3.6.tgz 228ms (cache miss)
507 http fetch POST 200 https://registry.npmjs.org/-/npm/v1/security/advisories/bulk 448ms
508 silly audit report {}
509 http fetch GET 200 https://registry.npmjs.org/es-toolkit/-/es-toolkit-1.43.0.tgz 858ms (cache miss)
510 http fetch GET 200 https://registry.npmjs.org/@hello-pangea/dnd/-/dnd-18.0.1.tgz 865ms (cache miss)
511 http fetch GET 200 https://registry.npmjs.org/immer/-/immer-10.2.0.tgz 874ms (cache miss)
512 http fetch GET 200 https://registry.npmjs.org/recharts/-/recharts-3.6.0.tgz 882ms (cache miss)
513 http fetch GET 200 https://registry.npmjs.org/@babel/runtime/-/runtime-7.28.4.tgz 915ms (cache miss)
514 http fetch GET 200 https://registry.npmjs.org/immer/-/immer-11.1.3.tgz 951ms (cache miss)
515 http fetch GET 200 https://registry.npmjs.org/react-redux/-/react-redux-9.2.0.tgz 956ms (cache miss)
516 http fetch GET 200 https://registry.npmjs.org/@reduxjs/toolkit/-/toolkit-2.11.2.tgz 1592ms (cache miss)
517 http fetch GET 200 https://registry.npmjs.org/date-fns/-/date-fns-4.1.0.tgz 2321ms (cache miss)
518 silly ADD node_modules/d3-path
519 silly ADD node_modules/d3-time-format
520 silly ADD node_modules/d3-format
521 silly ADD node_modules/d3-color
522 silly ADD node_modules/internmap
523 silly ADD node_modules/@types/d3-path
524 silly ADD node_modules/@types/d3-color
525 silly ADD node_modules/d3-timer
526 silly ADD node_modules/d3-time
527 silly ADD node_modules/d3-shape
528 silly ADD node_modules/d3-scale
529 silly ADD node_modules/d3-interpolate
530 silly ADD node_modules/d3-ease
531 silly ADD node_modules/d3-array
532 silly ADD node_modules/@types/d3-timer
533 silly ADD node_modules/@types/d3-time
534 silly ADD node_modules/@types/d3-shape
535 silly ADD node_modules/@types/d3-scale
536 silly ADD node_modules/@types/d3-interpolate
537 silly ADD node_modules/@types/d3-ease
538 silly ADD node_modules/@types/d3-array
539 silly ADD node_modules/redux-thunk
540 silly ADD node_modules/@standard-schema/utils
541 silly ADD node_modules/victory-vendor
542 silly ADD node_modules/reselect
543 silly ADD node_modules/immer
544 silly ADD node_modules/eventemitter3
545 silly ADD node_modules/es-toolkit
546 silly ADD node_modules/decimal.js-light
547 silly ADD node_modules/@reduxjs/toolkit
548 silly ADD node_modules/@reduxjs/toolkit/node_modules/immer
549 silly ADD node_modules/@types/use-sync-external-store
550 silly ADD node_modules/redux
551 silly ADD node_modules/react-redux
552 silly ADD node_modules/raf-schd
553 silly ADD node_modules/css-box-model
554 silly ADD node_modules/@babel/runtime
555 silly ADD node_modules/recharts
556 silly ADD node_modules/date-fns
557 silly ADD node_modules/@hello-pangea/dnd
558 silly ADD
559 silly ADD
560 silly ADD
561 silly ADD
562 silly ADD
563 silly ADD
564 silly ADD
565 silly ADD
566 silly ADD
567 silly ADD
568 silly ADD
569 silly ADD
570 silly ADD
571 silly ADD
572 silly ADD
573 silly ADD
574 silly ADD
575 silly ADD
576 silly ADD
577 silly ADD
578 silly ADD
579 silly ADD
580 silly ADD
581 silly ADD
582 silly ADD
583 silly ADD
584 silly ADD
585 silly ADD
586 silly ADD
587 silly ADD
588 silly ADD
589 silly ADD
590 silly ADD
591 silly ADD
592 silly ADD
593 silly ADD
594 silly ADD
595 silly ADD
596 silly ADD
597 silly ADD
598 silly ADD
599 silly ADD
600 silly ADD
601 silly ADD
602 silly ADD
603 silly ADD
604 silly ADD
605 silly ADD
606 silly ADD
607 silly ADD
608 silly ADD
609 silly ADD
610 silly ADD
611 silly ADD
612 silly ADD
613 silly ADD
614 silly ADD
615 silly ADD
616 silly ADD
617 silly ADD
618 silly ADD
619 silly ADD
620 silly ADD
621 silly ADD
622 silly ADD
623 silly ADD
624 silly ADD
625 silly ADD
626 verbose cwd /Users/aditya_malur/Desktop/Gemini testing/Project Management GPT/ops-system
627 verbose os Darwin 25.1.0
628 verbose node v22.17.0
629 verbose npm  v10.9.2
630 verbose exit 0
631 info ok
