0 verbose cli /usr/local/bin/node /usr/local/bin/npm
1 info using npm@10.9.2
2 info using node@v22.17.0
3 silly config load:file:/usr/local/lib/node_modules/npm/npmrc
4 silly config load:file:/Users/aditya_malur/Desktop/Gemini testing/Project Management GPT/ops-system/.npmrc
5 silly config load:file:/Users/aditya_malur/.npmrc
6 silly config load:file:/Users/aditya_malur/.npm-global/etc/npmrc
7 verbose title npm install
8 verbose argv "install" "--cache" ".npm-cache"
9 verbose logfile logs-max:10 dir:/Users/aditya_malur/Desktop/Gemini testing/Project Management GPT/ops-system/.npm-cache/_logs/2026-01-08T11_18_19_058Z-
10 verbose logfile /Users/aditya_malur/Desktop/Gemini testing/Project Management GPT/ops-system/.npm-cache/_logs/2026-01-08T11_18_19_058Z-debug-0.log
11 silly logfile done cleaning log files
12 silly packumentCache heap:4345298944 maxSize:1086324736 maxEntrySize:543162368
13 silly idealTree buildDeps
14 silly fetch manifest next@16.1.1
15 silly packumentCache full:https://registry.npmjs.org/next cache-miss
16 http fetch GET 200 https://registry.npmjs.org/npm 213ms
17 http fetch GET 200 https://registry.npmjs.org/next 733ms (cache miss)
18 silly packumentCache full:https://registry.npmjs.org/next set size:undefined disposed:false
19 silly fetch manifest @opentelemetry/api@^1.1.0
20 silly packumentCache full:https://registry.npmjs.org/@opentelemetry%2fapi cache-miss
21 http fetch GET 200 https://registry.npmjs.org/@opentelemetry%2fapi 75ms (cache miss)
22 silly packumentCache full:https://registry.npmjs.org/@opentelemetry%2fapi set size:undefined disposed:false
23 silly fetch manifest @playwright/test@^1.51.1
24 silly packumentCache full:https://registry.npmjs.org/@playwright%2ftest cache-miss
25 http fetch GET 200 https://registry.npmjs.org/@playwright%2ftest 379ms (cache miss)
26 silly packumentCache full:https://registry.npmjs.org/@playwright%2ftest set size:undefined disposed:false
27 silly fetch manifest babel-plugin-react-compiler@*
28 silly packumentCache full:https://registry.npmjs.org/babel-plugin-react-compiler cache-miss
29 http fetch GET 200 https://registry.npmjs.org/babel-plugin-react-compiler 57ms (cache miss)
30 silly packumentCache full:https://registry.npmjs.org/babel-plugin-react-compiler set size:undefined disposed:false
31 silly fetch manifest react@19.2.3
32 silly packumentCache full:https://registry.npmjs.org/react cache-miss
33 http fetch GET 200 https://registry.npmjs.org/react 287ms (cache miss)
34 silly packumentCache full:https://registry.npmjs.org/react set size:undefined disposed:false
35 silly fetch manifest react-dom@19.2.3
36 silly packumentCache full:https://registry.npmjs.org/react-dom cache-miss
37 http fetch GET 200 https://registry.npmjs.org/react-dom 592ms (cache miss)
38 silly packumentCache full:https://registry.npmjs.org/react-dom set size:undefined disposed:false
39 silly fetch manifest sass@^1.3.0
40 silly packumentCache full:https://registry.npmjs.org/sass cache-miss
41 http fetch GET 200 https://registry.npmjs.org/sass 76ms (cache miss)
42 silly packumentCache full:https://registry.npmjs.org/sass set size:undefined disposed:false
43 silly fetch manifest @tailwindcss/postcss@^4
44 silly packumentCache full:https://registry.npmjs.org/@tailwindcss%2fpostcss cache-miss
45 http fetch GET 200 https://registry.npmjs.org/@tailwindcss%2fpostcss 69ms (cache miss)
46 silly packumentCache full:https://registry.npmjs.org/@tailwindcss%2fpostcss set size:undefined disposed:false
47 silly fetch manifest @types/node@^20
48 silly packumentCache full:https://registry.npmjs.org/@types%2fnode cache-miss
49 http fetch GET 200 https://registry.npmjs.org/@types%2fnode 316ms (cache miss)
50 silly packumentCache full:https://registry.npmjs.org/@types%2fnode set size:undefined disposed:false
51 silly fetch manifest @types/react@^19
52 silly packumentCache full:https://registry.npmjs.org/@types%2freact cache-miss
53 http fetch GET 200 https://registry.npmjs.org/@types%2freact 103ms (cache miss)
54 silly packumentCache full:https://registry.npmjs.org/@types%2freact set size:undefined disposed:false
55 silly fetch manifest @types/react-dom@^19
56 silly packumentCache full:https://registry.npmjs.org/@types%2freact-dom cache-miss
57 http fetch GET 200 https://registry.npmjs.org/@types%2freact-dom 129ms (cache miss)
58 silly packumentCache full:https://registry.npmjs.org/@types%2freact-dom set size:undefined disposed:false
59 silly fetch manifest eslint@^9
60 silly packumentCache full:https://registry.npmjs.org/eslint cache-miss
61 http fetch GET 200 https://registry.npmjs.org/eslint 70ms (cache miss)
62 silly packumentCache full:https://registry.npmjs.org/eslint set size:undefined disposed:false
63 silly fetch manifest jiti@*
64 silly packumentCache full:https://registry.npmjs.org/jiti cache-miss
65 http fetch GET 200 https://registry.npmjs.org/jiti 54ms (cache miss)
66 silly packumentCache full:https://registry.npmjs.org/jiti set size:undefined disposed:false
67 silly fetch manifest eslint-config-next@16.1.1
68 silly packumentCache full:https://registry.npmjs.org/eslint-config-next cache-miss
69 http fetch GET 200 https://registry.npmjs.org/eslint-config-next 215ms (cache miss)
70 silly packumentCache full:https://registry.npmjs.org/eslint-config-next set size:undefined disposed:false
71 silly fetch manifest typescript@^5
72 silly packumentCache full:https://registry.npmjs.org/typescript cache-miss
73 http fetch GET 200 https://registry.npmjs.org/typescript 513ms (cache miss)
74 silly packumentCache full:https://registry.npmjs.org/typescript set size:undefined disposed:false
75 silly fetch manifest tailwindcss@^4
76 silly packumentCache full:https://registry.npmjs.org/tailwindcss cache-miss
77 http fetch GET 200 https://registry.npmjs.org/tailwindcss 434ms (cache miss)
78 silly packumentCache full:https://registry.npmjs.org/tailwindcss set size:undefined disposed:false
79 silly placeDep ROOT @tailwindcss/postcss@4.1.18 OK for: ops-system@0.1.0 want: ^4
80 silly placeDep ROOT @types/node@20.19.27 OK for: ops-system@0.1.0 want: ^20
81 silly placeDep ROOT @types/react@19.2.7 OK for: ops-system@0.1.0 want: ^19
82 silly placeDep ROOT @types/react-dom@19.2.3 OK for: ops-system@0.1.0 want: ^19
83 silly placeDep ROOT eslint@9.39.2 OK for: ops-system@0.1.0 want: ^9
84 silly placeDep ROOT eslint-config-next@16.1.1 OK for: ops-system@0.1.0 want: 16.1.1
85 silly placeDep ROOT next@16.1.1 OK for: ops-system@0.1.0 want: 16.1.1
86 silly placeDep ROOT react@19.2.3 OK for: next@16.1.1 want: ^18.2.0 || 19.0.0-rc-de68d2f4-20241204 || ^19.0.0
87 silly placeDep ROOT react-dom@19.2.3 OK for: next@16.1.1 want: ^18.2.0 || 19.0.0-rc-de68d2f4-20241204 || ^19.0.0
88 silly placeDep ROOT tailwindcss@4.1.18 OK for: ops-system@0.1.0 want: ^4
89 silly placeDep ROOT typescript@5.9.3 OK for: ops-system@0.1.0 want: ^5
90 silly fetch manifest postcss@^8.4.41
91 silly packumentCache full:https://registry.npmjs.org/postcss cache-miss
92 silly fetch manifest tailwindcss@4.1.18
93 silly packumentCache full:https://registry.npmjs.org/tailwindcss cache-miss
94 silly fetch manifest @alloc/quick-lru@^5.2.0
95 silly packumentCache full:https://registry.npmjs.org/@alloc%2fquick-lru cache-miss
96 silly fetch manifest @tailwindcss/node@4.1.18
97 silly packumentCache full:https://registry.npmjs.org/@tailwindcss%2fnode cache-miss
98 silly fetch manifest @tailwindcss/oxide@4.1.18
99 silly packumentCache full:https://registry.npmjs.org/@tailwindcss%2foxide cache-miss
100 silly fetch manifest undici-types@~6.21.0
101 silly packumentCache full:https://registry.npmjs.org/undici-types cache-miss
102 silly fetch manifest csstype@^3.2.2
103 silly packumentCache full:https://registry.npmjs.org/csstype cache-miss
104 silly fetch manifest @eslint-community/eslint-utils@^4.8.0
105 silly packumentCache full:https://registry.npmjs.org/@eslint-community%2feslint-utils cache-miss
106 silly fetch manifest @eslint-community/regexpp@^4.12.1
107 silly packumentCache full:https://registry.npmjs.org/@eslint-community%2fregexpp cache-miss
108 http cache https://registry.npmjs.org/tailwindcss 14ms (cache hit)
109 silly packumentCache full:https://registry.npmjs.org/tailwindcss set size:10106959 disposed:false
110 silly fetch manifest @eslint/config-array@^0.21.1
111 silly packumentCache full:https://registry.npmjs.org/@eslint%2fconfig-array cache-miss
112 http fetch GET 200 https://registry.npmjs.org/@alloc%2fquick-lru 69ms (cache miss)
113 silly packumentCache full:https://registry.npmjs.org/@alloc%2fquick-lru set size:undefined disposed:false
114 silly fetch manifest @eslint/config-helpers@^0.4.2
115 silly packumentCache full:https://registry.npmjs.org/@eslint%2fconfig-helpers cache-miss
116 http fetch GET 200 https://registry.npmjs.org/postcss 73ms (cache miss)
117 silly packumentCache full:https://registry.npmjs.org/postcss set size:undefined disposed:false
118 silly fetch manifest @eslint/core@^0.17.0
119 silly packumentCache full:https://registry.npmjs.org/@eslint%2fcore cache-miss
120 http fetch GET 200 https://registry.npmjs.org/@eslint%2fconfig-helpers 55ms (cache miss)
121 silly packumentCache full:https://registry.npmjs.org/@eslint%2fconfig-helpers set size:undefined disposed:false
122 silly fetch manifest @eslint/eslintrc@^3.3.1
123 silly packumentCache full:https://registry.npmjs.org/@eslint%2feslintrc cache-miss
124 http fetch GET 200 https://registry.npmjs.org/@eslint%2fcore 58ms (cache miss)
125 silly packumentCache full:https://registry.npmjs.org/@eslint%2fcore set size:undefined disposed:false
126 silly fetch manifest @eslint/js@9.39.2
127 silly packumentCache full:https://registry.npmjs.org/@eslint%2fjs cache-miss
128 http fetch GET 200 https://registry.npmjs.org/csstype 167ms (cache miss)
129 silly packumentCache full:https://registry.npmjs.org/csstype set size:undefined disposed:false
130 silly fetch manifest @eslint/plugin-kit@^0.4.1
131 silly packumentCache full:https://registry.npmjs.org/@eslint%2fplugin-kit cache-miss
132 http fetch GET 200 https://registry.npmjs.org/undici-types 174ms (cache miss)
133 silly packumentCache full:https://registry.npmjs.org/undici-types set size:undefined disposed:false
134 silly fetch manifest @humanfs/node@^0.16.6
135 silly packumentCache full:https://registry.npmjs.org/@humanfs%2fnode cache-miss
136 http fetch GET 200 https://registry.npmjs.org/@eslint%2feslintrc 53ms (cache miss)
137 silly packumentCache full:https://registry.npmjs.org/@eslint%2feslintrc set size:undefined disposed:false
138 silly fetch manifest @humanwhocodes/module-importer@^1.0.1
139 silly packumentCache full:https://registry.npmjs.org/@humanwhocodes%2fmodule-importer cache-miss
140 http fetch GET 200 https://registry.npmjs.org/@eslint-community%2feslint-utils 177ms (cache miss)
141 silly packumentCache full:https://registry.npmjs.org/@eslint-community%2feslint-utils set size:undefined disposed:false
142 silly fetch manifest @humanwhocodes/retry@^0.4.2
143 silly packumentCache full:https://registry.npmjs.org/@humanwhocodes%2fretry cache-miss
144 http fetch GET 200 https://registry.npmjs.org/@eslint%2fconfig-array 159ms (cache miss)
145 silly packumentCache full:https://registry.npmjs.org/@eslint%2fconfig-array set size:undefined disposed:false
146 silly fetch manifest @types/estree@^1.0.6
147 silly packumentCache full:https://registry.npmjs.org/@types%2festree cache-miss
148 http fetch GET 200 https://registry.npmjs.org/@eslint%2fjs 64ms (cache miss)
149 silly packumentCache full:https://registry.npmjs.org/@eslint%2fjs set size:undefined disposed:false
150 silly fetch manifest ajv@^6.12.4
151 silly packumentCache full:https://registry.npmjs.org/ajv cache-miss
152 http fetch GET 200 https://registry.npmjs.org/@eslint-community%2fregexpp 217ms (cache miss)
153 silly packumentCache full:https://registry.npmjs.org/@eslint-community%2fregexpp set size:undefined disposed:false
154 silly fetch manifest chalk@^4.0.0
155 silly packumentCache full:https://registry.npmjs.org/chalk cache-miss
156 http fetch GET 200 https://registry.npmjs.org/@humanfs%2fnode 57ms (cache miss)
157 silly packumentCache full:https://registry.npmjs.org/@humanfs%2fnode set size:undefined disposed:false
158 silly fetch manifest cross-spawn@^7.0.6
159 silly packumentCache full:https://registry.npmjs.org/cross-spawn cache-miss
160 http fetch GET 200 https://registry.npmjs.org/@humanwhocodes%2fmodule-importer 62ms (cache miss)
161 silly packumentCache full:https://registry.npmjs.org/@humanwhocodes%2fmodule-importer set size:undefined disposed:false
162 silly fetch manifest debug@^4.3.2
163 silly packumentCache full:https://registry.npmjs.org/debug cache-miss
164 http fetch GET 200 https://registry.npmjs.org/@eslint%2fplugin-kit 70ms (cache miss)
165 silly packumentCache full:https://registry.npmjs.org/@eslint%2fplugin-kit set size:undefined disposed:false
166 silly fetch manifest escape-string-regexp@^4.0.0
167 silly packumentCache full:https://registry.npmjs.org/escape-string-regexp cache-miss
168 http fetch GET 200 https://registry.npmjs.org/@tailwindcss%2foxide 292ms (cache miss)
169 silly packumentCache full:https://registry.npmjs.org/@tailwindcss%2foxide set size:undefined disposed:false
170 silly fetch manifest eslint-scope@^8.4.0
171 silly packumentCache full:https://registry.npmjs.org/eslint-scope cache-miss
172 http fetch GET 200 https://registry.npmjs.org/@humanwhocodes%2fretry 124ms (cache miss)
173 silly packumentCache full:https://registry.npmjs.org/@humanwhocodes%2fretry set size:undefined disposed:false
174 silly fetch manifest eslint-visitor-keys@^4.2.1
175 silly packumentCache full:https://registry.npmjs.org/eslint-visitor-keys cache-miss
176 http fetch GET 200 https://registry.npmjs.org/@types%2festree 134ms (cache miss)
177 silly packumentCache full:https://registry.npmjs.org/@types%2festree set size:undefined disposed:false
178 silly fetch manifest espree@^10.4.0
179 silly packumentCache full:https://registry.npmjs.org/espree cache-miss
180 http fetch GET 200 https://registry.npmjs.org/ajv 133ms (cache miss)
181 silly packumentCache full:https://registry.npmjs.org/ajv set size:undefined disposed:false
182 silly fetch manifest esquery@^1.5.0
183 silly packumentCache full:https://registry.npmjs.org/esquery cache-miss
184 http fetch GET 200 https://registry.npmjs.org/chalk 121ms (cache miss)
185 silly packumentCache full:https://registry.npmjs.org/chalk set size:undefined disposed:false
186 silly fetch manifest esutils@^2.0.2
187 silly packumentCache full:https://registry.npmjs.org/esutils cache-miss
188 http fetch GET 200 https://registry.npmjs.org/cross-spawn 111ms (cache miss)
189 silly packumentCache full:https://registry.npmjs.org/cross-spawn set size:undefined disposed:false
190 silly fetch manifest fast-deep-equal@^3.1.3
191 silly packumentCache full:https://registry.npmjs.org/fast-deep-equal cache-miss
192 http fetch GET 200 https://registry.npmjs.org/escape-string-regexp 107ms (cache miss)
193 silly packumentCache full:https://registry.npmjs.org/escape-string-regexp set size:undefined disposed:false
194 silly fetch manifest file-entry-cache@^8.0.0
195 silly packumentCache full:https://registry.npmjs.org/file-entry-cache cache-miss
196 http fetch GET 200 https://registry.npmjs.org/debug 121ms (cache miss)
197 silly packumentCache full:https://registry.npmjs.org/debug set size:undefined disposed:false
198 silly fetch manifest find-up@^5.0.0
199 silly packumentCache full:https://registry.npmjs.org/find-up cache-miss
200 http fetch GET 200 https://registry.npmjs.org/eslint-visitor-keys 62ms (cache miss)
201 silly packumentCache full:https://registry.npmjs.org/eslint-visitor-keys set size:undefined disposed:false
202 silly fetch manifest glob-parent@^6.0.2
203 silly packumentCache full:https://registry.npmjs.org/glob-parent cache-miss
204 http fetch GET 200 https://registry.npmjs.org/eslint-scope 69ms (cache miss)
205 silly packumentCache full:https://registry.npmjs.org/eslint-scope set size:undefined disposed:false
206 silly fetch manifest ignore@^5.2.0
207 silly packumentCache full:https://registry.npmjs.org/ignore cache-miss
208 http fetch GET 200 https://registry.npmjs.org/espree 60ms (cache miss)
209 silly packumentCache full:https://registry.npmjs.org/espree set size:undefined disposed:false
210 silly fetch manifest imurmurhash@^0.1.4
211 silly packumentCache full:https://registry.npmjs.org/imurmurhash cache-miss
212 http fetch GET 200 https://registry.npmjs.org/esutils 48ms (cache miss)
213 silly packumentCache full:https://registry.npmjs.org/esutils set size:undefined disposed:false
214 silly fetch manifest is-glob@^4.0.0
215 silly packumentCache full:https://registry.npmjs.org/is-glob cache-miss
216 http fetch GET 200 https://registry.npmjs.org/esquery 58ms (cache miss)
217 silly packumentCache full:https://registry.npmjs.org/esquery set size:undefined disposed:false
218 silly fetch manifest json-stable-stringify-without-jsonify@^1.0.1
219 silly packumentCache full:https://registry.npmjs.org/json-stable-stringify-without-jsonify cache-miss
220 http fetch GET 200 https://registry.npmjs.org/fast-deep-equal 50ms (cache miss)
221 silly packumentCache full:https://registry.npmjs.org/fast-deep-equal set size:undefined disposed:false
222 silly fetch manifest lodash.merge@^4.6.2
223 silly packumentCache full:https://registry.npmjs.org/lodash.merge cache-miss
224 http fetch GET 200 https://registry.npmjs.org/file-entry-cache 55ms (cache miss)
225 silly packumentCache full:https://registry.npmjs.org/file-entry-cache set size:undefined disposed:false
226 silly fetch manifest minimatch@^3.1.2
227 silly packumentCache full:https://registry.npmjs.org/minimatch cache-miss
228 http fetch GET 200 https://registry.npmjs.org/glob-parent 43ms (cache miss)
229 silly packumentCache full:https://registry.npmjs.org/glob-parent set size:undefined disposed:false
230 silly fetch manifest natural-compare@^1.4.0
231 silly packumentCache full:https://registry.npmjs.org/natural-compare cache-miss
232 http fetch GET 200 https://registry.npmjs.org/find-up 59ms (cache miss)
233 silly packumentCache full:https://registry.npmjs.org/find-up set size:undefined disposed:false
234 silly fetch manifest optionator@^0.9.3
235 silly packumentCache full:https://registry.npmjs.org/optionator cache-miss
236 http fetch GET 200 https://registry.npmjs.org/ignore 75ms (cache miss)
237 silly packumentCache full:https://registry.npmjs.org/ignore set size:undefined disposed:false
238 silly fetch manifest globals@16.4.0
239 silly packumentCache full:https://registry.npmjs.org/globals cache-miss
240 http fetch GET 200 https://registry.npmjs.org/imurmurhash 61ms (cache miss)
241 silly packumentCache full:https://registry.npmjs.org/imurmurhash set size:undefined disposed:false
242 silly fetch manifest typescript-eslint@^8.46.0
243 silly packumentCache full:https://registry.npmjs.org/typescript-eslint cache-miss
244 http fetch GET 200 https://registry.npmjs.org/is-glob 59ms (cache miss)
245 silly packumentCache full:https://registry.npmjs.org/is-glob set size:undefined disposed:false
246 silly fetch manifest eslint-plugin-react@^7.37.0
247 silly packumentCache full:https://registry.npmjs.org/eslint-plugin-react cache-miss
248 http fetch GET 200 https://registry.npmjs.org/lodash.merge 62ms (cache miss)
249 silly packumentCache full:https://registry.npmjs.org/lodash.merge set size:undefined disposed:false
250 silly fetch manifest eslint-plugin-import@^2.32.0
251 silly packumentCache full:https://registry.npmjs.org/eslint-plugin-import cache-miss
252 http fetch GET 200 https://registry.npmjs.org/natural-compare 56ms (cache miss)
253 silly packumentCache full:https://registry.npmjs.org/natural-compare set size:undefined disposed:false
254 silly fetch manifest eslint-plugin-jsx-a11y@^6.10.0
255 silly packumentCache full:https://registry.npmjs.org/eslint-plugin-jsx-a11y cache-miss
256 http fetch GET 200 https://registry.npmjs.org/minimatch 83ms (cache miss)
257 silly packumentCache full:https://registry.npmjs.org/minimatch set size:undefined disposed:false
258 silly fetch manifest @next/eslint-plugin-next@16.1.1
259 silly packumentCache full:https://registry.npmjs.org/@next%2feslint-plugin-next cache-miss
260 http fetch GET 200 https://registry.npmjs.org/optionator 76ms (cache miss)
261 silly packumentCache full:https://registry.npmjs.org/optionator set size:undefined disposed:false
262 silly fetch manifest eslint-plugin-react-hooks@^7.0.0
263 silly packumentCache full:https://registry.npmjs.org/eslint-plugin-react-hooks cache-miss
264 http fetch GET 200 https://registry.npmjs.org/@tailwindcss%2fnode 514ms (cache miss)
265 silly packumentCache full:https://registry.npmjs.org/@tailwindcss%2fnode set size:undefined disposed:false
266 silly fetch manifest eslint-import-resolver-node@^0.3.6
267 silly packumentCache full:https://registry.npmjs.org/eslint-import-resolver-node cache-miss
268 http fetch GET 200 https://registry.npmjs.org/eslint-plugin-react 142ms (cache miss)
269 silly packumentCache full:https://registry.npmjs.org/eslint-plugin-react set size:undefined disposed:false
270 silly fetch manifest eslint-import-resolver-typescript@^3.5.2
271 silly packumentCache full:https://registry.npmjs.org/eslint-import-resolver-typescript cache-miss
272 http fetch GET 200 https://registry.npmjs.org/eslint-plugin-import 240ms (cache miss)
273 silly packumentCache full:https://registry.npmjs.org/eslint-plugin-import set size:undefined disposed:false
274 silly fetch manifest postcss@8.4.31
275 silly packumentCache full:https://registry.npmjs.org/postcss cache-miss
276 http cache https://registry.npmjs.org/postcss 3ms (cache hit)
277 silly packumentCache full:https://registry.npmjs.org/postcss set size:696248 disposed:false
278 silly fetch manifest @next/env@16.1.1
279 silly packumentCache full:https://registry.npmjs.org/@next%2fenv cache-miss
280 http fetch GET 200 https://registry.npmjs.org/eslint-import-resolver-typescript 123ms (cache miss)
281 silly packumentCache full:https://registry.npmjs.org/eslint-import-resolver-typescript set size:undefined disposed:false
282 silly fetch manifest styled-jsx@5.1.6
283 silly packumentCache full:https://registry.npmjs.org/styled-jsx cache-miss
284 http fetch GET 200 https://registry.npmjs.org/json-stable-stringify-without-jsonify 384ms (cache miss)
285 silly packumentCache full:https://registry.npmjs.org/json-stable-stringify-without-jsonify set size:undefined disposed:false
286 silly fetch manifest @swc/helpers@0.5.15
287 silly packumentCache full:https://registry.npmjs.org/@swc%2fhelpers cache-miss
288 http fetch GET 200 https://registry.npmjs.org/typescript-eslint 344ms (cache miss)
289 silly packumentCache full:https://registry.npmjs.org/typescript-eslint set size:undefined disposed:false
290 silly fetch manifest caniuse-lite@^1.0.30001579
291 silly packumentCache full:https://registry.npmjs.org/caniuse-lite cache-miss
292 http fetch GET 200 https://registry.npmjs.org/eslint-plugin-jsx-a11y 341ms (cache miss)
293 silly packumentCache full:https://registry.npmjs.org/eslint-plugin-jsx-a11y set size:undefined disposed:false
294 silly fetch manifest baseline-browser-mapping@^2.8.3
295 silly packumentCache full:https://registry.npmjs.org/baseline-browser-mapping cache-miss
296 http fetch GET 200 https://registry.npmjs.org/globals 445ms (cache miss)
297 silly packumentCache full:https://registry.npmjs.org/globals set size:undefined disposed:false
298 silly fetch manifest sharp@^0.34.4
299 silly packumentCache full:https://registry.npmjs.org/sharp cache-miss
300 http fetch GET 200 https://registry.npmjs.org/styled-jsx 467ms (cache miss)
301 silly packumentCache full:https://registry.npmjs.org/styled-jsx set size:undefined disposed:false
302 silly fetch manifest @next/swc-darwin-x64@16.1.1
303 silly packumentCache full:https://registry.npmjs.org/@next%2fswc-darwin-x64 cache-miss
304 http fetch GET 200 https://registry.npmjs.org/sharp 330ms (cache miss)
305 silly packumentCache full:https://registry.npmjs.org/sharp set size:undefined disposed:false
306 silly fetch manifest @next/swc-darwin-arm64@16.1.1
307 silly packumentCache full:https://registry.npmjs.org/@next%2fswc-darwin-arm64 cache-miss
308 http fetch GET 200 https://registry.npmjs.org/@swc%2fhelpers 457ms (cache miss)
309 silly packumentCache full:https://registry.npmjs.org/@swc%2fhelpers set size:undefined disposed:false
310 silly fetch manifest @next/swc-linux-x64-gnu@16.1.1
311 silly packumentCache full:https://registry.npmjs.org/@next%2fswc-linux-x64-gnu cache-miss
312 http fetch GET 200 https://registry.npmjs.org/eslint-import-resolver-node 719ms (cache miss)
313 silly packumentCache full:https://registry.npmjs.org/eslint-import-resolver-node set size:undefined disposed:false
314 silly fetch manifest @next/swc-linux-x64-musl@16.1.1
315 silly packumentCache full:https://registry.npmjs.org/@next%2fswc-linux-x64-musl cache-miss
316 http fetch GET 200 https://registry.npmjs.org/baseline-browser-mapping 427ms (cache miss)
317 silly packumentCache full:https://registry.npmjs.org/baseline-browser-mapping set size:undefined disposed:false
318 silly fetch manifest @next/swc-win32-x64-msvc@16.1.1
319 silly packumentCache full:https://registry.npmjs.org/@next%2fswc-win32-x64-msvc cache-miss
320 http fetch GET 200 https://registry.npmjs.org/@next%2fswc-linux-x64-musl 1108ms (cache miss)
321 silly packumentCache full:https://registry.npmjs.org/@next%2fswc-linux-x64-musl set size:undefined disposed:false
322 silly fetch manifest @next/swc-linux-arm64-gnu@16.1.1
323 silly packumentCache full:https://registry.npmjs.org/@next%2fswc-linux-arm64-gnu cache-miss
324 http fetch GET 200 https://registry.npmjs.org/@next%2fswc-darwin-x64 1592ms (cache miss)
325 silly packumentCache full:https://registry.npmjs.org/@next%2fswc-darwin-x64 set size:undefined disposed:false
326 silly fetch manifest @next/swc-linux-arm64-musl@16.1.1
327 silly packumentCache full:https://registry.npmjs.org/@next%2fswc-linux-arm64-musl cache-miss
328 http fetch GET 200 https://registry.npmjs.org/@next%2fswc-linux-arm64-gnu 653ms (cache miss)
329 silly packumentCache full:https://registry.npmjs.org/@next%2fswc-linux-arm64-gnu set size:undefined disposed:false
330 silly fetch manifest @next/swc-win32-arm64-msvc@16.1.1
331 silly packumentCache full:https://registry.npmjs.org/@next%2fswc-win32-arm64-msvc cache-miss
332 http fetch GET 200 https://registry.npmjs.org/@next%2feslint-plugin-next 2538ms (cache miss)
333 silly packumentCache full:https://registry.npmjs.org/@next%2feslint-plugin-next set size:undefined disposed:false
334 silly fetch manifest scheduler@^0.27.0
335 silly packumentCache full:https://registry.npmjs.org/scheduler cache-miss
336 http fetch GET 200 https://registry.npmjs.org/@next%2fswc-darwin-arm64 1829ms (cache miss)
337 silly packumentCache full:https://registry.npmjs.org/@next%2fswc-darwin-arm64 set size:undefined disposed:false
338 http fetch GET 200 https://registry.npmjs.org/caniuse-lite 2783ms (cache miss)
339 silly packumentCache full:https://registry.npmjs.org/caniuse-lite set size:undefined disposed:false
340 http fetch GET 200 https://registry.npmjs.org/@next%2fswc-win32-arm64-msvc 592ms (cache miss)
341 silly packumentCache full:https://registry.npmjs.org/@next%2fswc-win32-arm64-msvc set size:undefined disposed:false
342 http fetch GET 200 https://registry.npmjs.org/@next%2fswc-win32-x64-msvc 2391ms (cache miss)
343 silly packumentCache full:https://registry.npmjs.org/@next%2fswc-win32-x64-msvc set size:undefined disposed:false
344 http fetch GET 200 https://registry.npmjs.org/@next%2fswc-linux-x64-gnu 2434ms (cache miss)
345 silly packumentCache full:https://registry.npmjs.org/@next%2fswc-linux-x64-gnu set size:undefined disposed:false
346 http fetch GET 200 https://registry.npmjs.org/@next%2fswc-linux-arm64-musl 1302ms (cache miss)
347 silly packumentCache full:https://registry.npmjs.org/@next%2fswc-linux-arm64-musl set size:undefined disposed:false
348 http fetch GET 200 https://registry.npmjs.org/scheduler 1452ms (cache miss)
349 silly packumentCache full:https://registry.npmjs.org/scheduler set size:undefined disposed:false
350 http fetch GET 200 https://registry.npmjs.org/eslint-plugin-react-hooks 4037ms (cache miss)
351 silly packumentCache full:https://registry.npmjs.org/eslint-plugin-react-hooks set size:undefined disposed:false
352 http fetch GET 200 https://registry.npmjs.org/@next%2fenv 5121ms (cache miss)
353 silly packumentCache full:https://registry.npmjs.org/@next%2fenv set size:undefined disposed:false
354 silly placeDep ROOT @alloc/quick-lru@5.2.0 OK for: @tailwindcss/postcss@4.1.18 want: ^5.2.0
355 silly placeDep ROOT @tailwindcss/node@4.1.18 OK for: @tailwindcss/postcss@4.1.18 want: 4.1.18
356 silly placeDep ROOT @tailwindcss/oxide@4.1.18 OK for: @tailwindcss/postcss@4.1.18 want: 4.1.18
357 silly placeDep ROOT postcss@8.5.6 OK for: @tailwindcss/postcss@4.1.18 want: ^8.4.41
358 silly fetch manifest jiti@^2.6.1
359 silly packumentCache full:https://registry.npmjs.org/jiti cache-miss
360 silly fetch manifest lightningcss@1.30.2
361 silly packumentCache full:https://registry.npmjs.org/lightningcss cache-miss
362 silly fetch manifest magic-string@^0.30.21
363 silly packumentCache full:https://registry.npmjs.org/magic-string cache-miss
364 silly fetch manifest source-map-js@^1.2.1
365 silly packumentCache full:https://registry.npmjs.org/source-map-js cache-miss
366 silly fetch manifest enhanced-resolve@^5.18.3
367 silly packumentCache full:https://registry.npmjs.org/enhanced-resolve cache-miss
368 silly fetch manifest @jridgewell/remapping@^2.3.4
369 silly packumentCache full:https://registry.npmjs.org/@jridgewell%2fremapping cache-miss
370 silly fetch manifest @tailwindcss/oxide-darwin-x64@4.1.18
371 silly packumentCache full:https://registry.npmjs.org/@tailwindcss%2foxide-darwin-x64 cache-miss
372 silly fetch manifest @tailwindcss/oxide-freebsd-x64@4.1.18
373 silly packumentCache full:https://registry.npmjs.org/@tailwindcss%2foxide-freebsd-x64 cache-miss
374 silly fetch manifest @tailwindcss/oxide-wasm32-wasi@4.1.18
375 silly packumentCache full:https://registry.npmjs.org/@tailwindcss%2foxide-wasm32-wasi cache-miss
376 http cache https://registry.npmjs.org/jiti 9ms (cache hit)
377 silly packumentCache full:https://registry.npmjs.org/jiti set size:382310 disposed:false
378 silly fetch manifest @tailwindcss/oxide-darwin-arm64@4.1.18
379 silly packumentCache full:https://registry.npmjs.org/@tailwindcss%2foxide-darwin-arm64 cache-miss
380 http fetch GET 200 https://registry.npmjs.org/source-map-js 48ms (cache miss)
381 silly packumentCache full:https://registry.npmjs.org/source-map-js set size:undefined disposed:false
382 silly fetch manifest @tailwindcss/oxide-android-arm64@4.1.18
383 silly packumentCache full:https://registry.npmjs.org/@tailwindcss%2foxide-android-arm64 cache-miss
384 http fetch GET 200 https://registry.npmjs.org/@jridgewell%2fremapping 73ms (cache miss)
385 silly packumentCache full:https://registry.npmjs.org/@jridgewell%2fremapping set size:undefined disposed:false
386 silly fetch manifest @tailwindcss/oxide-linux-x64-gnu@4.1.18
387 silly packumentCache full:https://registry.npmjs.org/@tailwindcss%2foxide-linux-x64-gnu cache-miss
388 http fetch GET 200 https://registry.npmjs.org/@tailwindcss%2foxide-android-arm64 70ms (cache miss)
389 silly packumentCache full:https://registry.npmjs.org/@tailwindcss%2foxide-android-arm64 set size:undefined disposed:false
390 silly fetch manifest @tailwindcss/oxide-linux-x64-musl@4.1.18
391 silly packumentCache full:https://registry.npmjs.org/@tailwindcss%2foxide-linux-x64-musl cache-miss
392 http fetch GET 200 https://registry.npmjs.org/enhanced-resolve 123ms (cache miss)
393 silly packumentCache full:https://registry.npmjs.org/enhanced-resolve set size:undefined disposed:false
394 silly fetch manifest @tailwindcss/oxide-win32-x64-msvc@4.1.18
395 silly packumentCache full:https://registry.npmjs.org/@tailwindcss%2foxide-win32-x64-msvc cache-miss
396 http fetch GET 200 https://registry.npmjs.org/lightningcss 126ms (cache miss)
397 silly packumentCache full:https://registry.npmjs.org/lightningcss set size:undefined disposed:false
398 silly fetch manifest @tailwindcss/oxide-linux-arm64-gnu@4.1.18
399 silly packumentCache full:https://registry.npmjs.org/@tailwindcss%2foxide-linux-arm64-gnu cache-miss
400 http fetch GET 200 https://registry.npmjs.org/@tailwindcss%2foxide-linux-x64-musl 132ms (cache miss)
401 silly packumentCache full:https://registry.npmjs.org/@tailwindcss%2foxide-linux-x64-musl set size:undefined disposed:false
402 silly fetch manifest @tailwindcss/oxide-linux-arm64-musl@4.1.18
403 silly packumentCache full:https://registry.npmjs.org/@tailwindcss%2foxide-linux-arm64-musl cache-miss
404 http fetch GET 200 https://registry.npmjs.org/@tailwindcss%2foxide-freebsd-x64 369ms (cache miss)
405 silly packumentCache full:https://registry.npmjs.org/@tailwindcss%2foxide-freebsd-x64 set size:undefined disposed:false
406 silly fetch manifest @tailwindcss/oxide-win32-arm64-msvc@4.1.18
407 silly packumentCache full:https://registry.npmjs.org/@tailwindcss%2foxide-win32-arm64-msvc cache-miss
408 http fetch GET 200 https://registry.npmjs.org/magic-string 697ms (cache miss)
409 silly packumentCache full:https://registry.npmjs.org/magic-string set size:undefined disposed:false
410 silly fetch manifest @tailwindcss/oxide-linux-arm-gnueabihf@4.1.18
411 silly packumentCache full:https://registry.npmjs.org/@tailwindcss%2foxide-linux-arm-gnueabihf cache-miss
412 http fetch GET 200 https://registry.npmjs.org/@tailwindcss%2foxide-win32-arm64-msvc 393ms (cache miss)
413 silly packumentCache full:https://registry.npmjs.org/@tailwindcss%2foxide-win32-arm64-msvc set size:undefined disposed:false
414 silly fetch manifest nanoid@^3.3.11
415 silly packumentCache full:https://registry.npmjs.org/nanoid cache-miss
416 http fetch GET 200 https://registry.npmjs.org/@tailwindcss%2foxide-wasm32-wasi 771ms (cache miss)
417 silly packumentCache full:https://registry.npmjs.org/@tailwindcss%2foxide-wasm32-wasi set size:undefined disposed:false
418 silly fetch manifest picocolors@^1.1.1
419 silly packumentCache full:https://registry.npmjs.org/picocolors cache-miss
420 http fetch GET 200 https://registry.npmjs.org/@tailwindcss%2foxide-linux-arm64-musl 514ms (cache miss)
421 silly packumentCache full:https://registry.npmjs.org/@tailwindcss%2foxide-linux-arm64-musl set size:undefined disposed:false
422 http fetch GET 200 https://registry.npmjs.org/@tailwindcss%2foxide-darwin-x64 838ms (cache miss)
423 silly packumentCache full:https://registry.npmjs.org/@tailwindcss%2foxide-darwin-x64 set size:undefined disposed:false
424 http fetch GET 200 https://registry.npmjs.org/nanoid 130ms (cache miss)
425 silly packumentCache full:https://registry.npmjs.org/nanoid set size:undefined disposed:false
426 http fetch GET 200 https://registry.npmjs.org/picocolors 131ms (cache miss)
427 silly packumentCache full:https://registry.npmjs.org/picocolors set size:undefined disposed:false
428 http fetch GET 200 https://registry.npmjs.org/@tailwindcss%2foxide-win32-x64-msvc 853ms (cache miss)
429 silly packumentCache full:https://registry.npmjs.org/@tailwindcss%2foxide-win32-x64-msvc set size:undefined disposed:false
430 http fetch GET 200 https://registry.npmjs.org/@tailwindcss%2foxide-linux-x64-gnu 1321ms (cache miss)
431 silly packumentCache full:https://registry.npmjs.org/@tailwindcss%2foxide-linux-x64-gnu set size:undefined disposed:false
432 http fetch GET 200 https://registry.npmjs.org/@tailwindcss%2foxide-darwin-arm64 1409ms (cache miss)
433 silly packumentCache full:https://registry.npmjs.org/@tailwindcss%2foxide-darwin-arm64 set size:undefined disposed:false
434 http fetch GET 200 https://registry.npmjs.org/@tailwindcss%2foxide-linux-arm-gnueabihf 1098ms (cache miss)
435 silly packumentCache full:https://registry.npmjs.org/@tailwindcss%2foxide-linux-arm-gnueabihf set size:undefined disposed:false
436 http fetch GET 200 https://registry.npmjs.org/@tailwindcss%2foxide-linux-arm64-gnu 2389ms (cache miss)
437 silly packumentCache full:https://registry.npmjs.org/@tailwindcss%2foxide-linux-arm64-gnu set size:undefined disposed:false
438 silly placeDep ROOT @jridgewell/remapping@2.3.5 OK for: @tailwindcss/node@4.1.18 want: ^2.3.4
439 silly placeDep ROOT enhanced-resolve@5.18.4 OK for: @tailwindcss/node@4.1.18 want: ^5.18.3
440 silly placeDep ROOT jiti@2.6.1 OK for: @tailwindcss/node@4.1.18 want: ^2.6.1
441 silly placeDep ROOT lightningcss@1.30.2 OK for: @tailwindcss/node@4.1.18 want: 1.30.2
442 silly placeDep ROOT magic-string@0.30.21 OK for: @tailwindcss/node@4.1.18 want: ^0.30.21
443 silly placeDep ROOT source-map-js@1.2.1 OK for: @tailwindcss/node@4.1.18 want: ^1.2.1
444 silly fetch manifest @jridgewell/gen-mapping@^0.3.5
445 silly packumentCache full:https://registry.npmjs.org/@jridgewell%2fgen-mapping cache-miss
446 silly fetch manifest @jridgewell/trace-mapping@^0.3.24
447 silly packumentCache full:https://registry.npmjs.org/@jridgewell%2ftrace-mapping cache-miss
448 silly fetch manifest graceful-fs@^4.2.4
449 silly packumentCache full:https://registry.npmjs.org/graceful-fs cache-miss
450 silly fetch manifest tapable@^2.2.0
451 silly packumentCache full:https://registry.npmjs.org/tapable cache-miss
452 silly fetch manifest detect-libc@^2.0.3
453 silly packumentCache full:https://registry.npmjs.org/detect-libc cache-miss
454 silly fetch manifest lightningcss-darwin-x64@1.30.2
455 silly packumentCache full:https://registry.npmjs.org/lightningcss-darwin-x64 cache-miss
456 silly fetch manifest lightningcss-linux-x64-gnu@1.30.2
457 silly packumentCache full:https://registry.npmjs.org/lightningcss-linux-x64-gnu cache-miss
458 silly fetch manifest lightningcss-win32-x64-msvc@1.30.2
459 silly packumentCache full:https://registry.npmjs.org/lightningcss-win32-x64-msvc cache-miss
460 silly fetch manifest lightningcss-win32-arm64-msvc@1.30.2
461 silly packumentCache full:https://registry.npmjs.org/lightningcss-win32-arm64-msvc cache-miss
462 http fetch GET 200 https://registry.npmjs.org/graceful-fs 47ms (cache miss)
463 silly packumentCache full:https://registry.npmjs.org/graceful-fs set size:undefined disposed:false
464 silly fetch manifest lightningcss-darwin-arm64@1.30.2
465 silly packumentCache full:https://registry.npmjs.org/lightningcss-darwin-arm64 cache-miss
466 http fetch GET 200 https://registry.npmjs.org/detect-libc 57ms (cache miss)
467 silly packumentCache full:https://registry.npmjs.org/detect-libc set size:undefined disposed:false
468 silly fetch manifest lightningcss-linux-arm64-gnu@1.30.2
469 silly packumentCache full:https://registry.npmjs.org/lightningcss-linux-arm64-gnu cache-miss
470 http fetch GET 200 https://registry.npmjs.org/tapable 64ms (cache miss)
471 silly packumentCache full:https://registry.npmjs.org/tapable set size:undefined disposed:false
472 silly fetch manifest lightningcss-linux-arm-gnueabihf@1.30.2
473 silly packumentCache full:https://registry.npmjs.org/lightningcss-linux-arm-gnueabihf cache-miss
474 http fetch GET 200 https://registry.npmjs.org/lightningcss-darwin-x64 66ms (cache miss)
475 silly packumentCache full:https://registry.npmjs.org/lightningcss-darwin-x64 set size:undefined disposed:false
476 silly fetch manifest lightningcss-linux-arm64-musl@1.30.2
477 silly packumentCache full:https://registry.npmjs.org/lightningcss-linux-arm64-musl cache-miss
478 http fetch GET 200 https://registry.npmjs.org/lightningcss-win32-x64-msvc 68ms (cache miss)
479 silly packumentCache full:https://registry.npmjs.org/lightningcss-win32-x64-msvc set size:undefined disposed:false
480 silly fetch manifest lightningcss-linux-x64-musl@1.30.2
481 silly packumentCache full:https://registry.npmjs.org/lightningcss-linux-x64-musl cache-miss
482 http fetch GET 200 https://registry.npmjs.org/lightningcss-win32-arm64-msvc 69ms (cache miss)
483 silly packumentCache full:https://registry.npmjs.org/lightningcss-win32-arm64-msvc set size:undefined disposed:false
484 silly fetch manifest lightningcss-freebsd-x64@1.30.2
485 silly packumentCache full:https://registry.npmjs.org/lightningcss-freebsd-x64 cache-miss
486 http fetch GET 200 https://registry.npmjs.org/lightningcss-linux-x64-gnu 69ms (cache miss)
487 silly packumentCache full:https://registry.npmjs.org/lightningcss-linux-x64-gnu set size:undefined disposed:false
488 silly fetch manifest lightningcss-android-arm64@1.30.2
489 silly packumentCache full:https://registry.npmjs.org/lightningcss-android-arm64 cache-miss
490 http fetch GET 200 https://registry.npmjs.org/@jridgewell%2ftrace-mapping 98ms (cache miss)
491 silly packumentCache full:https://registry.npmjs.org/@jridgewell%2ftrace-mapping set size:undefined disposed:false
492 silly fetch manifest @jridgewell/sourcemap-codec@^1.5.5
493 silly packumentCache full:https://registry.npmjs.org/@jridgewell%2fsourcemap-codec cache-miss
494 http fetch GET 200 https://registry.npmjs.org/lightningcss-darwin-arm64 52ms (cache miss)
495 silly packumentCache full:https://registry.npmjs.org/lightningcss-darwin-arm64 set size:undefined disposed:false
496 http fetch GET 200 https://registry.npmjs.org/lightningcss-linux-arm-gnueabihf 48ms (cache miss)
497 silly packumentCache full:https://registry.npmjs.org/lightningcss-linux-arm-gnueabihf set size:undefined disposed:false
498 http fetch GET 200 https://registry.npmjs.org/lightningcss-android-arm64 50ms (cache miss)
499 silly packumentCache full:https://registry.npmjs.org/lightningcss-android-arm64 set size:undefined disposed:false
500 http fetch GET 200 https://registry.npmjs.org/lightningcss-freebsd-x64 51ms (cache miss)
501 silly packumentCache full:https://registry.npmjs.org/lightningcss-freebsd-x64 set size:undefined disposed:false
502 http fetch GET 200 https://registry.npmjs.org/lightningcss-linux-x64-musl 53ms (cache miss)
503 silly packumentCache full:https://registry.npmjs.org/lightningcss-linux-x64-musl set size:undefined disposed:false
504 http fetch GET 200 https://registry.npmjs.org/lightningcss-linux-arm64-gnu 71ms (cache miss)
505 silly packumentCache full:https://registry.npmjs.org/lightningcss-linux-arm64-gnu set size:undefined disposed:false
506 http fetch GET 200 https://registry.npmjs.org/@jridgewell%2fgen-mapping 139ms (cache miss)
507 silly packumentCache full:https://registry.npmjs.org/@jridgewell%2fgen-mapping set size:undefined disposed:false
508 http fetch GET 200 https://registry.npmjs.org/lightningcss-linux-arm64-musl 73ms (cache miss)
509 silly packumentCache full:https://registry.npmjs.org/lightningcss-linux-arm64-musl set size:undefined disposed:false
510 http fetch GET 200 https://registry.npmjs.org/@jridgewell%2fsourcemap-codec 71ms (cache miss)
511 silly packumentCache full:https://registry.npmjs.org/@jridgewell%2fsourcemap-codec set size:undefined disposed:false
512 silly placeDep ROOT @jridgewell/gen-mapping@0.3.13 OK for: @jridgewell/remapping@2.3.5 want: ^0.3.5
513 silly placeDep ROOT @jridgewell/trace-mapping@0.3.31 OK for: @jridgewell/remapping@2.3.5 want: ^0.3.24
514 silly fetch manifest @jridgewell/sourcemap-codec@^1.5.0
515 silly packumentCache full:https://registry.npmjs.org/@jridgewell%2fsourcemap-codec cache-miss
516 silly fetch manifest @jridgewell/resolve-uri@^3.1.0
517 silly packumentCache full:https://registry.npmjs.org/@jridgewell%2fresolve-uri cache-miss
518 silly fetch manifest @jridgewell/sourcemap-codec@^1.4.14
519 silly packumentCache full:https://registry.npmjs.org/@jridgewell%2fsourcemap-codec cache-miss
520 http cache https://registry.npmjs.org/@jridgewell%2fsourcemap-codec 2ms (cache hit)
521 silly packumentCache full:https://registry.npmjs.org/@jridgewell%2fsourcemap-codec set size:59275 disposed:false
522 http cache https://registry.npmjs.org/@jridgewell%2fsourcemap-codec 3ms (cache hit)
523 silly packumentCache full:https://registry.npmjs.org/@jridgewell%2fsourcemap-codec set size:59275 disposed:false
524 silly packumentCache full:https://registry.npmjs.org/@jridgewell%2fsourcemap-codec dispose
525 http fetch GET 200 https://registry.npmjs.org/@jridgewell%2fresolve-uri 68ms (cache miss)
526 silly packumentCache full:https://registry.npmjs.org/@jridgewell%2fresolve-uri set size:undefined disposed:false
527 silly placeDep ROOT @jridgewell/sourcemap-codec@1.5.5 OK for: @jridgewell/gen-mapping@0.3.13 want: ^1.5.0
528 silly placeDep ROOT @jridgewell/resolve-uri@3.1.2 OK for: @jridgewell/trace-mapping@0.3.31 want: ^3.1.0
529 silly placeDep ROOT @tailwindcss/oxide-android-arm64@4.1.18 OK for: @tailwindcss/oxide@4.1.18 want: 4.1.18
530 silly placeDep ROOT @tailwindcss/oxide-darwin-arm64@4.1.18 OK for: @tailwindcss/oxide@4.1.18 want: 4.1.18
531 silly placeDep ROOT @tailwindcss/oxide-darwin-x64@4.1.18 OK for: @tailwindcss/oxide@4.1.18 want: 4.1.18
532 silly placeDep ROOT @tailwindcss/oxide-freebsd-x64@4.1.18 OK for: @tailwindcss/oxide@4.1.18 want: 4.1.18
533 silly placeDep ROOT @tailwindcss/oxide-linux-arm-gnueabihf@4.1.18 OK for: @tailwindcss/oxide@4.1.18 want: 4.1.18
534 silly placeDep ROOT @tailwindcss/oxide-linux-arm64-gnu@4.1.18 OK for: @tailwindcss/oxide@4.1.18 want: 4.1.18
535 silly placeDep ROOT @tailwindcss/oxide-linux-arm64-musl@4.1.18 OK for: @tailwindcss/oxide@4.1.18 want: 4.1.18
536 silly placeDep ROOT @tailwindcss/oxide-linux-x64-gnu@4.1.18 OK for: @tailwindcss/oxide@4.1.18 want: 4.1.18
537 silly placeDep ROOT @tailwindcss/oxide-linux-x64-musl@4.1.18 OK for: @tailwindcss/oxide@4.1.18 want: 4.1.18
538 silly placeDep ROOT @tailwindcss/oxide-wasm32-wasi@4.1.18 OK for: @tailwindcss/oxide@4.1.18 want: 4.1.18
539 silly placeDep ROOT @tailwindcss/oxide-win32-arm64-msvc@4.1.18 OK for: @tailwindcss/oxide@4.1.18 want: 4.1.18
540 silly placeDep ROOT @tailwindcss/oxide-win32-x64-msvc@4.1.18 OK for: @tailwindcss/oxide@4.1.18 want: 4.1.18
541 silly placeDep ROOT undici-types@6.21.0 OK for: @types/node@20.19.27 want: ~6.21.0
542 silly placeDep ROOT csstype@3.2.3 OK for: @types/react@19.2.7 want: ^3.2.2
543 silly placeDep ROOT graceful-fs@4.2.11 OK for: enhanced-resolve@5.18.4 want: ^4.2.4
544 silly placeDep ROOT tapable@2.3.0 OK for: enhanced-resolve@5.18.4 want: ^2.2.0
545 silly fetch manifest eslint@^6.0.0 || ^7.0.0 || >=8.0.0
546 silly packumentCache full:https://registry.npmjs.org/eslint cache-miss
547 http cache https://registry.npmjs.org/eslint 4ms (cache hit)
548 silly packumentCache full:https://registry.npmjs.org/eslint set size:1900943 disposed:false
549 silly placeDep ROOT @eslint-community/eslint-utils@4.9.1 OK for: eslint@9.39.2 want: ^4.8.0
550 silly placeDep ROOT @eslint-community/regexpp@4.12.2 OK for: eslint@9.39.2 want: ^4.12.1
551 silly placeDep ROOT @eslint/config-array@0.21.1 OK for: eslint@9.39.2 want: ^0.21.1
552 silly placeDep ROOT @eslint/config-helpers@0.4.2 OK for: eslint@9.39.2 want: ^0.4.2
553 silly placeDep ROOT @eslint/core@0.17.0 OK for: eslint@9.39.2 want: ^0.17.0
554 silly placeDep ROOT @eslint/eslintrc@3.3.3 OK for: eslint@9.39.2 want: ^3.3.1
555 silly placeDep ROOT @eslint/js@9.39.2 OK for: eslint@9.39.2 want: 9.39.2
556 silly placeDep ROOT @eslint/plugin-kit@0.4.1 OK for: eslint@9.39.2 want: ^0.4.1
557 silly placeDep ROOT @humanfs/node@0.16.7 OK for: eslint@9.39.2 want: ^0.16.6
558 silly placeDep ROOT @humanwhocodes/module-importer@1.0.1 OK for: eslint@9.39.2 want: ^1.0.1
559 silly placeDep ROOT @humanwhocodes/retry@0.4.3 OK for: eslint@9.39.2 want: ^0.4.2
560 silly placeDep ROOT @types/estree@1.0.8 OK for: eslint@9.39.2 want: ^1.0.6
561 silly placeDep ROOT ajv@6.12.6 OK for: eslint@9.39.2 want: ^6.12.4
562 silly placeDep ROOT chalk@4.1.2 OK for: eslint@9.39.2 want: ^4.0.0
563 silly placeDep ROOT cross-spawn@7.0.6 OK for: eslint@9.39.2 want: ^7.0.6
564 silly placeDep ROOT debug@4.4.3 OK for: eslint@9.39.2 want: ^4.3.2
565 silly placeDep ROOT escape-string-regexp@4.0.0 OK for: eslint@9.39.2 want: ^4.0.0
566 silly placeDep ROOT eslint-scope@8.4.0 OK for: eslint@9.39.2 want: ^8.4.0
567 silly placeDep ROOT eslint-visitor-keys@4.2.1 OK for: eslint@9.39.2 want: ^4.2.1
568 silly placeDep ROOT espree@10.4.0 OK for: eslint@9.39.2 want: ^10.4.0
569 silly placeDep ROOT esquery@1.7.0 OK for: eslint@9.39.2 want: ^1.5.0
570 silly placeDep ROOT esutils@2.0.3 OK for: eslint@9.39.2 want: ^2.0.2
571 silly placeDep ROOT fast-deep-equal@3.1.3 OK for: eslint@9.39.2 want: ^3.1.3
572 silly placeDep ROOT file-entry-cache@8.0.0 OK for: eslint@9.39.2 want: ^8.0.0
573 silly placeDep ROOT find-up@5.0.0 OK for: eslint@9.39.2 want: ^5.0.0
574 silly placeDep ROOT glob-parent@6.0.2 OK for: eslint@9.39.2 want: ^6.0.2
575 silly placeDep ROOT ignore@5.3.2 OK for: eslint@9.39.2 want: ^5.2.0
576 silly placeDep ROOT imurmurhash@0.1.4 OK for: eslint@9.39.2 want: ^0.1.4
577 silly placeDep ROOT is-glob@4.0.3 OK for: eslint@9.39.2 want: ^4.0.0
578 silly placeDep ROOT json-stable-stringify-without-jsonify@1.0.1 OK for: eslint@9.39.2 want: ^1.0.1
579 silly placeDep ROOT lodash.merge@4.6.2 OK for: eslint@9.39.2 want: ^4.6.2
580 silly placeDep ROOT minimatch@3.1.2 OK for: eslint@9.39.2 want: ^3.1.2
581 silly placeDep ROOT natural-compare@1.4.0 OK for: eslint@9.39.2 want: ^1.4.0
582 silly placeDep ROOT optionator@0.9.4 OK for: eslint@9.39.2 want: ^0.9.3
583 silly fetch manifest eslint-visitor-keys@^3.4.3
584 silly packumentCache full:https://registry.npmjs.org/eslint-visitor-keys cache-miss
585 silly fetch manifest debug@^4.3.1
586 silly packumentCache full:https://registry.npmjs.org/debug cache-miss
587 silly fetch manifest @eslint/object-schema@^2.1.7
588 silly packumentCache full:https://registry.npmjs.org/@eslint%2fobject-schema cache-miss
589 silly fetch manifest @types/json-schema@^7.0.15
590 silly packumentCache full:https://registry.npmjs.org/@types%2fjson-schema cache-miss
591 silly fetch manifest espree@^10.0.1
592 silly packumentCache full:https://registry.npmjs.org/espree cache-miss
593 silly fetch manifest globals@^14.0.0
594 silly packumentCache full:https://registry.npmjs.org/globals cache-miss
595 silly fetch manifest import-fresh@^3.2.1
596 silly packumentCache full:https://registry.npmjs.org/import-fresh cache-miss
597 silly fetch manifest js-yaml@^4.1.1
598 silly packumentCache full:https://registry.npmjs.org/js-yaml cache-miss
599 silly fetch manifest strip-json-comments@^3.1.1
600 silly packumentCache full:https://registry.npmjs.org/strip-json-comments cache-miss
601 http cache https://registry.npmjs.org/debug 5ms (cache hit)
602 silly packumentCache full:https://registry.npmjs.org/debug set size:195840 disposed:false
603 silly fetch manifest levn@^0.4.1
604 silly packumentCache full:https://registry.npmjs.org/levn cache-miss
605 http cache https://registry.npmjs.org/espree 7ms (cache hit)
606 silly packumentCache full:https://registry.npmjs.org/espree set size:317497 disposed:false
607 silly fetch manifest @humanwhocodes/retry@^0.4.0
608 silly packumentCache full:https://registry.npmjs.org/@humanwhocodes%2fretry cache-miss
609 http cache https://registry.npmjs.org/eslint-visitor-keys 9ms (cache hit)
610 silly packumentCache full:https://registry.npmjs.org/eslint-visitor-keys set size:67352 disposed:false
611 silly fetch manifest @humanfs/core@^0.19.1
612 silly packumentCache full:https://registry.npmjs.org/@humanfs%2fcore cache-miss
613 http cache https://registry.npmjs.org/globals 12ms (cache hit)
614 silly packumentCache full:https://registry.npmjs.org/globals set size:293859 disposed:false
615 silly fetch manifest uri-js@^4.2.2
616 silly packumentCache full:https://registry.npmjs.org/uri-js cache-miss
617 http cache https://registry.npmjs.org/@humanwhocodes%2fretry 6ms (cache hit)
618 silly packumentCache full:https://registry.npmjs.org/@humanwhocodes%2fretry set size:42348 disposed:false
619 silly fetch manifest fast-deep-equal@^3.1.1
620 silly packumentCache full:https://registry.npmjs.org/fast-deep-equal cache-miss
621 http cache https://registry.npmjs.org/fast-deep-equal 1ms (cache hit)
622 silly packumentCache full:https://registry.npmjs.org/fast-deep-equal set size:48634 disposed:false
623 silly fetch manifest json-schema-traverse@^0.4.1
624 silly packumentCache full:https://registry.npmjs.org/json-schema-traverse cache-miss
625 http fetch GET 200 https://registry.npmjs.org/@types%2fjson-schema 52ms (cache miss)
626 silly packumentCache full:https://registry.npmjs.org/@types%2fjson-schema set size:undefined disposed:false
627 silly fetch manifest fast-json-stable-stringify@^2.0.0
628 silly packumentCache full:https://registry.npmjs.org/fast-json-stable-stringify cache-miss
629 http fetch GET 200 https://registry.npmjs.org/strip-json-comments 58ms (cache miss)
630 silly packumentCache full:https://registry.npmjs.org/strip-json-comments set size:undefined disposed:false
631 silly fetch manifest ansi-styles@^4.1.0
632 silly packumentCache full:https://registry.npmjs.org/ansi-styles cache-miss
633 http fetch GET 200 https://registry.npmjs.org/@eslint%2fobject-schema 60ms (cache miss)
634 silly packumentCache full:https://registry.npmjs.org/@eslint%2fobject-schema set size:undefined disposed:false
635 silly fetch manifest supports-color@^7.1.0
636 silly packumentCache full:https://registry.npmjs.org/supports-color cache-miss
637 http fetch GET 200 https://registry.npmjs.org/json-schema-traverse 50ms (cache miss)
638 silly packumentCache full:https://registry.npmjs.org/json-schema-traverse set size:undefined disposed:false
639 silly fetch manifest which@^2.0.1
640 silly packumentCache full:https://registry.npmjs.org/which cache-miss
641 http fetch GET 200 https://registry.npmjs.org/uri-js 54ms (cache miss)
642 silly packumentCache full:https://registry.npmjs.org/uri-js set size:undefined disposed:false
643 silly fetch manifest path-key@^3.1.0
644 silly packumentCache full:https://registry.npmjs.org/path-key cache-miss
645 http fetch GET 200 https://registry.npmjs.org/import-fresh 76ms (cache miss)
646 silly packumentCache full:https://registry.npmjs.org/import-fresh set size:undefined disposed:false
647 silly fetch manifest shebang-command@^2.0.0
648 silly packumentCache full:https://registry.npmjs.org/shebang-command cache-miss
649 http fetch GET 200 https://registry.npmjs.org/js-yaml 80ms (cache miss)
650 silly packumentCache full:https://registry.npmjs.org/js-yaml set size:undefined disposed:false
651 silly fetch manifest ms@^2.1.3
652 silly packumentCache full:https://registry.npmjs.org/ms cache-miss
653 http fetch GET 200 https://registry.npmjs.org/fast-json-stable-stringify 46ms (cache miss)
654 silly packumentCache full:https://registry.npmjs.org/fast-json-stable-stringify set size:undefined disposed:false
655 silly fetch manifest esrecurse@^4.3.0
656 silly packumentCache full:https://registry.npmjs.org/esrecurse cache-miss
657 http fetch GET 200 https://registry.npmjs.org/which 40ms (cache miss)
658 silly packumentCache full:https://registry.npmjs.org/which set size:undefined disposed:false
659 silly fetch manifest estraverse@^5.2.0
660 silly packumentCache full:https://registry.npmjs.org/estraverse cache-miss
661 http fetch GET 200 https://registry.npmjs.org/levn 101ms (cache miss)
662 silly packumentCache full:https://registry.npmjs.org/levn set size:undefined disposed:false
663 silly fetch manifest acorn@^8.15.0
664 silly packumentCache full:https://registry.npmjs.org/acorn cache-miss
665 http fetch GET 200 https://registry.npmjs.org/path-key 53ms (cache miss)
666 silly packumentCache full:https://registry.npmjs.org/path-key set size:undefined disposed:false
667 silly fetch manifest acorn-jsx@^5.3.2
668 silly packumentCache full:https://registry.npmjs.org/acorn-jsx cache-miss
669 http fetch GET 200 https://registry.npmjs.org/ansi-styles 63ms (cache miss)
670 silly packumentCache full:https://registry.npmjs.org/ansi-styles set size:undefined disposed:false
671 silly fetch manifest estraverse@^5.1.0
672 silly packumentCache full:https://registry.npmjs.org/estraverse cache-miss
673 http fetch GET 200 https://registry.npmjs.org/shebang-command 53ms (cache miss)
674 silly packumentCache full:https://registry.npmjs.org/shebang-command set size:undefined disposed:false
675 silly fetch manifest flat-cache@^4.0.0
676 silly packumentCache full:https://registry.npmjs.org/flat-cache cache-miss
677 http fetch GET 200 https://registry.npmjs.org/ms 50ms (cache miss)
678 silly packumentCache full:https://registry.npmjs.org/ms set size:undefined disposed:false
679 silly fetch manifest locate-path@^6.0.0
680 silly packumentCache full:https://registry.npmjs.org/locate-path cache-miss
681 http fetch GET 200 https://registry.npmjs.org/supports-color 75ms (cache miss)
682 silly packumentCache full:https://registry.npmjs.org/supports-color set size:undefined disposed:false
683 silly fetch manifest path-exists@^4.0.0
684 silly packumentCache full:https://registry.npmjs.org/path-exists cache-miss
685 http fetch GET 200 https://registry.npmjs.org/esrecurse 44ms (cache miss)
686 silly packumentCache full:https://registry.npmjs.org/esrecurse set size:undefined disposed:false
687 silly fetch manifest is-glob@^4.0.3
688 silly packumentCache full:https://registry.npmjs.org/is-glob cache-miss
689 http cache https://registry.npmjs.org/is-glob 1ms (cache hit)
690 silly packumentCache full:https://registry.npmjs.org/is-glob set size:40530 disposed:false
691 silly fetch manifest is-extglob@^2.1.1
692 silly packumentCache full:https://registry.npmjs.org/is-extglob cache-miss
693 http fetch GET 200 https://registry.npmjs.org/estraverse 52ms (cache miss)
694 silly packumentCache full:https://registry.npmjs.org/estraverse set size:undefined disposed:false
695 silly fetch manifest brace-expansion@^1.1.7
696 silly packumentCache full:https://registry.npmjs.org/brace-expansion cache-miss
697 http fetch GET 200 https://registry.npmjs.org/estraverse 57ms (cache miss)
698 silly packumentCache full:https://registry.npmjs.org/estraverse set size:undefined disposed:false
699 silly fetch manifest prelude-ls@^1.2.1
700 silly packumentCache full:https://registry.npmjs.org/prelude-ls cache-miss
701 http fetch GET 200 https://registry.npmjs.org/locate-path 51ms (cache miss)
702 silly packumentCache full:https://registry.npmjs.org/locate-path set size:undefined disposed:false
703 silly fetch manifest deep-is@^0.1.3
704 silly packumentCache full:https://registry.npmjs.org/deep-is cache-miss
705 http fetch GET 200 https://registry.npmjs.org/acorn-jsx 66ms (cache miss)
706 silly packumentCache full:https://registry.npmjs.org/acorn-jsx set size:undefined disposed:false
707 silly fetch manifest word-wrap@^1.2.5
708 silly packumentCache full:https://registry.npmjs.org/word-wrap cache-miss
709 http fetch GET 200 https://registry.npmjs.org/path-exists 53ms (cache miss)
710 silly packumentCache full:https://registry.npmjs.org/path-exists set size:undefined disposed:false
711 silly fetch manifest type-check@^0.4.0
712 silly packumentCache full:https://registry.npmjs.org/type-check cache-miss
713 http fetch GET 200 https://registry.npmjs.org/brace-expansion 40ms (cache miss)
714 silly packumentCache full:https://registry.npmjs.org/brace-expansion set size:undefined disposed:false
715 silly fetch manifest fast-levenshtein@^2.0.6
716 silly packumentCache full:https://registry.npmjs.org/fast-levenshtein cache-miss
717 http fetch GET 200 https://registry.npmjs.org/is-extglob 61ms (cache miss)
718 silly packumentCache full:https://registry.npmjs.org/is-extglob set size:undefined disposed:false
719 http fetch GET 200 https://registry.npmjs.org/deep-is 44ms (cache miss)
720 silly packumentCache full:https://registry.npmjs.org/deep-is set size:undefined disposed:false
721 http fetch GET 200 https://registry.npmjs.org/prelude-ls 50ms (cache miss)
722 silly packumentCache full:https://registry.npmjs.org/prelude-ls set size:undefined disposed:false
723 http fetch GET 200 https://registry.npmjs.org/type-check 49ms (cache miss)
724 silly packumentCache full:https://registry.npmjs.org/type-check set size:undefined disposed:false
725 http fetch GET 200 https://registry.npmjs.org/word-wrap 61ms (cache miss)
726 silly packumentCache full:https://registry.npmjs.org/word-wrap set size:undefined disposed:false
727 http fetch GET 200 https://registry.npmjs.org/fast-levenshtein 48ms (cache miss)
728 silly packumentCache full:https://registry.npmjs.org/fast-levenshtein set size:undefined disposed:false
729 http fetch GET 200 https://registry.npmjs.org/flat-cache 123ms (cache miss)
730 silly packumentCache full:https://registry.npmjs.org/flat-cache set size:undefined disposed:false
731 http fetch GET 200 https://registry.npmjs.org/@humanfs%2fcore 361ms (cache miss)
732 silly packumentCache full:https://registry.npmjs.org/@humanfs%2fcore set size:undefined disposed:false
733 http fetch GET 200 https://registry.npmjs.org/acorn 430ms (cache miss)
734 silly packumentCache full:https://registry.npmjs.org/acorn set size:undefined disposed:false
735 silly placeDep node_modules/@eslint-community/eslint-utils eslint-visitor-keys@3.4.3 OK for: @eslint-community/eslint-utils@4.9.1 want: ^3.4.3
736 silly placeDep ROOT @eslint/object-schema@2.1.7 OK for: @eslint/config-array@0.21.1 want: ^2.1.7
737 silly placeDep ROOT @types/json-schema@7.0.15 OK for: @eslint/core@0.17.0 want: ^7.0.15
738 silly placeDep ROOT globals@14.0.0 OK for: @eslint/eslintrc@3.3.3 want: ^14.0.0
739 silly placeDep ROOT import-fresh@3.3.1 OK for: @eslint/eslintrc@3.3.3 want: ^3.2.1
740 silly placeDep ROOT js-yaml@4.1.1 OK for: @eslint/eslintrc@3.3.3 want: ^4.1.1
741 silly placeDep ROOT strip-json-comments@3.1.1 OK for: @eslint/eslintrc@3.3.3 want: ^3.1.1
742 silly fetch manifest parent-module@^1.0.0
743 silly packumentCache full:https://registry.npmjs.org/parent-module cache-miss
744 silly fetch manifest resolve-from@^4.0.0
745 silly packumentCache full:https://registry.npmjs.org/resolve-from cache-miss
746 silly fetch manifest argparse@^2.0.1
747 silly packumentCache full:https://registry.npmjs.org/argparse cache-miss
748 http fetch GET 200 https://registry.npmjs.org/resolve-from 56ms (cache miss)
749 silly packumentCache full:https://registry.npmjs.org/resolve-from set size:undefined disposed:false
750 http fetch GET 200 https://registry.npmjs.org/argparse 57ms (cache miss)
751 silly packumentCache full:https://registry.npmjs.org/argparse set size:undefined disposed:false
752 http fetch GET 200 https://registry.npmjs.org/parent-module 57ms (cache miss)
753 silly packumentCache full:https://registry.npmjs.org/parent-module set size:undefined disposed:false
754 silly placeDep ROOT levn@0.4.1 OK for: @eslint/plugin-kit@0.4.1 want: ^0.4.1
755 silly fetch manifest type-check@~0.4.0
756 silly packumentCache full:https://registry.npmjs.org/type-check cache-miss
757 http cache https://registry.npmjs.org/type-check 3ms (cache hit)
758 silly packumentCache full:https://registry.npmjs.org/type-check set size:21221 disposed:false
759 silly placeDep ROOT @humanfs/core@0.19.1 OK for: @humanfs/node@0.16.7 want: ^0.19.1
760 silly placeDep ROOT fast-json-stable-stringify@2.1.0 OK for: ajv@6.12.6 want: ^2.0.0
761 silly placeDep ROOT json-schema-traverse@0.4.1 OK for: ajv@6.12.6 want: ^0.4.1
762 silly placeDep ROOT uri-js@4.4.1 OK for: ajv@6.12.6 want: ^4.2.2
763 silly fetch manifest punycode@^2.1.0
764 silly packumentCache full:https://registry.npmjs.org/punycode cache-miss
765 http fetch GET 200 https://registry.npmjs.org/punycode 70ms (cache miss)
766 silly packumentCache full:https://registry.npmjs.org/punycode set size:undefined disposed:false
767 silly placeDep ROOT ansi-styles@4.3.0 OK for: chalk@4.1.2 want: ^4.1.0
768 silly placeDep ROOT supports-color@7.2.0 OK for: chalk@4.1.2 want: ^7.1.0
769 silly fetch manifest color-convert@^2.0.1
770 silly packumentCache full:https://registry.npmjs.org/color-convert cache-miss
771 silly fetch manifest has-flag@^4.0.0
772 silly packumentCache full:https://registry.npmjs.org/has-flag cache-miss
773 http fetch GET 200 https://registry.npmjs.org/color-convert 44ms (cache miss)
774 silly packumentCache full:https://registry.npmjs.org/color-convert set size:undefined disposed:false
775 http fetch GET 200 https://registry.npmjs.org/has-flag 50ms (cache miss)
776 silly packumentCache full:https://registry.npmjs.org/has-flag set size:undefined disposed:false
777 silly placeDep ROOT color-convert@2.0.1 OK for: ansi-styles@4.3.0 want: ^2.0.1
778 silly fetch manifest color-name@~1.1.4
779 silly packumentCache full:https://registry.npmjs.org/color-name cache-miss
780 http fetch GET 200 https://registry.npmjs.org/color-name 64ms (cache miss)
781 silly packumentCache full:https://registry.npmjs.org/color-name set size:undefined disposed:false
782 silly placeDep ROOT color-name@1.1.4 OK for: color-convert@2.0.1 want: ~1.1.4
783 silly placeDep ROOT path-key@3.1.1 OK for: cross-spawn@7.0.6 want: ^3.1.0
784 silly placeDep ROOT shebang-command@2.0.0 OK for: cross-spawn@7.0.6 want: ^2.0.0
785 silly placeDep ROOT which@2.0.2 OK for: cross-spawn@7.0.6 want: ^2.0.1
786 silly fetch manifest shebang-regex@^3.0.0
787 silly packumentCache full:https://registry.npmjs.org/shebang-regex cache-miss
788 silly fetch manifest isexe@^2.0.0
789 silly packumentCache full:https://registry.npmjs.org/isexe cache-miss
790 http fetch GET 200 https://registry.npmjs.org/shebang-regex 52ms (cache miss)
791 silly packumentCache full:https://registry.npmjs.org/shebang-regex set size:undefined disposed:false
792 http fetch GET 200 https://registry.npmjs.org/isexe 92ms (cache miss)
793 silly packumentCache full:https://registry.npmjs.org/isexe set size:undefined disposed:false
794 silly placeDep ROOT ms@2.1.3 OK for: debug@4.4.3 want: ^2.1.3
795 silly fetch manifest eslint@>=9.0.0
796 silly packumentCache full:https://registry.npmjs.org/eslint cache-miss
797 http cache https://registry.npmjs.org/eslint 3ms (cache hit)
798 silly packumentCache full:https://registry.npmjs.org/eslint set size:1900943 disposed:false
799 silly fetch manifest typescript@>=3.3.1
800 silly packumentCache full:https://registry.npmjs.org/typescript cache-miss
801 http cache https://registry.npmjs.org/typescript 17ms (cache hit)
802 silly packumentCache full:https://registry.npmjs.org/typescript set size:15103294 disposed:false
803 silly fetch manifest eslint-plugin-import-x@*
804 silly packumentCache full:https://registry.npmjs.org/eslint-plugin-import-x cache-miss
805 http fetch GET 200 https://registry.npmjs.org/eslint-plugin-import-x 57ms (cache miss)
806 silly packumentCache full:https://registry.npmjs.org/eslint-plugin-import-x set size:undefined disposed:false
807 silly fetch manifest @typescript-eslint/utils@^8.0.0
808 silly packumentCache full:https://registry.npmjs.org/@typescript-eslint%2futils cache-miss
809 http fetch GET 200 https://registry.npmjs.org/@typescript-eslint%2futils 843ms (cache miss)
810 silly packumentCache full:https://registry.npmjs.org/@typescript-eslint%2futils set size:undefined disposed:false
811 silly placeDep ROOT @next/eslint-plugin-next@16.1.1 OK for: eslint-config-next@16.1.1 want: 16.1.1
812 silly placeDep ROOT eslint-import-resolver-node@0.3.9 OK for: eslint-config-next@16.1.1 want: ^0.3.6
813 silly placeDep ROOT eslint-import-resolver-typescript@3.10.1 OK for: eslint-config-next@16.1.1 want: ^3.5.2
814 silly placeDep ROOT eslint-plugin-import@2.32.0 OK for: eslint-config-next@16.1.1 want: ^2.32.0
815 silly placeDep ROOT eslint-plugin-jsx-a11y@6.10.2 OK for: eslint-config-next@16.1.1 want: ^6.10.0
816 silly placeDep ROOT eslint-plugin-react@7.37.5 OK for: eslint-config-next@16.1.1 want: ^7.37.0
817 silly placeDep ROOT eslint-plugin-react-hooks@7.0.1 OK for: eslint-config-next@16.1.1 want: ^7.0.0
818 silly placeDep node_modules/eslint-config-next globals@16.4.0 OK for: eslint-config-next@16.1.1 want: 16.4.0
819 silly placeDep ROOT typescript-eslint@8.52.0 OK for: eslint-config-next@16.1.1 want: ^8.46.0
820 silly fetch manifest fast-glob@3.3.1
821 silly packumentCache full:https://registry.npmjs.org/fast-glob cache-miss
822 silly fetch manifest debug@^3.2.7
823 silly packumentCache full:https://registry.npmjs.org/debug cache-hit
824 silly fetch manifest is-core-module@^2.13.0
825 silly packumentCache full:https://registry.npmjs.org/is-core-module cache-miss
826 silly fetch manifest resolve@^1.22.4
827 silly packumentCache full:https://registry.npmjs.org/resolve cache-miss
828 silly fetch manifest tinyglobby@^0.2.13
829 silly packumentCache full:https://registry.npmjs.org/tinyglobby cache-miss
830 silly fetch manifest stable-hash@^0.0.5
831 silly packumentCache full:https://registry.npmjs.org/stable-hash cache-miss
832 silly fetch manifest get-tsconfig@^4.10.0
833 silly packumentCache full:https://registry.npmjs.org/get-tsconfig cache-miss
834 silly fetch manifest is-bun-module@^2.0.0
835 silly packumentCache full:https://registry.npmjs.org/is-bun-module cache-miss
836 silly fetch manifest unrs-resolver@^1.6.2
837 silly packumentCache full:https://registry.npmjs.org/unrs-resolver cache-miss
838 silly fetch manifest @nolyfill/is-core-module@1.0.39
839 silly packumentCache full:https://registry.npmjs.org/@nolyfill%2fis-core-module cache-miss
840 http fetch GET 200 https://registry.npmjs.org/resolve 47ms (cache miss)
841 silly packumentCache full:https://registry.npmjs.org/resolve set size:undefined disposed:false
842 silly fetch manifest @rtsao/scc@^1.1.0
843 silly packumentCache full:https://registry.npmjs.org/@rtsao%2fscc cache-miss
844 http fetch GET 200 https://registry.npmjs.org/tinyglobby 53ms (cache miss)
845 silly packumentCache full:https://registry.npmjs.org/tinyglobby set size:undefined disposed:false
846 silly fetch manifest array-includes@^3.1.9
847 silly packumentCache full:https://registry.npmjs.org/array-includes cache-miss
848 http fetch GET 200 https://registry.npmjs.org/unrs-resolver 56ms (cache miss)
849 silly packumentCache full:https://registry.npmjs.org/unrs-resolver set size:undefined disposed:false
850 silly fetch manifest array.prototype.findlastindex@^1.2.6
851 silly packumentCache full:https://registry.npmjs.org/array.prototype.findlastindex cache-miss
852 http fetch GET 200 https://registry.npmjs.org/is-core-module 60ms (cache miss)
853 silly packumentCache full:https://registry.npmjs.org/is-core-module set size:undefined disposed:false
854 silly fetch manifest array.prototype.flat@^1.3.3
855 silly packumentCache full:https://registry.npmjs.org/array.prototype.flat cache-miss
856 http fetch GET 200 https://registry.npmjs.org/@nolyfill%2fis-core-module 61ms (cache miss)
857 silly packumentCache full:https://registry.npmjs.org/@nolyfill%2fis-core-module set size:undefined disposed:false
858 silly fetch manifest array.prototype.flatmap@^1.3.3
859 silly packumentCache full:https://registry.npmjs.org/array.prototype.flatmap cache-miss
860 http fetch GET 200 https://registry.npmjs.org/stable-hash 65ms (cache miss)
861 silly packumentCache full:https://registry.npmjs.org/stable-hash set size:undefined disposed:false
862 silly fetch manifest doctrine@^2.1.0
863 silly packumentCache full:https://registry.npmjs.org/doctrine cache-miss
864 http fetch GET 200 https://registry.npmjs.org/is-bun-module 67ms (cache miss)
865 silly packumentCache full:https://registry.npmjs.org/is-bun-module set size:undefined disposed:false
866 silly fetch manifest eslint-module-utils@^2.12.1
867 silly packumentCache full:https://registry.npmjs.org/eslint-module-utils cache-miss
868 http fetch GET 200 https://registry.npmjs.org/get-tsconfig 78ms (cache miss)
869 silly packumentCache full:https://registry.npmjs.org/get-tsconfig set size:undefined disposed:false
870 silly fetch manifest hasown@^2.0.2
871 silly packumentCache full:https://registry.npmjs.org/hasown cache-miss
872 http fetch GET 200 https://registry.npmjs.org/fast-glob 83ms (cache miss)
873 silly packumentCache full:https://registry.npmjs.org/fast-glob set size:undefined disposed:false
874 silly fetch manifest is-core-module@^2.16.1
875 silly packumentCache full:https://registry.npmjs.org/is-core-module cache-miss
876 http cache https://registry.npmjs.org/is-core-module 1ms (cache hit)
877 silly packumentCache full:https://registry.npmjs.org/is-core-module set size:71788 disposed:false
878 silly fetch manifest object.fromentries@^2.0.8
879 silly packumentCache full:https://registry.npmjs.org/object.fromentries cache-miss
880 http fetch GET 200 https://registry.npmjs.org/@rtsao%2fscc 61ms (cache miss)
881 silly packumentCache full:https://registry.npmjs.org/@rtsao%2fscc set size:undefined disposed:false
882 silly fetch manifest object.groupby@^1.0.3
883 silly packumentCache full:https://registry.npmjs.org/object.groupby cache-miss
884 http fetch GET 200 https://registry.npmjs.org/array.prototype.flatmap 46ms (cache miss)
885 silly packumentCache full:https://registry.npmjs.org/array.prototype.flatmap set size:undefined disposed:false
886 silly fetch manifest object.values@^1.2.1
887 silly packumentCache full:https://registry.npmjs.org/object.values cache-miss
888 http fetch GET 200 https://registry.npmjs.org/array-includes 56ms (cache miss)
889 silly packumentCache full:https://registry.npmjs.org/array-includes set size:undefined disposed:false
890 silly fetch manifest semver@^6.3.1
891 silly packumentCache full:https://registry.npmjs.org/semver cache-miss
892 http fetch GET 200 https://registry.npmjs.org/array.prototype.findlastindex 63ms (cache miss)
893 silly packumentCache full:https://registry.npmjs.org/array.prototype.findlastindex set size:undefined disposed:false
894 silly fetch manifest string.prototype.trimend@^1.0.9
895 silly packumentCache full:https://registry.npmjs.org/string.prototype.trimend cache-miss
896 http fetch GET 200 https://registry.npmjs.org/doctrine 86ms (cache miss)
897 silly packumentCache full:https://registry.npmjs.org/doctrine set size:undefined disposed:false
898 silly fetch manifest tsconfig-paths@^3.15.0
899 silly packumentCache full:https://registry.npmjs.org/tsconfig-paths cache-miss
900 http fetch GET 200 https://registry.npmjs.org/object.groupby 48ms (cache miss)
901 silly packumentCache full:https://registry.npmjs.org/object.groupby set size:undefined disposed:false
902 silly fetch manifest aria-query@^5.3.2
903 silly packumentCache full:https://registry.npmjs.org/aria-query cache-miss
904 http fetch GET 200 https://registry.npmjs.org/semver 47ms (cache miss)
905 silly packumentCache full:https://registry.npmjs.org/semver set size:undefined disposed:false
906 silly fetch manifest array-includes@^3.1.8
907 silly packumentCache full:https://registry.npmjs.org/array-includes cache-miss
908 http cache https://registry.npmjs.org/array-includes 1ms (cache hit)
909 silly packumentCache full:https://registry.npmjs.org/array-includes set size:77143 disposed:false
910 silly fetch manifest array.prototype.flatmap@^1.3.2
911 silly packumentCache full:https://registry.npmjs.org/array.prototype.flatmap cache-miss
912 http cache https://registry.npmjs.org/array.prototype.flatmap 1ms (cache hit)
913 silly packumentCache full:https://registry.npmjs.org/array.prototype.flatmap set size:51458 disposed:false
914 silly fetch manifest ast-types-flow@^0.0.8
915 silly packumentCache full:https://registry.npmjs.org/ast-types-flow cache-miss
916 http fetch GET 200 https://registry.npmjs.org/object.fromentries 80ms (cache miss)
917 silly packumentCache full:https://registry.npmjs.org/object.fromentries set size:undefined disposed:false
918 silly fetch manifest axe-core@^4.10.0
919 silly packumentCache full:https://registry.npmjs.org/axe-core cache-miss
920 http fetch GET 200 https://registry.npmjs.org/array.prototype.flat 108ms (cache miss)
921 silly packumentCache full:https://registry.npmjs.org/array.prototype.flat set size:undefined disposed:false
922 silly fetch manifest axobject-query@^4.1.0
923 silly packumentCache full:https://registry.npmjs.org/axobject-query cache-miss
924 http fetch GET 200 https://registry.npmjs.org/string.prototype.trimend 56ms (cache miss)
925 silly packumentCache full:https://registry.npmjs.org/string.prototype.trimend set size:undefined disposed:false
926 silly fetch manifest damerau-levenshtein@^1.0.8
927 silly packumentCache full:https://registry.npmjs.org/damerau-levenshtein cache-miss
928 http fetch GET 200 https://registry.npmjs.org/object.values 81ms (cache miss)
929 silly packumentCache full:https://registry.npmjs.org/object.values set size:undefined disposed:false
930 silly fetch manifest emoji-regex@^9.2.2
931 silly packumentCache full:https://registry.npmjs.org/emoji-regex cache-miss
932 http fetch GET 200 https://registry.npmjs.org/eslint-module-utils 132ms (cache miss)
933 silly packumentCache full:https://registry.npmjs.org/eslint-module-utils set size:undefined disposed:false
934 silly fetch manifest hasown@^2.0.2
935 silly packumentCache full:https://registry.npmjs.org/hasown cache-miss
936 http fetch GET 200 https://registry.npmjs.org/aria-query 47ms (cache miss)
937 silly packumentCache full:https://registry.npmjs.org/aria-query set size:undefined disposed:false
938 silly fetch manifest jsx-ast-utils@^3.3.5
939 silly packumentCache full:https://registry.npmjs.org/jsx-ast-utils cache-miss
940 http fetch GET 200 https://registry.npmjs.org/ast-types-flow 67ms (cache miss)
941 silly packumentCache full:https://registry.npmjs.org/ast-types-flow set size:undefined disposed:false
942 silly fetch manifest language-tags@^1.0.9
943 silly packumentCache full:https://registry.npmjs.org/language-tags cache-miss
944 http fetch GET 200 https://registry.npmjs.org/jsx-ast-utils 42ms (cache miss)
945 silly packumentCache full:https://registry.npmjs.org/jsx-ast-utils set size:undefined disposed:false
946 silly fetch manifest safe-regex-test@^1.0.3
947 silly packumentCache full:https://registry.npmjs.org/safe-regex-test cache-miss
948 http fetch GET 200 https://registry.npmjs.org/axobject-query 80ms (cache miss)
949 silly packumentCache full:https://registry.npmjs.org/axobject-query set size:undefined disposed:false
950 silly fetch manifest string.prototype.includes@^2.0.1
951 silly packumentCache full:https://registry.npmjs.org/string.prototype.includes cache-miss
952 http fetch GET 200 https://registry.npmjs.org/emoji-regex 63ms (cache miss)
953 silly packumentCache full:https://registry.npmjs.org/emoji-regex set size:undefined disposed:false
954 silly fetch manifest array.prototype.findlast@^1.2.5
955 silly packumentCache full:https://registry.npmjs.org/array.prototype.findlast cache-miss
956 http fetch GET 200 https://registry.npmjs.org/safe-regex-test 41ms (cache miss)
957 silly packumentCache full:https://registry.npmjs.org/safe-regex-test set size:undefined disposed:false
958 silly fetch manifest array.prototype.tosorted@^1.1.4
959 silly packumentCache full:https://registry.npmjs.org/array.prototype.tosorted cache-miss
960 http fetch GET 200 https://registry.npmjs.org/language-tags 76ms (cache miss)
961 silly packumentCache full:https://registry.npmjs.org/language-tags set size:undefined disposed:false
962 silly fetch manifest es-iterator-helpers@^1.2.1
963 silly packumentCache full:https://registry.npmjs.org/es-iterator-helpers cache-miss
964 http fetch GET 200 https://registry.npmjs.org/array.prototype.findlast 55ms (cache miss)
965 silly packumentCache full:https://registry.npmjs.org/array.prototype.findlast set size:undefined disposed:false
966 silly fetch manifest estraverse@^5.3.0
967 silly packumentCache full:https://registry.npmjs.org/estraverse cache-miss
968 http cache https://registry.npmjs.org/estraverse 1ms (cache hit)
969 silly packumentCache full:https://registry.npmjs.org/estraverse set size:62412 disposed:false
970 silly fetch manifest hasown@^2.0.2
971 silly packumentCache full:https://registry.npmjs.org/hasown cache-miss
972 http fetch GET 200 https://registry.npmjs.org/tsconfig-paths 165ms (cache miss)
973 silly packumentCache full:https://registry.npmjs.org/tsconfig-paths set size:undefined disposed:false
974 silly fetch manifest jsx-ast-utils@^2.4.1 || ^3.0.0
975 silly packumentCache full:https://registry.npmjs.org/jsx-ast-utils cache-miss
976 http cache https://registry.npmjs.org/jsx-ast-utils 1ms (cache hit)
977 silly packumentCache full:https://registry.npmjs.org/jsx-ast-utils set size:115998 disposed:false
978 silly fetch manifest object.entries@^1.1.9
979 silly packumentCache full:https://registry.npmjs.org/object.entries cache-miss
980 http fetch GET 200 https://registry.npmjs.org/array.prototype.tosorted 44ms (cache miss)
981 silly packumentCache full:https://registry.npmjs.org/array.prototype.tosorted set size:undefined disposed:false
982 silly fetch manifest prop-types@^15.8.1
983 silly packumentCache full:https://registry.npmjs.org/prop-types cache-miss
984 http fetch GET 200 https://registry.npmjs.org/string.prototype.includes 90ms (cache miss)
985 silly packumentCache full:https://registry.npmjs.org/string.prototype.includes set size:undefined disposed:false
986 silly fetch manifest resolve@^2.0.0-next.5
987 silly packumentCache full:https://registry.npmjs.org/resolve cache-miss
988 http cache https://registry.npmjs.org/resolve 0ms (cache hit)
989 silly packumentCache full:https://registry.npmjs.org/resolve set size:246681 disposed:false
990 silly fetch manifest string.prototype.matchall@^4.0.12
991 silly packumentCache full:https://registry.npmjs.org/string.prototype.matchall cache-miss
992 http fetch GET 200 https://registry.npmjs.org/es-iterator-helpers 57ms (cache miss)
993 silly packumentCache full:https://registry.npmjs.org/es-iterator-helpers set size:undefined disposed:false
994 silly fetch manifest string.prototype.repeat@^1.0.0
995 silly packumentCache full:https://registry.npmjs.org/string.prototype.repeat cache-miss
996 http fetch GET 200 https://registry.npmjs.org/prop-types 41ms (cache miss)
997 silly packumentCache full:https://registry.npmjs.org/prop-types set size:undefined disposed:false
998 silly fetch manifest zod@^3.25.0 || ^4.0.0
999 silly packumentCache full:https://registry.npmjs.org/zod cache-miss
1000 http fetch GET 200 https://registry.npmjs.org/hasown 318ms (cache miss)
1001 silly packumentCache full:https://registry.npmjs.org/hasown set size:undefined disposed:false
1002 silly fetch manifest @babel/core@^7.24.4
1003 silly packumentCache full:https://registry.npmjs.org/@babel%2fcore cache-miss
1004 http fetch GET 200 https://registry.npmjs.org/object.entries 81ms (cache miss)
1005 silly packumentCache full:https://registry.npmjs.org/object.entries set size:undefined disposed:false
1006 silly fetch manifest @babel/parser@^7.24.4
1007 silly packumentCache full:https://registry.npmjs.org/@babel%2fparser cache-miss
1008 http fetch GET 200 https://registry.npmjs.org/string.prototype.repeat 45ms (cache miss)
1009 silly packumentCache full:https://registry.npmjs.org/string.prototype.repeat set size:undefined disposed:false
1010 silly fetch manifest hermes-parser@^0.25.1
1011 silly packumentCache full:https://registry.npmjs.org/hermes-parser cache-miss
1012 http fetch GET 200 https://registry.npmjs.org/string.prototype.matchall 70ms (cache miss)
1013 silly packumentCache full:https://registry.npmjs.org/string.prototype.matchall set size:undefined disposed:false
1014 silly fetch manifest zod-validation-error@^3.5.0 || ^4.0.0
1015 silly packumentCache full:https://registry.npmjs.org/zod-validation-error cache-miss
1016 http fetch GET 200 https://registry.npmjs.org/zod 65ms (cache miss)
1017 silly packumentCache full:https://registry.npmjs.org/zod set size:undefined disposed:false
1018 silly fetch manifest @typescript-eslint/utils@8.52.0
1019 silly packumentCache full:https://registry.npmjs.org/@typescript-eslint%2futils cache-miss
1020 http cache https://registry.npmjs.org/@typescript-eslint%2futils 13ms (cache hit)
1021 silly packumentCache full:https://registry.npmjs.org/@typescript-eslint%2futils set size:9594825 disposed:false
1022 silly fetch manifest @typescript-eslint/parser@8.52.0
1023 silly packumentCache full:https://registry.npmjs.org/@typescript-eslint%2fparser cache-miss
1024 http fetch GET 200 https://registry.npmjs.org/hermes-parser 77ms (cache miss)
1025 silly packumentCache full:https://registry.npmjs.org/hermes-parser set size:undefined disposed:false
1026 silly fetch manifest @typescript-eslint/eslint-plugin@8.52.0
1027 silly packumentCache full:https://registry.npmjs.org/@typescript-eslint%2feslint-plugin cache-miss
1028 http fetch GET 200 https://registry.npmjs.org/zod-validation-error 77ms (cache miss)
1029 silly packumentCache full:https://registry.npmjs.org/zod-validation-error set size:undefined disposed:false
1030 silly fetch manifest @typescript-eslint/typescript-estree@8.52.0
1031 silly packumentCache full:https://registry.npmjs.org/@typescript-eslint%2ftypescript-estree cache-miss
1032 http fetch GET 200 https://registry.npmjs.org/damerau-levenshtein 342ms (cache miss)
1033 silly packumentCache full:https://registry.npmjs.org/damerau-levenshtein set size:undefined disposed:false
1034 http fetch GET 200 https://registry.npmjs.org/hasown 343ms (cache miss)
1035 silly packumentCache full:https://registry.npmjs.org/hasown set size:undefined disposed:false
1036 http fetch GET 200 https://registry.npmjs.org/hasown 795ms (cache miss)
1037 silly packumentCache full:https://registry.npmjs.org/hasown set size:undefined disposed:false
1038 http fetch GET 200 https://registry.npmjs.org/@babel%2fcore 721ms (cache miss)
1039 silly packumentCache full:https://registry.npmjs.org/@babel%2fcore set size:undefined disposed:false
1040 http fetch GET 200 https://registry.npmjs.org/@typescript-eslint%2fparser 1114ms (cache miss)
1041 silly packumentCache full:https://registry.npmjs.org/@typescript-eslint%2fparser set size:undefined disposed:false
1042 http fetch GET 200 https://registry.npmjs.org/@babel%2fparser 1243ms (cache miss)
1043 silly packumentCache full:https://registry.npmjs.org/@babel%2fparser set size:undefined disposed:false
1044 http fetch GET 200 https://registry.npmjs.org/axe-core 1477ms (cache miss)
1045 silly packumentCache full:https://registry.npmjs.org/axe-core set size:undefined disposed:false
1046 http fetch GET 200 https://registry.npmjs.org/@typescript-eslint%2feslint-plugin 2327ms (cache miss)
1047 silly packumentCache full:https://registry.npmjs.org/@typescript-eslint%2feslint-plugin set size:undefined disposed:false
1048 http fetch GET 200 https://registry.npmjs.org/@typescript-eslint%2ftypescript-estree 2780ms (cache miss)
1049 silly packumentCache full:https://registry.npmjs.org/@typescript-eslint%2ftypescript-estree set size:undefined disposed:false
1050 silly placeDep ROOT fast-glob@3.3.1 OK for: @next/eslint-plugin-next@16.1.1 want: 3.3.1
1051 silly fetch manifest merge2@^1.3.0
1052 silly packumentCache full:https://registry.npmjs.org/merge2 cache-miss
1053 silly fetch manifest micromatch@^4.0.4
1054 silly packumentCache full:https://registry.npmjs.org/micromatch cache-miss
1055 silly fetch manifest glob-parent@^5.1.2
1056 silly packumentCache full:https://registry.npmjs.org/glob-parent cache-miss
1057 silly fetch manifest @nodelib/fs.stat@^2.0.2
1058 silly packumentCache full:https://registry.npmjs.org/@nodelib%2ffs.stat cache-miss
1059 silly fetch manifest @nodelib/fs.walk@^1.2.3
1060 silly packumentCache full:https://registry.npmjs.org/@nodelib%2ffs.walk cache-miss
1061 http cache https://registry.npmjs.org/glob-parent 3ms (cache hit)
1062 silly packumentCache full:https://registry.npmjs.org/glob-parent set size:42445 disposed:false
1063 http fetch GET 200 https://registry.npmjs.org/@nodelib%2ffs.stat 54ms (cache miss)
1064 silly packumentCache full:https://registry.npmjs.org/@nodelib%2ffs.stat set size:undefined disposed:false
1065 http fetch GET 200 https://registry.npmjs.org/@nodelib%2ffs.walk 81ms (cache miss)
1066 silly packumentCache full:https://registry.npmjs.org/@nodelib%2ffs.walk set size:undefined disposed:false
1067 http fetch GET 200 https://registry.npmjs.org/micromatch 231ms (cache miss)
1068 silly packumentCache full:https://registry.npmjs.org/micromatch set size:undefined disposed:false
1069 http fetch GET 200 https://registry.npmjs.org/merge2 1291ms (cache miss)
1070 silly packumentCache full:https://registry.npmjs.org/merge2 set size:undefined disposed:false
1071 silly placeDep node_modules/eslint-import-resolver-node debug@3.2.7 OK for: eslint-import-resolver-node@0.3.9 want: ^3.2.7
1072 silly placeDep ROOT is-core-module@2.16.1 OK for: eslint-import-resolver-node@0.3.9 want: ^2.13.0
1073 silly placeDep ROOT resolve@1.22.11 OK for: eslint-import-resolver-node@0.3.9 want: ^1.22.4
1074 silly fetch manifest path-parse@^1.0.7
1075 silly packumentCache full:https://registry.npmjs.org/path-parse cache-miss
1076 silly fetch manifest supports-preserve-symlinks-flag@^1.0.0
1077 silly packumentCache full:https://registry.npmjs.org/supports-preserve-symlinks-flag cache-miss
1078 http fetch GET 200 https://registry.npmjs.org/path-parse 43ms (cache miss)
1079 silly packumentCache full:https://registry.npmjs.org/path-parse set size:undefined disposed:false
1080 http fetch GET 200 https://registry.npmjs.org/supports-preserve-symlinks-flag 51ms (cache miss)
1081 silly packumentCache full:https://registry.npmjs.org/supports-preserve-symlinks-flag set size:undefined disposed:false
1082 silly placeDep ROOT @nolyfill/is-core-module@1.0.39 OK for: eslint-import-resolver-typescript@3.10.1 want: 1.0.39
1083 silly placeDep ROOT get-tsconfig@4.13.0 OK for: eslint-import-resolver-typescript@3.10.1 want: ^4.10.0
1084 silly placeDep ROOT is-bun-module@2.0.0 OK for: eslint-import-resolver-typescript@3.10.1 want: ^2.0.0
1085 silly placeDep ROOT stable-hash@0.0.5 OK for: eslint-import-resolver-typescript@3.10.1 want: ^0.0.5
1086 silly placeDep ROOT tinyglobby@0.2.15 OK for: eslint-import-resolver-typescript@3.10.1 want: ^0.2.13
1087 silly placeDep ROOT unrs-resolver@1.11.1 OK for: eslint-import-resolver-typescript@3.10.1 want: ^1.6.2
1088 silly fetch manifest resolve-pkg-maps@^1.0.0
1089 silly packumentCache full:https://registry.npmjs.org/resolve-pkg-maps cache-miss
1090 silly fetch manifest semver@^7.7.1
1091 silly packumentCache full:https://registry.npmjs.org/semver cache-miss
1092 silly fetch manifest fdir@^6.5.0
1093 silly packumentCache full:https://registry.npmjs.org/fdir cache-miss
1094 silly fetch manifest picomatch@^4.0.3
1095 silly packumentCache full:https://registry.npmjs.org/picomatch cache-miss
1096 silly fetch manifest napi-postinstall@^0.3.0
1097 silly packumentCache full:https://registry.npmjs.org/napi-postinstall cache-miss
1098 silly fetch manifest @unrs/resolver-binding-win32-x64-msvc@1.11.1
1099 silly packumentCache full:https://registry.npmjs.org/@unrs%2fresolver-binding-win32-x64-msvc cache-miss
1100 silly fetch manifest @unrs/resolver-binding-win32-arm64-msvc@1.11.1
1101 silly packumentCache full:https://registry.npmjs.org/@unrs%2fresolver-binding-win32-arm64-msvc cache-miss
1102 silly fetch manifest @unrs/resolver-binding-win32-ia32-msvc@1.11.1
1103 silly packumentCache full:https://registry.npmjs.org/@unrs%2fresolver-binding-win32-ia32-msvc cache-miss
1104 silly fetch manifest @unrs/resolver-binding-linux-x64-gnu@1.11.1
1105 silly packumentCache full:https://registry.npmjs.org/@unrs%2fresolver-binding-linux-x64-gnu cache-miss
1106 http cache https://registry.npmjs.org/semver 4ms (cache hit)
1107 silly packumentCache full:https://registry.npmjs.org/semver set size:226907 disposed:false
1108 silly fetch manifest @unrs/resolver-binding-linux-x64-musl@1.11.1
1109 silly packumentCache full:https://registry.npmjs.org/@unrs%2fresolver-binding-linux-x64-musl cache-miss
1110 http fetch GET 200 https://registry.npmjs.org/resolve-pkg-maps 47ms (cache miss)
1111 silly packumentCache full:https://registry.npmjs.org/resolve-pkg-maps set size:undefined disposed:false
1112 silly fetch manifest @unrs/resolver-binding-freebsd-x64@1.11.1
1113 silly packumentCache full:https://registry.npmjs.org/@unrs%2fresolver-binding-freebsd-x64 cache-miss
1114 http fetch GET 200 https://registry.npmjs.org/napi-postinstall 47ms (cache miss)
1115 silly packumentCache full:https://registry.npmjs.org/napi-postinstall set size:undefined disposed:false
1116 silly fetch manifest @unrs/resolver-binding-android-arm64@1.11.1
1117 silly packumentCache full:https://registry.npmjs.org/@unrs%2fresolver-binding-android-arm64 cache-miss
1118 http fetch GET 200 https://registry.npmjs.org/picomatch 54ms (cache miss)
1119 silly packumentCache full:https://registry.npmjs.org/picomatch set size:undefined disposed:false
1120 silly fetch manifest @unrs/resolver-binding-linux-arm64-gnu@1.11.1
1121 silly packumentCache full:https://registry.npmjs.org/@unrs%2fresolver-binding-linux-arm64-gnu cache-miss
1122 http fetch GET 200 https://registry.npmjs.org/@unrs%2fresolver-binding-linux-x64-gnu 59ms (cache miss)
1123 silly packumentCache full:https://registry.npmjs.org/@unrs%2fresolver-binding-linux-x64-gnu set size:undefined disposed:false
1124 silly fetch manifest @unrs/resolver-binding-linux-arm64-musl@1.11.1
1125 silly packumentCache full:https://registry.npmjs.org/@unrs%2fresolver-binding-linux-arm64-musl cache-miss
1126 http fetch GET 200 https://registry.npmjs.org/@unrs%2fresolver-binding-win32-x64-msvc 98ms (cache miss)
1127 silly packumentCache full:https://registry.npmjs.org/@unrs%2fresolver-binding-win32-x64-msvc set size:undefined disposed:false
1128 silly fetch manifest @unrs/resolver-binding-android-arm-eabi@1.11.1
1129 silly packumentCache full:https://registry.npmjs.org/@unrs%2fresolver-binding-android-arm-eabi cache-miss
1130 http fetch GET 200 https://registry.npmjs.org/@unrs%2fresolver-binding-linux-x64-musl 94ms (cache miss)
1131 silly packumentCache full:https://registry.npmjs.org/@unrs%2fresolver-binding-linux-x64-musl set size:undefined disposed:false
1132 silly fetch manifest @unrs/resolver-binding-linux-arm-gnueabihf@1.11.1
1133 silly packumentCache full:https://registry.npmjs.org/@unrs%2fresolver-binding-linux-arm-gnueabihf cache-miss
1134 http fetch GET 200 https://registry.npmjs.org/@unrs%2fresolver-binding-android-arm64 54ms (cache miss)
1135 silly packumentCache full:https://registry.npmjs.org/@unrs%2fresolver-binding-android-arm64 set size:undefined disposed:false
1136 silly fetch manifest @unrs/resolver-binding-linux-arm-musleabihf@1.11.1
1137 silly packumentCache full:https://registry.npmjs.org/@unrs%2fresolver-binding-linux-arm-musleabihf cache-miss
1138 http fetch GET 200 https://registry.npmjs.org/@unrs%2fresolver-binding-freebsd-x64 66ms (cache miss)
1139 silly packumentCache full:https://registry.npmjs.org/@unrs%2fresolver-binding-freebsd-x64 set size:undefined disposed:false
1140 silly fetch manifest @unrs/resolver-binding-linux-ppc64-gnu@1.11.1
1141 silly packumentCache full:https://registry.npmjs.org/@unrs%2fresolver-binding-linux-ppc64-gnu cache-miss
1142 http fetch GET 200 https://registry.npmjs.org/@unrs%2fresolver-binding-win32-arm64-msvc 119ms (cache miss)
1143 silly packumentCache full:https://registry.npmjs.org/@unrs%2fresolver-binding-win32-arm64-msvc set size:undefined disposed:false
1144 silly fetch manifest @unrs/resolver-binding-linux-riscv64-gnu@1.11.1
1145 silly packumentCache full:https://registry.npmjs.org/@unrs%2fresolver-binding-linux-riscv64-gnu cache-miss
1146 http fetch GET 200 https://registry.npmjs.org/@unrs%2fresolver-binding-linux-arm64-musl 59ms (cache miss)
1147 silly packumentCache full:https://registry.npmjs.org/@unrs%2fresolver-binding-linux-arm64-musl set size:undefined disposed:false
1148 silly fetch manifest @unrs/resolver-binding-linux-riscv64-musl@1.11.1
1149 silly packumentCache full:https://registry.npmjs.org/@unrs%2fresolver-binding-linux-riscv64-musl cache-miss
1150 http fetch GET 200 https://registry.npmjs.org/@unrs%2fresolver-binding-linux-ppc64-gnu 62ms (cache miss)
1151 silly packumentCache full:https://registry.npmjs.org/@unrs%2fresolver-binding-linux-ppc64-gnu set size:undefined disposed:false
1152 silly fetch manifest @unrs/resolver-binding-linux-s390x-gnu@1.11.1
1153 silly packumentCache full:https://registry.npmjs.org/@unrs%2fresolver-binding-linux-s390x-gnu cache-miss
1154 http fetch GET 200 https://registry.npmjs.org/@unrs%2fresolver-binding-linux-riscv64-gnu 60ms (cache miss)
1155 silly packumentCache full:https://registry.npmjs.org/@unrs%2fresolver-binding-linux-riscv64-gnu set size:undefined disposed:false
1156 silly fetch manifest @unrs/resolver-binding-darwin-x64@1.11.1
1157 silly packumentCache full:https://registry.npmjs.org/@unrs%2fresolver-binding-darwin-x64 cache-miss
1158 http fetch GET 200 https://registry.npmjs.org/@unrs%2fresolver-binding-linux-arm-gnueabihf 97ms (cache miss)
1159 silly packumentCache full:https://registry.npmjs.org/@unrs%2fresolver-binding-linux-arm-gnueabihf set size:undefined disposed:false
1160 silly fetch manifest @unrs/resolver-binding-darwin-arm64@1.11.1
1161 silly packumentCache full:https://registry.npmjs.org/@unrs%2fresolver-binding-darwin-arm64 cache-miss
1162 http fetch GET 200 https://registry.npmjs.org/@unrs%2fresolver-binding-linux-riscv64-musl 82ms (cache miss)
1163 silly packumentCache full:https://registry.npmjs.org/@unrs%2fresolver-binding-linux-riscv64-musl set size:undefined disposed:false
1164 silly fetch manifest @unrs/resolver-binding-wasm32-wasi@1.11.1
1165 silly packumentCache full:https://registry.npmjs.org/@unrs%2fresolver-binding-wasm32-wasi cache-miss
1166 http fetch GET 200 https://registry.npmjs.org/@unrs%2fresolver-binding-linux-s390x-gnu 69ms (cache miss)
1167 silly packumentCache full:https://registry.npmjs.org/@unrs%2fresolver-binding-linux-s390x-gnu set size:undefined disposed:false
1168 http fetch GET 200 https://registry.npmjs.org/@unrs%2fresolver-binding-darwin-x64 64ms (cache miss)
1169 silly packumentCache full:https://registry.npmjs.org/@unrs%2fresolver-binding-darwin-x64 set size:undefined disposed:false
1170 http fetch GET 200 https://registry.npmjs.org/@unrs%2fresolver-binding-darwin-arm64 111ms (cache miss)
1171 silly packumentCache full:https://registry.npmjs.org/@unrs%2fresolver-binding-darwin-arm64 set size:undefined disposed:false
1172 http fetch GET 200 https://registry.npmjs.org/@unrs%2fresolver-binding-wasm32-wasi 114ms (cache miss)
1173 silly packumentCache full:https://registry.npmjs.org/@unrs%2fresolver-binding-wasm32-wasi set size:undefined disposed:false
1174 http fetch GET 200 https://registry.npmjs.org/fdir 336ms (cache miss)
1175 silly packumentCache full:https://registry.npmjs.org/fdir set size:undefined disposed:false
1176 http fetch GET 200 https://registry.npmjs.org/@unrs%2fresolver-binding-android-arm-eabi 249ms (cache miss)
1177 silly packumentCache full:https://registry.npmjs.org/@unrs%2fresolver-binding-android-arm-eabi set size:undefined disposed:false
1178 http fetch GET 200 https://registry.npmjs.org/@unrs%2fresolver-binding-linux-arm-musleabihf 246ms (cache miss)
1179 silly packumentCache full:https://registry.npmjs.org/@unrs%2fresolver-binding-linux-arm-musleabihf set size:undefined disposed:false
1180 http fetch GET 200 https://registry.npmjs.org/@unrs%2fresolver-binding-win32-ia32-msvc 364ms (cache miss)
1181 silly packumentCache full:https://registry.npmjs.org/@unrs%2fresolver-binding-win32-ia32-msvc set size:undefined disposed:false
1182 http fetch GET 200 https://registry.npmjs.org/@unrs%2fresolver-binding-linux-arm64-gnu 331ms (cache miss)
1183 silly packumentCache full:https://registry.npmjs.org/@unrs%2fresolver-binding-linux-arm64-gnu set size:undefined disposed:false
1184 silly placeDep ROOT @rtsao/scc@1.1.0 OK for: eslint-plugin-import@2.32.0 want: ^1.1.0
1185 silly placeDep ROOT array-includes@3.1.9 OK for: eslint-plugin-import@2.32.0 want: ^3.1.9
1186 silly placeDep ROOT array.prototype.findlastindex@1.2.6 OK for: eslint-plugin-import@2.32.0 want: ^1.2.6
1187 silly placeDep ROOT array.prototype.flat@1.3.3 OK for: eslint-plugin-import@2.32.0 want: ^1.3.3
1188 silly placeDep ROOT array.prototype.flatmap@1.3.3 OK for: eslint-plugin-import@2.32.0 want: ^1.3.3
1189 silly placeDep node_modules/eslint-plugin-import debug@3.2.7 OK for: eslint-plugin-import@2.32.0 want: ^3.2.7
1190 silly placeDep ROOT doctrine@2.1.0 OK for: eslint-plugin-import@2.32.0 want: ^2.1.0
1191 silly placeDep ROOT eslint-module-utils@2.12.1 OK for: eslint-plugin-import@2.32.0 want: ^2.12.1
1192 silly placeDep ROOT hasown@2.0.2 OK for: eslint-plugin-import@2.32.0 want: ^2.0.2
1193 silly placeDep ROOT object.fromentries@2.0.8 OK for: eslint-plugin-import@2.32.0 want: ^2.0.8
1194 silly placeDep ROOT object.groupby@1.0.3 OK for: eslint-plugin-import@2.32.0 want: ^1.0.3
1195 silly placeDep ROOT object.values@1.2.1 OK for: eslint-plugin-import@2.32.0 want: ^1.2.1
1196 silly placeDep ROOT semver@6.3.1 OK for: eslint-plugin-import@2.32.0 want: ^6.3.1
1197 silly placeDep ROOT string.prototype.trimend@1.0.9 OK for: eslint-plugin-import@2.32.0 want: ^1.0.9
1198 silly placeDep ROOT tsconfig-paths@3.15.0 OK for: eslint-plugin-import@2.32.0 want: ^3.15.0
1199 silly fetch manifest call-bind@^1.0.8
1200 silly packumentCache full:https://registry.npmjs.org/call-bind cache-miss
1201 silly fetch manifest call-bound@^1.0.4
1202 silly packumentCache full:https://registry.npmjs.org/call-bound cache-miss
1203 silly fetch manifest define-properties@^1.2.1
1204 silly packumentCache full:https://registry.npmjs.org/define-properties cache-miss
1205 silly fetch manifest es-abstract@^1.24.0
1206 silly packumentCache full:https://registry.npmjs.org/es-abstract cache-miss
1207 silly fetch manifest es-object-atoms@^1.1.1
1208 silly packumentCache full:https://registry.npmjs.org/es-object-atoms cache-miss
1209 silly fetch manifest get-intrinsic@^1.3.0
1210 silly packumentCache full:https://registry.npmjs.org/get-intrinsic cache-miss
1211 silly fetch manifest is-string@^1.1.1
1212 silly packumentCache full:https://registry.npmjs.org/is-string cache-miss
1213 silly fetch manifest math-intrinsics@^1.1.0
1214 silly packumentCache full:https://registry.npmjs.org/math-intrinsics cache-miss
1215 silly fetch manifest call-bind@^1.0.8
1216 silly packumentCache full:https://registry.npmjs.org/call-bind cache-miss
1217 http fetch GET 200 https://registry.npmjs.org/call-bind 44ms (cache miss)
1218 silly packumentCache full:https://registry.npmjs.org/call-bind set size:undefined disposed:false
1219 silly fetch manifest call-bound@^1.0.4
1220 silly packumentCache full:https://registry.npmjs.org/call-bound cache-miss
1221 http fetch GET 200 https://registry.npmjs.org/get-intrinsic 50ms (cache miss)
1222 silly packumentCache full:https://registry.npmjs.org/get-intrinsic set size:undefined disposed:false
1223 silly fetch manifest define-properties@^1.2.1
1224 silly packumentCache full:https://registry.npmjs.org/define-properties cache-miss
1225 http fetch GET 200 https://registry.npmjs.org/es-object-atoms 51ms (cache miss)
1226 silly packumentCache full:https://registry.npmjs.org/es-object-atoms set size:undefined disposed:false
1227 silly fetch manifest es-abstract@^1.23.9
1228 silly packumentCache full:https://registry.npmjs.org/es-abstract cache-miss
1229 http fetch GET 200 https://registry.npmjs.org/call-bound 52ms (cache miss)
1230 silly packumentCache full:https://registry.npmjs.org/call-bound set size:undefined disposed:false
1231 silly fetch manifest es-errors@^1.3.0
1232 silly packumentCache full:https://registry.npmjs.org/es-errors cache-miss
1233 http fetch GET 200 https://registry.npmjs.org/call-bind 60ms (cache miss)
1234 silly packumentCache full:https://registry.npmjs.org/call-bind set size:undefined disposed:false
1235 silly fetch manifest es-shim-unscopables@^1.1.0
1236 silly packumentCache full:https://registry.npmjs.org/es-shim-unscopables cache-miss
1237 http fetch GET 200 https://registry.npmjs.org/is-string 61ms (cache miss)
1238 silly packumentCache full:https://registry.npmjs.org/is-string set size:undefined disposed:false
1239 silly fetch manifest define-properties@^1.2.1
1240 silly packumentCache full:https://registry.npmjs.org/define-properties cache-miss
1241 http fetch GET 200 https://registry.npmjs.org/define-properties 66ms (cache miss)
1242 silly packumentCache full:https://registry.npmjs.org/define-properties set size:undefined disposed:false
1243 silly fetch manifest es-abstract@^1.23.5
1244 silly packumentCache full:https://registry.npmjs.org/es-abstract cache-miss
1245 http fetch GET 200 https://registry.npmjs.org/math-intrinsics 73ms (cache miss)
1246 silly packumentCache full:https://registry.npmjs.org/math-intrinsics set size:undefined disposed:false
1247 silly fetch manifest es-shim-unscopables@^1.0.2
1248 silly packumentCache full:https://registry.npmjs.org/es-shim-unscopables cache-miss
1249 http fetch GET 200 https://registry.npmjs.org/call-bound 40ms (cache miss)
1250 silly packumentCache full:https://registry.npmjs.org/call-bound set size:undefined disposed:false
1251 silly fetch manifest es-abstract@^1.23.5
1252 silly packumentCache full:https://registry.npmjs.org/es-abstract cache-miss
1253 http fetch GET 200 https://registry.npmjs.org/define-properties 41ms (cache miss)
1254 silly packumentCache full:https://registry.npmjs.org/define-properties set size:undefined disposed:false
1255 silly fetch manifest es-shim-unscopables@^1.0.2
1256 silly packumentCache full:https://registry.npmjs.org/es-shim-unscopables cache-miss
1257 http fetch GET 200 https://registry.npmjs.org/es-errors 45ms (cache miss)
1258 silly packumentCache full:https://registry.npmjs.org/es-errors set size:undefined disposed:false
1259 silly fetch manifest function-bind@^1.1.2
1260 silly packumentCache full:https://registry.npmjs.org/function-bind cache-miss
1261 http fetch GET 200 https://registry.npmjs.org/es-shim-unscopables 51ms (cache miss)
1262 silly packumentCache full:https://registry.npmjs.org/es-shim-unscopables set size:undefined disposed:false
1263 silly fetch manifest call-bind@^1.0.7
1264 silly packumentCache full:https://registry.npmjs.org/call-bind cache-miss
1265 http cache https://registry.npmjs.org/call-bind 1ms (cache hit)
1266 silly packumentCache full:https://registry.npmjs.org/call-bind set size:30096 disposed:false
1267 silly fetch manifest es-abstract@^1.23.2
1268 silly packumentCache full:https://registry.npmjs.org/es-abstract cache-miss
1269 http fetch GET 200 https://registry.npmjs.org/es-abstract 74ms (cache miss)
1270 silly packumentCache full:https://registry.npmjs.org/es-abstract set size:undefined disposed:false
1271 silly fetch manifest es-object-atoms@^1.0.0
1272 silly packumentCache full:https://registry.npmjs.org/es-object-atoms cache-miss
1273 http cache https://registry.npmjs.org/es-object-atoms 1ms (cache hit)
1274 silly packumentCache full:https://registry.npmjs.org/es-object-atoms set size:15304 disposed:false
1275 silly fetch manifest es-abstract@^1.23.2
1276 silly packumentCache full:https://registry.npmjs.org/es-abstract cache-miss
1277 http cache https://registry.npmjs.org/es-abstract 1ms (cache hit)
1278 silly packumentCache full:https://registry.npmjs.org/es-abstract set size:378584 disposed:false
1279 silly fetch manifest call-bound@^1.0.3
1280 silly packumentCache full:https://registry.npmjs.org/call-bound cache-miss
1281 http cache https://registry.npmjs.org/call-bound 0ms (cache hit)
1282 silly packumentCache full:https://registry.npmjs.org/call-bound set size:15317 disposed:false
1283 silly fetch manifest call-bound@^1.0.2
1284 silly packumentCache full:https://registry.npmjs.org/call-bound cache-hit
1285 silly fetch manifest json5@^1.0.2
1286 silly packumentCache full:https://registry.npmjs.org/json5 cache-miss
1287 http fetch GET 200 https://registry.npmjs.org/define-properties 70ms (cache miss)
1288 silly packumentCache full:https://registry.npmjs.org/define-properties set size:undefined disposed:false
1289 silly fetch manifest minimist@^1.2.6
1290 silly packumentCache full:https://registry.npmjs.org/minimist cache-miss
1291 http fetch GET 200 https://registry.npmjs.org/es-shim-unscopables 44ms (cache miss)
1292 silly packumentCache full:https://registry.npmjs.org/es-shim-unscopables set size:undefined disposed:false
1293 silly fetch manifest strip-bom@^3.0.0
1294 silly packumentCache full:https://registry.npmjs.org/strip-bom cache-miss
1295 http fetch GET 200 https://registry.npmjs.org/function-bind 42ms (cache miss)
1296 silly packumentCache full:https://registry.npmjs.org/function-bind set size:undefined disposed:false
1297 silly fetch manifest @types/json5@^0.0.29
1298 silly packumentCache full:https://registry.npmjs.org/@types%2fjson5 cache-miss
1299 http fetch GET 200 https://registry.npmjs.org/es-shim-unscopables 78ms (cache miss)
1300 silly packumentCache full:https://registry.npmjs.org/es-shim-unscopables set size:undefined disposed:false
1301 http fetch GET 200 https://registry.npmjs.org/es-abstract 68ms (cache miss)
1302 silly packumentCache full:https://registry.npmjs.org/es-abstract set size:undefined disposed:false
1303 silly packumentCache full:https://registry.npmjs.org/es-abstract dispose
1304 http fetch GET 200 https://registry.npmjs.org/es-abstract 56ms (cache miss)
1305 silly packumentCache full:https://registry.npmjs.org/es-abstract set size:undefined disposed:true
1306 http fetch GET 200 https://registry.npmjs.org/strip-bom 39ms (cache miss)
1307 silly packumentCache full:https://registry.npmjs.org/strip-bom set size:undefined disposed:false
1308 http fetch GET 200 https://registry.npmjs.org/json5 57ms (cache miss)
1309 silly packumentCache full:https://registry.npmjs.org/json5 set size:undefined disposed:false
1310 http fetch GET 200 https://registry.npmjs.org/@types%2fjson5 51ms (cache miss)
1311 silly packumentCache full:https://registry.npmjs.org/@types%2fjson5 set size:undefined disposed:false
1312 http fetch GET 200 https://registry.npmjs.org/minimist 81ms (cache miss)
1313 silly packumentCache full:https://registry.npmjs.org/minimist set size:undefined disposed:false
1314 http fetch GET 200 https://registry.npmjs.org/es-abstract 198ms (cache miss)
1315 silly packumentCache full:https://registry.npmjs.org/es-abstract set size:undefined disposed:false
1316 http fetch GET 200 https://registry.npmjs.org/es-abstract 309ms (cache miss)
1317 silly packumentCache full:https://registry.npmjs.org/es-abstract set size:undefined disposed:false
1318 silly placeDep ROOT call-bind@1.0.8 OK for: array-includes@3.1.9 want: ^1.0.8
1319 silly placeDep ROOT call-bound@1.0.4 OK for: array-includes@3.1.9 want: ^1.0.4
1320 silly placeDep ROOT define-properties@1.2.1 OK for: array-includes@3.1.9 want: ^1.2.1
1321 silly placeDep ROOT es-abstract@1.24.1 OK for: array-includes@3.1.9 want: ^1.24.0
1322 silly placeDep ROOT es-object-atoms@1.1.1 OK for: array-includes@3.1.9 want: ^1.1.1
1323 silly placeDep ROOT get-intrinsic@1.3.0 OK for: array-includes@3.1.9 want: ^1.3.0
1324 silly placeDep ROOT is-string@1.1.1 OK for: array-includes@3.1.9 want: ^1.1.1
1325 silly placeDep ROOT math-intrinsics@1.1.0 OK for: array-includes@3.1.9 want: ^1.1.0
1326 silly fetch manifest call-bind-apply-helpers@^1.0.0
1327 silly packumentCache full:https://registry.npmjs.org/call-bind-apply-helpers cache-miss
1328 silly fetch manifest es-define-property@^1.0.0
1329 silly packumentCache full:https://registry.npmjs.org/es-define-property cache-miss
1330 silly fetch manifest get-intrinsic@^1.2.4
1331 silly packumentCache full:https://registry.npmjs.org/get-intrinsic cache-miss
1332 silly fetch manifest set-function-length@^1.2.2
1333 silly packumentCache full:https://registry.npmjs.org/set-function-length cache-miss
1334 silly fetch manifest call-bind-apply-helpers@^1.0.2
1335 silly packumentCache full:https://registry.npmjs.org/call-bind-apply-helpers cache-miss
1336 silly fetch manifest define-data-property@^1.0.1
1337 silly packumentCache full:https://registry.npmjs.org/define-data-property cache-miss
1338 silly fetch manifest has-property-descriptors@^1.0.0
1339 silly packumentCache full:https://registry.npmjs.org/has-property-descriptors cache-miss
1340 silly fetch manifest object-keys@^1.1.1
1341 silly packumentCache full:https://registry.npmjs.org/object-keys cache-miss
1342 silly fetch manifest array-buffer-byte-length@^1.0.2
1343 silly packumentCache full:https://registry.npmjs.org/array-buffer-byte-length cache-miss
1344 http cache https://registry.npmjs.org/get-intrinsic 4ms (cache hit)
1345 silly packumentCache full:https://registry.npmjs.org/get-intrinsic set size:60985 disposed:false
1346 silly fetch manifest arraybuffer.prototype.slice@^1.0.4
1347 silly packumentCache full:https://registry.npmjs.org/arraybuffer.prototype.slice cache-miss
1348 http fetch GET 200 https://registry.npmjs.org/call-bind-apply-helpers 47ms (cache miss)
1349 silly packumentCache full:https://registry.npmjs.org/call-bind-apply-helpers set size:undefined disposed:false
1350 silly fetch manifest available-typed-arrays@^1.0.7
1351 silly packumentCache full:https://registry.npmjs.org/available-typed-arrays cache-miss
1352 http fetch GET 200 https://registry.npmjs.org/es-define-property 48ms (cache miss)
1353 silly packumentCache full:https://registry.npmjs.org/es-define-property set size:undefined disposed:false
1354 silly fetch manifest data-view-buffer@^1.0.2
1355 silly packumentCache full:https://registry.npmjs.org/data-view-buffer cache-miss
1356 http fetch GET 200 https://registry.npmjs.org/has-property-descriptors 48ms (cache miss)
1357 silly packumentCache full:https://registry.npmjs.org/has-property-descriptors set size:undefined disposed:false
1358 silly fetch manifest data-view-byte-length@^1.0.2
1359 silly packumentCache full:https://registry.npmjs.org/data-view-byte-length cache-miss
1360 http fetch GET 200 https://registry.npmjs.org/set-function-length 49ms (cache miss)
1361 silly packumentCache full:https://registry.npmjs.org/set-function-length set size:undefined disposed:false
1362 silly fetch manifest data-view-byte-offset@^1.0.1
1363 silly packumentCache full:https://registry.npmjs.org/data-view-byte-offset cache-miss
1364 http fetch GET 200 https://registry.npmjs.org/define-data-property 49ms (cache miss)
1365 silly packumentCache full:https://registry.npmjs.org/define-data-property set size:undefined disposed:false
1366 silly fetch manifest es-define-property@^1.0.1
1367 silly packumentCache full:https://registry.npmjs.org/es-define-property cache-miss
1368 http cache https://registry.npmjs.org/es-define-property 1ms (cache hit)
1369 silly packumentCache full:https://registry.npmjs.org/es-define-property set size:8542 disposed:false
1370 silly fetch manifest es-set-tostringtag@^2.1.0
1371 silly packumentCache full:https://registry.npmjs.org/es-set-tostringtag cache-miss
1372 http fetch GET 200 https://registry.npmjs.org/array-buffer-byte-length 52ms (cache miss)
1373 silly packumentCache full:https://registry.npmjs.org/array-buffer-byte-length set size:undefined disposed:false
1374 silly fetch manifest es-to-primitive@^1.3.0
1375 silly packumentCache full:https://registry.npmjs.org/es-to-primitive cache-miss
1376 http fetch GET 200 https://registry.npmjs.org/object-keys 93ms (cache miss)
1377 silly packumentCache full:https://registry.npmjs.org/object-keys set size:undefined disposed:false
1378 silly fetch manifest function.prototype.name@^1.1.8
1379 silly packumentCache full:https://registry.npmjs.org/function.prototype.name cache-miss
1380 http fetch GET 200 https://registry.npmjs.org/call-bind-apply-helpers 95ms (cache miss)
1381 silly packumentCache full:https://registry.npmjs.org/call-bind-apply-helpers set size:undefined disposed:false
1382 silly fetch manifest get-proto@^1.0.1
1383 silly packumentCache full:https://registry.npmjs.org/get-proto cache-miss
1384 http fetch GET 200 https://registry.npmjs.org/data-view-buffer 48ms (cache miss)
1385 silly packumentCache full:https://registry.npmjs.org/data-view-buffer set size:undefined disposed:false
1386 silly fetch manifest get-symbol-description@^1.1.0
1387 silly packumentCache full:https://registry.npmjs.org/get-symbol-description cache-miss
1388 http fetch GET 200 https://registry.npmjs.org/arraybuffer.prototype.slice 93ms (cache miss)
1389 silly packumentCache full:https://registry.npmjs.org/arraybuffer.prototype.slice set size:undefined disposed:false
1390 silly fetch manifest globalthis@^1.0.4
1391 silly packumentCache full:https://registry.npmjs.org/globalthis cache-miss
1392 http fetch GET 200 https://registry.npmjs.org/data-view-byte-length 49ms (cache miss)
1393 silly packumentCache full:https://registry.npmjs.org/data-view-byte-length set size:undefined disposed:false
1394 silly fetch manifest gopd@^1.2.0
1395 silly packumentCache full:https://registry.npmjs.org/gopd cache-miss
1396 http fetch GET 200 https://registry.npmjs.org/es-set-tostringtag 48ms (cache miss)
1397 silly packumentCache full:https://registry.npmjs.org/es-set-tostringtag set size:undefined disposed:false
1398 silly fetch manifest has-property-descriptors@^1.0.2
1399 silly packumentCache full:https://registry.npmjs.org/has-property-descriptors cache-miss
1400 http fetch GET 200 https://registry.npmjs.org/data-view-byte-offset 50ms (cache miss)
1401 silly packumentCache full:https://registry.npmjs.org/data-view-byte-offset set size:undefined disposed:false
1402 silly fetch manifest has-proto@^1.2.0
1403 silly packumentCache full:https://registry.npmjs.org/has-proto cache-miss
1404 http fetch GET 200 https://registry.npmjs.org/available-typed-arrays 52ms (cache miss)
1405 silly packumentCache full:https://registry.npmjs.org/available-typed-arrays set size:undefined disposed:false
1406 silly fetch manifest has-symbols@^1.1.0
1407 silly packumentCache full:https://registry.npmjs.org/has-symbols cache-miss
1408 http cache https://registry.npmjs.org/has-property-descriptors 2ms (cache hit)
1409 silly packumentCache full:https://registry.npmjs.org/has-property-descriptors set size:12452 disposed:false
1410 silly fetch manifest internal-slot@^1.1.0
1411 silly packumentCache full:https://registry.npmjs.org/internal-slot cache-miss
1412 http fetch GET 200 https://registry.npmjs.org/es-to-primitive 69ms (cache miss)
1413 silly packumentCache full:https://registry.npmjs.org/es-to-primitive set size:undefined disposed:false
1414 silly fetch manifest is-array-buffer@^3.0.5
1415 silly packumentCache full:https://registry.npmjs.org/is-array-buffer cache-miss
1416 http fetch GET 200 https://registry.npmjs.org/has-symbols 48ms (cache miss)
1417 silly packumentCache full:https://registry.npmjs.org/has-symbols set size:undefined disposed:false
1418 silly fetch manifest is-callable@^1.2.7
1419 silly packumentCache full:https://registry.npmjs.org/is-callable cache-miss
1420 http fetch GET 200 https://registry.npmjs.org/has-proto 51ms (cache miss)
1421 silly packumentCache full:https://registry.npmjs.org/has-proto set size:undefined disposed:false
1422 silly fetch manifest is-data-view@^1.0.2
1423 silly packumentCache full:https://registry.npmjs.org/is-data-view cache-miss
1424 http fetch GET 200 https://registry.npmjs.org/gopd 52ms (cache miss)
1425 silly packumentCache full:https://registry.npmjs.org/gopd set size:undefined disposed:false
1426 silly fetch manifest is-negative-zero@^2.0.3
1427 silly packumentCache full:https://registry.npmjs.org/is-negative-zero cache-miss
1428 http fetch GET 200 https://registry.npmjs.org/get-proto 56ms (cache miss)
1429 silly packumentCache full:https://registry.npmjs.org/get-proto set size:undefined disposed:false
1430 silly fetch manifest is-regex@^1.2.1
1431 silly packumentCache full:https://registry.npmjs.org/is-regex cache-miss
1432 http fetch GET 200 https://registry.npmjs.org/internal-slot 51ms (cache miss)
1433 silly packumentCache full:https://registry.npmjs.org/internal-slot set size:undefined disposed:false
1434 silly fetch manifest is-set@^2.0.3
1435 silly packumentCache full:https://registry.npmjs.org/is-set cache-miss
1436 http fetch GET 200 https://registry.npmjs.org/globalthis 56ms (cache miss)
1437 silly packumentCache full:https://registry.npmjs.org/globalthis set size:undefined disposed:false
1438 silly fetch manifest is-shared-array-buffer@^1.0.4
1439 silly packumentCache full:https://registry.npmjs.org/is-shared-array-buffer cache-miss
1440 http fetch GET 200 https://registry.npmjs.org/get-symbol-description 72ms (cache miss)
1441 silly packumentCache full:https://registry.npmjs.org/get-symbol-description set size:undefined disposed:false
1442 silly fetch manifest is-typed-array@^1.1.15
1443 silly packumentCache full:https://registry.npmjs.org/is-typed-array cache-miss
1444 http fetch GET 200 https://registry.npmjs.org/function.prototype.name 80ms (cache miss)
1445 silly packumentCache full:https://registry.npmjs.org/function.prototype.name set size:undefined disposed:false
1446 silly fetch manifest is-weakref@^1.1.1
1447 silly packumentCache full:https://registry.npmjs.org/is-weakref cache-miss
1448 http fetch GET 200 https://registry.npmjs.org/is-array-buffer 62ms (cache miss)
1449 silly packumentCache full:https://registry.npmjs.org/is-array-buffer set size:undefined disposed:false
1450 silly fetch manifest object-inspect@^1.13.4
1451 silly packumentCache full:https://registry.npmjs.org/object-inspect cache-miss
1452 http fetch GET 200 https://registry.npmjs.org/is-callable 45ms (cache miss)
1453 silly packumentCache full:https://registry.npmjs.org/is-callable set size:undefined disposed:false
1454 silly fetch manifest object.assign@^4.1.7
1455 silly packumentCache full:https://registry.npmjs.org/object.assign cache-miss
1456 http fetch GET 200 https://registry.npmjs.org/is-shared-array-buffer 42ms (cache miss)
1457 silly packumentCache full:https://registry.npmjs.org/is-shared-array-buffer set size:undefined disposed:false
1458 silly fetch manifest own-keys@^1.0.1
1459 silly packumentCache full:https://registry.npmjs.org/own-keys cache-miss
1460 http fetch GET 200 https://registry.npmjs.org/is-data-view 46ms (cache miss)
1461 silly packumentCache full:https://registry.npmjs.org/is-data-view set size:undefined disposed:false
1462 silly fetch manifest regexp.prototype.flags@^1.5.4
1463 silly packumentCache full:https://registry.npmjs.org/regexp.prototype.flags cache-miss
1464 http fetch GET 200 https://registry.npmjs.org/is-regex 50ms (cache miss)
1465 silly packumentCache full:https://registry.npmjs.org/is-regex set size:undefined disposed:false
1466 silly fetch manifest safe-array-concat@^1.1.3
1467 silly packumentCache full:https://registry.npmjs.org/safe-array-concat cache-miss
1468 http fetch GET 200 https://registry.npmjs.org/is-set 50ms (cache miss)
1469 silly packumentCache full:https://registry.npmjs.org/is-set set size:undefined disposed:false
1470 silly fetch manifest safe-push-apply@^1.0.0
1471 silly packumentCache full:https://registry.npmjs.org/safe-push-apply cache-miss
1472 http fetch GET 200 https://registry.npmjs.org/is-negative-zero 53ms (cache miss)
1473 silly packumentCache full:https://registry.npmjs.org/is-negative-zero set size:undefined disposed:false
1474 silly fetch manifest safe-regex-test@^1.1.0
1475 silly packumentCache full:https://registry.npmjs.org/safe-regex-test cache-miss
1476 http cache https://registry.npmjs.org/safe-regex-test 1ms (cache hit)
1477 silly packumentCache full:https://registry.npmjs.org/safe-regex-test set size:17412 disposed:false
1478 silly fetch manifest set-proto@^1.0.0
1479 silly packumentCache full:https://registry.npmjs.org/set-proto cache-miss
1480 http fetch GET 200 https://registry.npmjs.org/own-keys 41ms (cache miss)
1481 silly packumentCache full:https://registry.npmjs.org/own-keys set size:undefined disposed:false
1482 silly fetch manifest stop-iteration-iterator@^1.1.0
1483 silly packumentCache full:https://registry.npmjs.org/stop-iteration-iterator cache-miss
1484 http fetch GET 200 https://registry.npmjs.org/is-weakref 65ms (cache miss)
1485 silly packumentCache full:https://registry.npmjs.org/is-weakref set size:undefined disposed:false
1486 silly fetch manifest string.prototype.trim@^1.2.10
1487 silly packumentCache full:https://registry.npmjs.org/string.prototype.trim cache-miss
1488 http fetch GET 200 https://registry.npmjs.org/object.assign 49ms (cache miss)
1489 silly packumentCache full:https://registry.npmjs.org/object.assign set size:undefined disposed:false
1490 silly fetch manifest string.prototype.trimstart@^1.0.8
1491 silly packumentCache full:https://registry.npmjs.org/string.prototype.trimstart cache-miss
1492 http fetch GET 200 https://registry.npmjs.org/safe-array-concat 44ms (cache miss)
1493 silly packumentCache full:https://registry.npmjs.org/safe-array-concat set size:undefined disposed:false
1494 silly fetch manifest typed-array-buffer@^1.0.3
1495 silly packumentCache full:https://registry.npmjs.org/typed-array-buffer cache-miss
1496 http fetch GET 200 https://registry.npmjs.org/safe-push-apply 44ms (cache miss)
1497 silly packumentCache full:https://registry.npmjs.org/safe-push-apply set size:undefined disposed:false
1498 silly fetch manifest typed-array-byte-length@^1.0.3
1499 silly packumentCache full:https://registry.npmjs.org/typed-array-byte-length cache-miss
1500 http fetch GET 200 https://registry.npmjs.org/set-proto 53ms (cache miss)
1501 silly packumentCache full:https://registry.npmjs.org/set-proto set size:undefined disposed:false
1502 silly fetch manifest typed-array-byte-offset@^1.0.4
1503 silly packumentCache full:https://registry.npmjs.org/typed-array-byte-offset cache-miss
1504 http fetch GET 200 https://registry.npmjs.org/regexp.prototype.flags 63ms (cache miss)
1505 silly packumentCache full:https://registry.npmjs.org/regexp.prototype.flags set size:undefined disposed:false
1506 silly fetch manifest typed-array-length@^1.0.7
1507 silly packumentCache full:https://registry.npmjs.org/typed-array-length cache-miss
1508 http fetch GET 200 https://registry.npmjs.org/object-inspect 86ms (cache miss)
1509 silly packumentCache full:https://registry.npmjs.org/object-inspect set size:undefined disposed:false
1510 silly fetch manifest unbox-primitive@^1.1.0
1511 silly packumentCache full:https://registry.npmjs.org/unbox-primitive cache-miss
1512 http fetch GET 200 https://registry.npmjs.org/stop-iteration-iterator 51ms (cache miss)
1513 silly packumentCache full:https://registry.npmjs.org/stop-iteration-iterator set size:undefined disposed:false
1514 silly fetch manifest which-typed-array@^1.1.19
1515 silly packumentCache full:https://registry.npmjs.org/which-typed-array cache-miss
1516 http fetch GET 200 https://registry.npmjs.org/typed-array-buffer 44ms (cache miss)
1517 silly packumentCache full:https://registry.npmjs.org/typed-array-buffer set size:undefined disposed:false
1518 silly fetch manifest has-tostringtag@^1.0.2
1519 silly packumentCache full:https://registry.npmjs.org/has-tostringtag cache-miss
1520 http fetch GET 200 https://registry.npmjs.org/typed-array-byte-length 50ms (cache miss)
1521 silly packumentCache full:https://registry.npmjs.org/typed-array-byte-length set size:undefined disposed:false
1522 http fetch GET 200 https://registry.npmjs.org/string.prototype.trimstart 54ms (cache miss)
1523 silly packumentCache full:https://registry.npmjs.org/string.prototype.trimstart set size:undefined disposed:false
1524 http fetch GET 200 https://registry.npmjs.org/typed-array-byte-offset 50ms (cache miss)
1525 silly packumentCache full:https://registry.npmjs.org/typed-array-byte-offset set size:undefined disposed:false
1526 http fetch GET 200 https://registry.npmjs.org/typed-array-length 47ms (cache miss)
1527 silly packumentCache full:https://registry.npmjs.org/typed-array-length set size:undefined disposed:false
1528 http fetch GET 200 https://registry.npmjs.org/string.prototype.trim 88ms (cache miss)
1529 silly packumentCache full:https://registry.npmjs.org/string.prototype.trim set size:undefined disposed:false
1530 http fetch GET 200 https://registry.npmjs.org/has-tostringtag 40ms (cache miss)
1531 silly packumentCache full:https://registry.npmjs.org/has-tostringtag set size:undefined disposed:false
1532 http fetch GET 200 https://registry.npmjs.org/which-typed-array 44ms (cache miss)
1533 silly packumentCache full:https://registry.npmjs.org/which-typed-array set size:undefined disposed:false
1534 http fetch GET 200 https://registry.npmjs.org/unbox-primitive 61ms (cache miss)
1535 silly packumentCache full:https://registry.npmjs.org/unbox-primitive set size:undefined disposed:false
1536 http fetch GET 200 https://registry.npmjs.org/is-typed-array 182ms (cache miss)
1537 silly packumentCache full:https://registry.npmjs.org/is-typed-array set size:undefined disposed:false
1538 silly placeDep ROOT es-errors@1.3.0 OK for: array.prototype.findlastindex@1.2.6 want: ^1.3.0
1539 silly placeDep ROOT es-shim-unscopables@1.1.0 OK for: array.prototype.findlastindex@1.2.6 want: ^1.1.0
1540 silly placeDep ROOT call-bind-apply-helpers@1.0.2 OK for: call-bind@1.0.8 want: ^1.0.0
1541 silly placeDep ROOT es-define-property@1.0.1 OK for: call-bind@1.0.8 want: ^1.0.0
1542 silly placeDep ROOT set-function-length@1.2.2 OK for: call-bind@1.0.8 want: ^1.2.2
1543 silly fetch manifest define-data-property@^1.1.4
1544 silly packumentCache full:https://registry.npmjs.org/define-data-property cache-miss
1545 silly fetch manifest gopd@^1.0.1
1546 silly packumentCache full:https://registry.npmjs.org/gopd cache-miss
1547 http cache https://registry.npmjs.org/define-data-property 1ms (cache hit)
1548 silly packumentCache full:https://registry.npmjs.org/define-data-property set size:28048 disposed:false
1549 http cache https://registry.npmjs.org/gopd 1ms (cache hit)
1550 silly packumentCache full:https://registry.npmjs.org/gopd set size:11458 disposed:false
1551 silly placeDep ROOT function-bind@1.1.2 OK for: call-bind-apply-helpers@1.0.2 want: ^1.1.2
1552 silly placeDep ROOT define-data-property@1.1.4 OK for: define-properties@1.2.1 want: ^1.0.1
1553 silly placeDep ROOT has-property-descriptors@1.0.2 OK for: define-properties@1.2.1 want: ^1.0.0
1554 silly placeDep ROOT object-keys@1.1.1 OK for: define-properties@1.2.1 want: ^1.1.1
1555 silly placeDep ROOT gopd@1.2.0 OK for: define-data-property@1.1.4 want: ^1.0.1
1556 silly placeDep ROOT array-buffer-byte-length@1.0.2 OK for: es-abstract@1.24.1 want: ^1.0.2
1557 silly placeDep ROOT arraybuffer.prototype.slice@1.0.4 OK for: es-abstract@1.24.1 want: ^1.0.4
1558 silly placeDep ROOT available-typed-arrays@1.0.7 OK for: es-abstract@1.24.1 want: ^1.0.7
1559 silly placeDep ROOT data-view-buffer@1.0.2 OK for: es-abstract@1.24.1 want: ^1.0.2
1560 silly placeDep ROOT data-view-byte-length@1.0.2 OK for: es-abstract@1.24.1 want: ^1.0.2
1561 silly placeDep ROOT data-view-byte-offset@1.0.1 OK for: es-abstract@1.24.1 want: ^1.0.1
1562 silly placeDep ROOT es-set-tostringtag@2.1.0 OK for: es-abstract@1.24.1 want: ^2.1.0
1563 silly placeDep ROOT es-to-primitive@1.3.0 OK for: es-abstract@1.24.1 want: ^1.3.0
1564 silly placeDep ROOT function.prototype.name@1.1.8 OK for: es-abstract@1.24.1 want: ^1.1.8
1565 silly placeDep ROOT get-proto@1.0.1 OK for: es-abstract@1.24.1 want: ^1.0.1
1566 silly placeDep ROOT get-symbol-description@1.1.0 OK for: es-abstract@1.24.1 want: ^1.1.0
1567 silly placeDep ROOT globalthis@1.0.4 OK for: es-abstract@1.24.1 want: ^1.0.4
1568 silly placeDep ROOT has-proto@1.2.0 OK for: es-abstract@1.24.1 want: ^1.2.0
1569 silly placeDep ROOT has-symbols@1.1.0 OK for: es-abstract@1.24.1 want: ^1.1.0
1570 silly placeDep ROOT internal-slot@1.1.0 OK for: es-abstract@1.24.1 want: ^1.1.0
1571 silly placeDep ROOT is-array-buffer@3.0.5 OK for: es-abstract@1.24.1 want: ^3.0.5
1572 silly placeDep ROOT is-callable@1.2.7 OK for: es-abstract@1.24.1 want: ^1.2.7
1573 silly placeDep ROOT is-data-view@1.0.2 OK for: es-abstract@1.24.1 want: ^1.0.2
1574 silly placeDep ROOT is-negative-zero@2.0.3 OK for: es-abstract@1.24.1 want: ^2.0.3
1575 silly placeDep ROOT is-regex@1.2.1 OK for: es-abstract@1.24.1 want: ^1.2.1
1576 silly placeDep ROOT is-set@2.0.3 OK for: es-abstract@1.24.1 want: ^2.0.3
1577 silly placeDep ROOT is-shared-array-buffer@1.0.4 OK for: es-abstract@1.24.1 want: ^1.0.4
1578 silly placeDep ROOT is-typed-array@1.1.15 OK for: es-abstract@1.24.1 want: ^1.1.15
1579 silly placeDep ROOT is-weakref@1.1.1 OK for: es-abstract@1.24.1 want: ^1.1.1
1580 silly placeDep ROOT object-inspect@1.13.4 OK for: es-abstract@1.24.1 want: ^1.13.4
1581 silly placeDep ROOT object.assign@4.1.7 OK for: es-abstract@1.24.1 want: ^4.1.7
1582 silly placeDep ROOT own-keys@1.0.1 OK for: es-abstract@1.24.1 want: ^1.0.1
1583 silly placeDep ROOT regexp.prototype.flags@1.5.4 OK for: es-abstract@1.24.1 want: ^1.5.4
1584 silly placeDep ROOT safe-array-concat@1.1.3 OK for: es-abstract@1.24.1 want: ^1.1.3
1585 silly placeDep ROOT safe-push-apply@1.0.0 OK for: es-abstract@1.24.1 want: ^1.0.0
1586 silly placeDep ROOT safe-regex-test@1.1.0 OK for: es-abstract@1.24.1 want: ^1.1.0
1587 silly placeDep ROOT set-proto@1.0.0 OK for: es-abstract@1.24.1 want: ^1.0.0
1588 silly placeDep ROOT stop-iteration-iterator@1.1.0 OK for: es-abstract@1.24.1 want: ^1.1.0
1589 silly placeDep ROOT string.prototype.trim@1.2.10 OK for: es-abstract@1.24.1 want: ^1.2.10
1590 silly placeDep ROOT string.prototype.trimstart@1.0.8 OK for: es-abstract@1.24.1 want: ^1.0.8
1591 silly placeDep ROOT typed-array-buffer@1.0.3 OK for: es-abstract@1.24.1 want: ^1.0.3
1592 silly placeDep ROOT typed-array-byte-length@1.0.3 OK for: es-abstract@1.24.1 want: ^1.0.3
1593 silly placeDep ROOT typed-array-byte-offset@1.0.4 OK for: es-abstract@1.24.1 want: ^1.0.4
1594 silly placeDep ROOT typed-array-length@1.0.7 OK for: es-abstract@1.24.1 want: ^1.0.7
1595 silly placeDep ROOT unbox-primitive@1.1.0 OK for: es-abstract@1.24.1 want: ^1.1.0
1596 silly placeDep ROOT which-typed-array@1.1.19 OK for: es-abstract@1.24.1 want: ^1.1.19
1597 silly fetch manifest is-array-buffer@^3.0.4
1598 silly packumentCache full:https://registry.npmjs.org/is-array-buffer cache-miss
1599 silly fetch manifest possible-typed-array-names@^1.0.0
1600 silly packumentCache full:https://registry.npmjs.org/possible-typed-array-names cache-miss
1601 silly fetch manifest is-data-view@^1.0.1
1602 silly packumentCache full:https://registry.npmjs.org/is-data-view cache-miss
1603 silly fetch manifest is-date-object@^1.0.5
1604 silly packumentCache full:https://registry.npmjs.org/is-date-object cache-miss
1605 silly fetch manifest is-symbol@^1.0.4
1606 silly packumentCache full:https://registry.npmjs.org/is-symbol cache-miss
1607 silly fetch manifest functions-have-names@^1.2.3
1608 silly packumentCache full:https://registry.npmjs.org/functions-have-names cache-miss
1609 silly fetch manifest dunder-proto@^1.0.1
1610 silly packumentCache full:https://registry.npmjs.org/dunder-proto cache-miss
1611 silly fetch manifest dunder-proto@^1.0.0
1612 silly packumentCache full:https://registry.npmjs.org/dunder-proto cache-miss
1613 silly fetch manifest side-channel@^1.1.0
1614 silly packumentCache full:https://registry.npmjs.org/side-channel cache-miss
1615 http cache https://registry.npmjs.org/is-data-view 3ms (cache hit)
1616 silly packumentCache full:https://registry.npmjs.org/is-data-view set size:13756 disposed:false
1617 silly fetch manifest is-typed-array@^1.1.13
1618 silly packumentCache full:https://registry.npmjs.org/is-typed-array cache-miss
1619 http cache https://registry.npmjs.org/is-array-buffer 3ms (cache hit)
1620 silly packumentCache full:https://registry.npmjs.org/is-array-buffer set size:33562 disposed:false
1621 silly fetch manifest which-typed-array@^1.1.16
1622 silly packumentCache full:https://registry.npmjs.org/which-typed-array cache-miss
1623 http cache https://registry.npmjs.org/is-typed-array 1ms (cache hit)
1624 silly packumentCache full:https://registry.npmjs.org/is-typed-array set size:79965 disposed:false
1625 silly fetch manifest set-function-name@^2.0.2
1626 silly packumentCache full:https://registry.npmjs.org/set-function-name cache-miss
1627 http cache https://registry.npmjs.org/which-typed-array 2ms (cache hit)
1628 silly packumentCache full:https://registry.npmjs.org/which-typed-array set size:89701 disposed:false
1629 silly fetch manifest isarray@^2.0.5
1630 silly packumentCache full:https://registry.npmjs.org/isarray cache-miss
1631 http fetch GET 200 https://registry.npmjs.org/dunder-proto 58ms (cache miss)
1632 silly packumentCache full:https://registry.npmjs.org/dunder-proto set size:undefined disposed:false
1633 silly fetch manifest isarray@^2.0.5
1634 silly packumentCache full:https://registry.npmjs.org/isarray cache-miss
1635 http fetch GET 200 https://registry.npmjs.org/set-function-name 55ms (cache miss)
1636 silly packumentCache full:https://registry.npmjs.org/set-function-name set size:undefined disposed:false
1637 silly fetch manifest dunder-proto@^1.0.1
1638 silly packumentCache full:https://registry.npmjs.org/dunder-proto cache-miss
1639 http fetch GET 200 https://registry.npmjs.org/side-channel 59ms (cache miss)
1640 silly packumentCache full:https://registry.npmjs.org/side-channel set size:undefined disposed:false
1641 silly fetch manifest for-each@^0.3.3
1642 silly packumentCache full:https://registry.npmjs.org/for-each cache-miss
1643 http fetch GET 200 https://registry.npmjs.org/is-date-object 60ms (cache miss)
1644 silly packumentCache full:https://registry.npmjs.org/is-date-object set size:undefined disposed:false
1645 silly fetch manifest for-each@^0.3.3
1646 silly packumentCache full:https://registry.npmjs.org/for-each cache-miss
1647 http fetch GET 200 https://registry.npmjs.org/dunder-proto 60ms (cache miss)
1648 silly packumentCache full:https://registry.npmjs.org/dunder-proto set size:undefined disposed:false
1649 silly fetch manifest reflect.getprototypeof@^1.0.9
1650 silly packumentCache full:https://registry.npmjs.org/reflect.getprototypeof cache-miss
1651 http fetch GET 200 https://registry.npmjs.org/possible-typed-array-names 60ms (cache miss)
1652 silly packumentCache full:https://registry.npmjs.org/possible-typed-array-names set size:undefined disposed:false
1653 silly fetch manifest for-each@^0.3.3
1654 silly packumentCache full:https://registry.npmjs.org/for-each cache-miss
1655 http fetch GET 200 https://registry.npmjs.org/functions-have-names 61ms (cache miss)
1656 silly packumentCache full:https://registry.npmjs.org/functions-have-names set size:undefined disposed:false
1657 silly fetch manifest reflect.getprototypeof@^1.0.6
1658 silly packumentCache full:https://registry.npmjs.org/reflect.getprototypeof cache-miss
1659 http fetch GET 200 https://registry.npmjs.org/is-symbol 61ms (cache miss)
1660 silly packumentCache full:https://registry.npmjs.org/is-symbol set size:undefined disposed:false
1661 silly fetch manifest has-bigints@^1.0.2
1662 silly packumentCache full:https://registry.npmjs.org/has-bigints cache-miss
1663 http cache https://registry.npmjs.org/dunder-proto 3ms (cache hit)
1664 silly packumentCache full:https://registry.npmjs.org/dunder-proto set size:8256 disposed:false
1665 silly fetch manifest which-boxed-primitive@^1.1.1
1666 silly packumentCache full:https://registry.npmjs.org/which-boxed-primitive cache-miss
1667 http fetch GET 200 https://registry.npmjs.org/isarray 90ms (cache miss)
1668 silly packumentCache full:https://registry.npmjs.org/isarray set size:undefined disposed:false
1669 silly fetch manifest for-each@^0.3.5
1670 silly packumentCache full:https://registry.npmjs.org/for-each cache-miss
1671 http fetch GET 200 https://registry.npmjs.org/for-each 38ms (cache miss)
1672 silly packumentCache full:https://registry.npmjs.org/for-each set size:undefined disposed:false
1673 http fetch GET 200 https://registry.npmjs.org/isarray 43ms (cache miss)
1674 silly packumentCache full:https://registry.npmjs.org/isarray set size:undefined disposed:false
1675 http fetch GET 200 https://registry.npmjs.org/for-each 47ms (cache miss)
1676 silly packumentCache full:https://registry.npmjs.org/for-each set size:undefined disposed:false
1677 http fetch GET 200 https://registry.npmjs.org/for-each 47ms (cache miss)
1678 silly packumentCache full:https://registry.npmjs.org/for-each set size:undefined disposed:false
1679 http fetch GET 200 https://registry.npmjs.org/reflect.getprototypeof 52ms (cache miss)
1680 silly packumentCache full:https://registry.npmjs.org/reflect.getprototypeof set size:undefined disposed:false
1681 http fetch GET 200 https://registry.npmjs.org/has-bigints 53ms (cache miss)
1682 silly packumentCache full:https://registry.npmjs.org/has-bigints set size:undefined disposed:false
1683 http fetch GET 200 https://registry.npmjs.org/reflect.getprototypeof 75ms (cache miss)
1684 silly packumentCache full:https://registry.npmjs.org/reflect.getprototypeof set size:undefined disposed:false
1685 http fetch GET 200 https://registry.npmjs.org/which-boxed-primitive 74ms (cache miss)
1686 silly packumentCache full:https://registry.npmjs.org/which-boxed-primitive set size:undefined disposed:false
1687 http fetch GET 200 https://registry.npmjs.org/for-each 83ms (cache miss)
1688 silly packumentCache full:https://registry.npmjs.org/for-each set size:undefined disposed:false
1689 silly placeDep ROOT possible-typed-array-names@1.1.0 OK for: available-typed-arrays@1.0.7 want: ^1.0.0
1690 silly placeDep ROOT has-tostringtag@1.0.2 OK for: es-set-tostringtag@2.1.0 want: ^1.0.2
1691 silly placeDep ROOT is-date-object@1.1.0 OK for: es-to-primitive@1.3.0 want: ^1.0.5
1692 silly placeDep ROOT is-symbol@1.1.1 OK for: es-to-primitive@1.3.0 want: ^1.0.4
1693 silly placeDep node_modules/eslint-module-utils debug@3.2.7 OK for: eslint-module-utils@2.12.1 want: ^3.2.7
1694 silly placeDep ROOT aria-query@5.3.2 OK for: eslint-plugin-jsx-a11y@6.10.2 want: ^5.3.2
1695 silly placeDep ROOT ast-types-flow@0.0.8 OK for: eslint-plugin-jsx-a11y@6.10.2 want: ^0.0.8
1696 silly placeDep ROOT axe-core@4.11.1 OK for: eslint-plugin-jsx-a11y@6.10.2 want: ^4.10.0
1697 silly placeDep ROOT axobject-query@4.1.0 OK for: eslint-plugin-jsx-a11y@6.10.2 want: ^4.1.0
1698 silly placeDep ROOT damerau-levenshtein@1.0.8 OK for: eslint-plugin-jsx-a11y@6.10.2 want: ^1.0.8
1699 silly placeDep ROOT emoji-regex@9.2.2 OK for: eslint-plugin-jsx-a11y@6.10.2 want: ^9.2.2
1700 silly placeDep ROOT jsx-ast-utils@3.3.5 OK for: eslint-plugin-jsx-a11y@6.10.2 want: ^3.3.5
1701 silly placeDep ROOT language-tags@1.0.9 OK for: eslint-plugin-jsx-a11y@6.10.2 want: ^1.0.9
1702 silly placeDep ROOT string.prototype.includes@2.0.1 OK for: eslint-plugin-jsx-a11y@6.10.2 want: ^2.0.1
1703 silly fetch manifest language-subtag-registry@^0.3.20
1704 silly packumentCache full:https://registry.npmjs.org/language-subtag-registry cache-miss
1705 http fetch GET 200 https://registry.npmjs.org/language-subtag-registry 57ms (cache miss)
1706 silly packumentCache full:https://registry.npmjs.org/language-subtag-registry set size:undefined disposed:false
1707 silly placeDep ROOT array.prototype.findlast@1.2.5 OK for: eslint-plugin-react@7.37.5 want: ^1.2.5
1708 silly placeDep ROOT array.prototype.tosorted@1.1.4 OK for: eslint-plugin-react@7.37.5 want: ^1.1.4
1709 silly placeDep ROOT es-iterator-helpers@1.2.2 OK for: eslint-plugin-react@7.37.5 want: ^1.2.1
1710 silly placeDep ROOT estraverse@5.3.0 OK for: eslint-plugin-react@7.37.5 want: ^5.3.0
1711 silly placeDep ROOT object.entries@1.1.9 OK for: eslint-plugin-react@7.37.5 want: ^1.1.9
1712 silly placeDep ROOT prop-types@15.8.1 OK for: eslint-plugin-react@7.37.5 want: ^15.8.1
1713 silly placeDep node_modules/eslint-plugin-react resolve@2.0.0-next.5 OK for: eslint-plugin-react@7.37.5 want: ^2.0.0-next.5
1714 silly placeDep ROOT string.prototype.matchall@4.0.12 OK for: eslint-plugin-react@7.37.5 want: ^4.0.12
1715 silly placeDep ROOT string.prototype.repeat@1.0.0 OK for: eslint-plugin-react@7.37.5 want: ^1.0.0
1716 silly fetch manifest iterator.prototype@^1.1.5
1717 silly packumentCache full:https://registry.npmjs.org/iterator.prototype cache-miss
1718 silly fetch manifest loose-envify@^1.4.0
1719 silly packumentCache full:https://registry.npmjs.org/loose-envify cache-miss
1720 silly fetch manifest object-assign@^4.1.1
1721 silly packumentCache full:https://registry.npmjs.org/object-assign cache-miss
1722 silly fetch manifest react-is@^16.13.1
1723 silly packumentCache full:https://registry.npmjs.org/react-is cache-miss
1724 http fetch GET 200 https://registry.npmjs.org/iterator.prototype 41ms (cache miss)
1725 silly packumentCache full:https://registry.npmjs.org/iterator.prototype set size:undefined disposed:false
1726 http fetch GET 200 https://registry.npmjs.org/object-assign 49ms (cache miss)
1727 silly packumentCache full:https://registry.npmjs.org/object-assign set size:undefined disposed:false
1728 http fetch GET 200 https://registry.npmjs.org/loose-envify 62ms (cache miss)
1729 silly packumentCache full:https://registry.npmjs.org/loose-envify set size:undefined disposed:false
1730 http fetch GET 200 https://registry.npmjs.org/react-is 309ms (cache miss)
1731 silly packumentCache full:https://registry.npmjs.org/react-is set size:undefined disposed:false
1732 silly placeDep ROOT iterator.prototype@1.1.5 OK for: es-iterator-helpers@1.2.2 want: ^1.1.5
1733 silly placeDep ROOT @babel/core@7.28.5 OK for: eslint-plugin-react-hooks@7.0.1 want: ^7.24.4
1734 silly placeDep ROOT @babel/parser@7.28.5 OK for: eslint-plugin-react-hooks@7.0.1 want: ^7.24.4
1735 silly placeDep ROOT hermes-parser@0.25.1 OK for: eslint-plugin-react-hooks@7.0.1 want: ^0.25.1
1736 silly placeDep ROOT zod@4.3.5 OK for: eslint-plugin-react-hooks@7.0.1 want: ^3.25.0 || ^4.0.0
1737 silly placeDep ROOT zod-validation-error@4.0.2 OK for: eslint-plugin-react-hooks@7.0.1 want: ^3.5.0 || ^4.0.0
1738 silly fetch manifest @babel/code-frame@^7.27.1
1739 silly packumentCache full:https://registry.npmjs.org/@babel%2fcode-frame cache-miss
1740 silly fetch manifest @babel/generator@^7.28.5
1741 silly packumentCache full:https://registry.npmjs.org/@babel%2fgenerator cache-miss
1742 silly fetch manifest @babel/helper-compilation-targets@^7.27.2
1743 silly packumentCache full:https://registry.npmjs.org/@babel%2fhelper-compilation-targets cache-miss
1744 silly fetch manifest @babel/helper-module-transforms@^7.28.3
1745 silly packumentCache full:https://registry.npmjs.org/@babel%2fhelper-module-transforms cache-miss
1746 silly fetch manifest @babel/helpers@^7.28.4
1747 silly packumentCache full:https://registry.npmjs.org/@babel%2fhelpers cache-miss
1748 silly fetch manifest @babel/parser@^7.28.5
1749 silly packumentCache full:https://registry.npmjs.org/@babel%2fparser cache-miss
1750 silly fetch manifest @babel/template@^7.27.2
1751 silly packumentCache full:https://registry.npmjs.org/@babel%2ftemplate cache-miss
1752 silly fetch manifest @babel/traverse@^7.28.5
1753 silly packumentCache full:https://registry.npmjs.org/@babel%2ftraverse cache-miss
1754 silly fetch manifest @babel/types@^7.28.5
1755 silly packumentCache full:https://registry.npmjs.org/@babel%2ftypes cache-miss
1756 http cache https://registry.npmjs.org/@babel%2fparser 4ms (cache hit)
1757 silly packumentCache full:https://registry.npmjs.org/@babel%2fparser set size:702781 disposed:false
1758 silly fetch manifest convert-source-map@^2.0.0
1759 silly packumentCache full:https://registry.npmjs.org/convert-source-map cache-miss
1760 http fetch GET 200 https://registry.npmjs.org/@babel%2ftypes 58ms (cache miss)
1761 silly packumentCache full:https://registry.npmjs.org/@babel%2ftypes set size:undefined disposed:false
1762 silly fetch manifest gensync@^1.0.0-beta.2
1763 silly packumentCache full:https://registry.npmjs.org/gensync cache-miss
1764 http fetch GET 200 https://registry.npmjs.org/convert-source-map 55ms (cache miss)
1765 silly packumentCache full:https://registry.npmjs.org/convert-source-map set size:undefined disposed:false
1766 silly fetch manifest json5@^2.2.3
1767 silly packumentCache full:https://registry.npmjs.org/json5 cache-miss
1768 http cache https://registry.npmjs.org/json5 1ms (cache hit)
1769 silly packumentCache full:https://registry.npmjs.org/json5 set size:86136 disposed:false
1770 silly fetch manifest hermes-estree@0.25.1
1771 silly packumentCache full:https://registry.npmjs.org/hermes-estree cache-miss
1772 http fetch GET 200 https://registry.npmjs.org/@babel%2ftemplate 66ms (cache miss)
1773 silly packumentCache full:https://registry.npmjs.org/@babel%2ftemplate set size:undefined disposed:false
1774 http fetch GET 200 https://registry.npmjs.org/gensync 63ms (cache miss)
1775 silly packumentCache full:https://registry.npmjs.org/gensync set size:undefined disposed:false
1776 http fetch GET 200 https://registry.npmjs.org/@babel%2fhelpers 127ms (cache miss)
1777 silly packumentCache full:https://registry.npmjs.org/@babel%2fhelpers set size:undefined disposed:false
1778 http fetch GET 200 https://registry.npmjs.org/hermes-estree 98ms (cache miss)
1779 silly packumentCache full:https://registry.npmjs.org/hermes-estree set size:undefined disposed:false
1780 http fetch GET 200 https://registry.npmjs.org/@babel%2ftraverse 181ms (cache miss)
1781 silly packumentCache full:https://registry.npmjs.org/@babel%2ftraverse set size:undefined disposed:false
1782 http fetch GET 200 https://registry.npmjs.org/@babel%2fcode-frame 183ms (cache miss)
1783 silly packumentCache full:https://registry.npmjs.org/@babel%2fcode-frame set size:undefined disposed:false
1784 http fetch GET 200 https://registry.npmjs.org/@babel%2fgenerator 220ms (cache miss)
1785 silly packumentCache full:https://registry.npmjs.org/@babel%2fgenerator set size:undefined disposed:false
1786 http fetch GET 200 https://registry.npmjs.org/@babel%2fhelper-module-transforms 439ms (cache miss)
1787 silly packumentCache full:https://registry.npmjs.org/@babel%2fhelper-module-transforms set size:undefined disposed:false
1788 http fetch GET 200 https://registry.npmjs.org/@babel%2fhelper-compilation-targets 1018ms (cache miss)
1789 silly packumentCache full:https://registry.npmjs.org/@babel%2fhelper-compilation-targets set size:undefined disposed:false
1790 silly fetch manifest @babel/core@^7.0.0
1791 silly packumentCache full:https://registry.npmjs.org/@babel%2fcore cache-miss
1792 http cache https://registry.npmjs.org/@babel%2fcore 3ms (cache hit)
1793 silly packumentCache full:https://registry.npmjs.org/@babel%2fcore set size:738278 disposed:false
1794 silly placeDep ROOT @babel/code-frame@7.27.1 OK for: @babel/core@7.28.5 want: ^7.27.1
1795 silly placeDep ROOT @babel/generator@7.28.5 OK for: @babel/core@7.28.5 want: ^7.28.5
1796 silly placeDep ROOT @babel/helper-compilation-targets@7.27.2 OK for: @babel/core@7.28.5 want: ^7.27.2
1797 silly placeDep ROOT @babel/helper-module-transforms@7.28.3 OK for: @babel/core@7.28.5 want: ^7.28.3
1798 silly placeDep ROOT @babel/helpers@7.28.4 OK for: @babel/core@7.28.5 want: ^7.28.4
1799 silly placeDep ROOT @babel/template@7.27.2 OK for: @babel/core@7.28.5 want: ^7.27.2
1800 silly placeDep ROOT @babel/traverse@7.28.5 OK for: @babel/core@7.28.5 want: ^7.28.5
1801 silly placeDep ROOT @babel/types@7.28.5 OK for: @babel/core@7.28.5 want: ^7.28.5
1802 silly placeDep ROOT convert-source-map@2.0.0 OK for: @babel/core@7.28.5 want: ^2.0.0
1803 silly placeDep ROOT gensync@1.0.0-beta.2 OK for: @babel/core@7.28.5 want: ^1.0.0-beta.2
1804 silly placeDep ROOT json5@2.2.3 OK for: @babel/core@7.28.5 want: ^2.2.3
1805 silly fetch manifest js-tokens@^4.0.0
1806 silly packumentCache full:https://registry.npmjs.org/js-tokens cache-miss
1807 silly fetch manifest @babel/helper-validator-identifier@^7.27.1
1808 silly packumentCache full:https://registry.npmjs.org/@babel%2fhelper-validator-identifier cache-miss
1809 silly fetch manifest jsesc@^3.0.2
1810 silly packumentCache full:https://registry.npmjs.org/jsesc cache-miss
1811 silly fetch manifest lru-cache@^5.1.1
1812 silly packumentCache full:https://registry.npmjs.org/lru-cache cache-miss
1813 silly fetch manifest browserslist@^4.24.0
1814 silly packumentCache full:https://registry.npmjs.org/browserslist cache-miss
1815 silly fetch manifest @babel/compat-data@^7.27.2
1816 silly packumentCache full:https://registry.npmjs.org/@babel%2fcompat-data cache-miss
1817 silly fetch manifest @babel/helper-validator-option@^7.27.1
1818 silly packumentCache full:https://registry.npmjs.org/@babel%2fhelper-validator-option cache-miss
1819 silly fetch manifest @babel/traverse@^7.28.3
1820 silly packumentCache full:https://registry.npmjs.org/@babel%2ftraverse cache-miss
1821 silly fetch manifest @babel/helper-module-imports@^7.27.1
1822 silly packumentCache full:https://registry.npmjs.org/@babel%2fhelper-module-imports cache-miss
1823 http cache https://registry.npmjs.org/@babel%2ftraverse 4ms (cache hit)
1824 silly packumentCache full:https://registry.npmjs.org/@babel%2ftraverse set size:535703 disposed:false
1825 silly fetch manifest @babel/helper-validator-identifier@^7.27.1
1826 silly packumentCache full:https://registry.npmjs.org/@babel%2fhelper-validator-identifier cache-miss
1827 http fetch GET 200 https://registry.npmjs.org/js-tokens 44ms (cache miss)
1828 silly packumentCache full:https://registry.npmjs.org/js-tokens set size:undefined disposed:false
1829 silly fetch manifest @babel/types@^7.28.4
1830 silly packumentCache full:https://registry.npmjs.org/@babel%2ftypes cache-miss
1831 http cache https://registry.npmjs.org/@babel%2ftypes 3ms (cache hit)
1832 silly packumentCache full:https://registry.npmjs.org/@babel%2ftypes set size:475698 disposed:false
1833 silly fetch manifest @babel/types@^7.27.1
1834 silly packumentCache full:https://registry.npmjs.org/@babel%2ftypes cache-hit
1835 silly fetch manifest @babel/helper-globals@^7.28.0
1836 silly packumentCache full:https://registry.npmjs.org/@babel%2fhelper-globals cache-miss
1837 http fetch GET 200 https://registry.npmjs.org/@babel%2fhelper-validator-identifier 55ms (cache miss)
1838 silly packumentCache full:https://registry.npmjs.org/@babel%2fhelper-validator-identifier set size:undefined disposed:false
1839 silly fetch manifest @babel/helper-string-parser@^7.27.1
1840 silly packumentCache full:https://registry.npmjs.org/@babel%2fhelper-string-parser cache-miss
1841 http fetch GET 200 https://registry.npmjs.org/jsesc 56ms (cache miss)
1842 silly packumentCache full:https://registry.npmjs.org/jsesc set size:undefined disposed:false
1843 silly fetch manifest @babel/helper-validator-identifier@^7.28.5
1844 silly packumentCache full:https://registry.npmjs.org/@babel%2fhelper-validator-identifier cache-miss
1845 http cache https://registry.npmjs.org/@babel%2fhelper-validator-identifier 1ms (cache hit)
1846 silly packumentCache full:https://registry.npmjs.org/@babel%2fhelper-validator-identifier set size:108996 disposed:false
1847 http fetch GET 200 https://registry.npmjs.org/lru-cache 76ms (cache miss)
1848 silly packumentCache full:https://registry.npmjs.org/lru-cache set size:undefined disposed:false
1849 http fetch GET 200 https://registry.npmjs.org/@babel%2fhelper-validator-option 81ms (cache miss)
1850 silly packumentCache full:https://registry.npmjs.org/@babel%2fhelper-validator-option set size:undefined disposed:false
1851 http fetch GET 200 https://registry.npmjs.org/@babel%2fhelper-string-parser 50ms (cache miss)
1852 silly packumentCache full:https://registry.npmjs.org/@babel%2fhelper-string-parser set size:undefined disposed:false
1853 http fetch GET 200 https://registry.npmjs.org/@babel%2fhelper-validator-identifier 115ms (cache miss)
1854 silly packumentCache full:https://registry.npmjs.org/@babel%2fhelper-validator-identifier set size:undefined disposed:false
1855 silly packumentCache full:https://registry.npmjs.org/@babel%2fhelper-validator-identifier dispose
1856 http fetch GET 200 https://registry.npmjs.org/browserslist 154ms (cache miss)
1857 silly packumentCache full:https://registry.npmjs.org/browserslist set size:undefined disposed:false
1858 http fetch GET 200 https://registry.npmjs.org/@babel%2fcompat-data 191ms (cache miss)
1859 silly packumentCache full:https://registry.npmjs.org/@babel%2fcompat-data set size:undefined disposed:false
1860 http fetch GET 200 https://registry.npmjs.org/@babel%2fhelper-module-imports 243ms (cache miss)
1861 silly packumentCache full:https://registry.npmjs.org/@babel%2fhelper-module-imports set size:undefined disposed:false
1862 http fetch GET 200 https://registry.npmjs.org/@babel%2fhelper-globals 304ms (cache miss)
1863 silly packumentCache full:https://registry.npmjs.org/@babel%2fhelper-globals set size:undefined disposed:false
1864 silly placeDep ROOT @babel/helper-validator-identifier@7.28.5 OK for: @babel/code-frame@7.27.1 want: ^7.27.1
1865 silly placeDep ROOT js-tokens@4.0.0 OK for: @babel/code-frame@7.27.1 want: ^4.0.0
1866 silly placeDep ROOT picocolors@1.1.1 OK for: @babel/code-frame@7.27.1 want: ^1.1.1
1867 silly placeDep ROOT jsesc@3.1.0 OK for: @babel/generator@7.28.5 want: ^3.0.2
1868 silly placeDep ROOT @babel/compat-data@7.28.5 OK for: @babel/helper-compilation-targets@7.27.2 want: ^7.27.2
1869 silly placeDep ROOT @babel/helper-validator-option@7.27.1 OK for: @babel/helper-compilation-targets@7.27.2 want: ^7.27.1
1870 silly placeDep ROOT browserslist@4.28.1 OK for: @babel/helper-compilation-targets@7.27.2 want: ^4.24.0
1871 silly placeDep ROOT lru-cache@5.1.1 OK for: @babel/helper-compilation-targets@7.27.2 want: ^5.1.1
1872 silly fetch manifest baseline-browser-mapping@^2.9.0
1873 silly packumentCache full:https://registry.npmjs.org/baseline-browser-mapping cache-miss
1874 silly fetch manifest caniuse-lite@^1.0.30001759
1875 silly packumentCache full:https://registry.npmjs.org/caniuse-lite cache-miss
1876 silly fetch manifest electron-to-chromium@^1.5.263
1877 silly packumentCache full:https://registry.npmjs.org/electron-to-chromium cache-miss
1878 silly fetch manifest node-releases@^2.0.27
1879 silly packumentCache full:https://registry.npmjs.org/node-releases cache-miss
1880 silly fetch manifest update-browserslist-db@^1.2.0
1881 silly packumentCache full:https://registry.npmjs.org/update-browserslist-db cache-miss
1882 silly fetch manifest yallist@^3.0.2
1883 silly packumentCache full:https://registry.npmjs.org/yallist cache-miss
1884 http cache https://registry.npmjs.org/baseline-browser-mapping 4ms (cache hit)
1885 silly packumentCache full:https://registry.npmjs.org/baseline-browser-mapping set size:360200 disposed:false
1886 http cache https://registry.npmjs.org/caniuse-lite 7ms (cache hit)
1887 silly packumentCache full:https://registry.npmjs.org/caniuse-lite set size:2240403 disposed:false
1888 http fetch GET 200 https://registry.npmjs.org/yallist 57ms (cache miss)
1889 silly packumentCache full:https://registry.npmjs.org/yallist set size:undefined disposed:false
1890 http fetch GET 200 https://registry.npmjs.org/node-releases 60ms (cache miss)
1891 silly packumentCache full:https://registry.npmjs.org/node-releases set size:undefined disposed:false
1892 http fetch GET 200 https://registry.npmjs.org/update-browserslist-db 71ms (cache miss)
1893 silly packumentCache full:https://registry.npmjs.org/update-browserslist-db set size:undefined disposed:false
1894 http fetch GET 200 https://registry.npmjs.org/electron-to-chromium 490ms (cache miss)
1895 silly packumentCache full:https://registry.npmjs.org/electron-to-chromium set size:undefined disposed:false
1896 silly placeDep ROOT @babel/helper-module-imports@7.27.1 OK for: @babel/helper-module-transforms@7.28.3 want: ^7.27.1
1897 silly placeDep ROOT @babel/helper-globals@7.28.0 OK for: @babel/traverse@7.28.5 want: ^7.28.0
1898 silly placeDep ROOT @babel/helper-string-parser@7.27.1 OK for: @babel/types@7.28.5 want: ^7.27.1
1899 silly fetch manifest browserslist@>= 4.21.0
1900 silly packumentCache full:https://registry.npmjs.org/browserslist cache-miss
1901 http cache https://registry.npmjs.org/browserslist 1ms (cache hit)
1902 silly packumentCache full:https://registry.npmjs.org/browserslist set size:502989 disposed:false
1903 silly placeDep ROOT baseline-browser-mapping@2.9.12 OK for: browserslist@4.28.1 want: ^2.9.0
1904 silly placeDep ROOT caniuse-lite@1.0.30001763 OK for: browserslist@4.28.1 want: ^1.0.30001759
1905 silly placeDep ROOT electron-to-chromium@1.5.267 OK for: browserslist@4.28.1 want: ^1.5.263
1906 silly placeDep ROOT node-releases@2.0.27 OK for: browserslist@4.28.1 want: ^2.0.27
1907 silly placeDep ROOT update-browserslist-db@1.2.3 OK for: browserslist@4.28.1 want: ^1.2.0
1908 silly fetch manifest escalade@^3.2.0
1909 silly packumentCache full:https://registry.npmjs.org/escalade cache-miss
1910 http fetch GET 200 https://registry.npmjs.org/escalade 68ms (cache miss)
1911 silly packumentCache full:https://registry.npmjs.org/escalade set size:undefined disposed:false
1912 silly placeDep ROOT esrecurse@4.3.0 OK for: eslint-scope@8.4.0 want: ^4.3.0
1913 silly placeDep ROOT acorn@8.15.0 OK for: espree@10.4.0 want: ^8.15.0
1914 silly placeDep ROOT acorn-jsx@5.3.2 OK for: espree@10.4.0 want: ^5.3.2
1915 silly placeDep ROOT @nodelib/fs.stat@2.0.5 OK for: fast-glob@3.3.1 want: ^2.0.2
1916 silly placeDep ROOT @nodelib/fs.walk@1.2.8 OK for: fast-glob@3.3.1 want: ^1.2.3
1917 silly placeDep node_modules/fast-glob glob-parent@5.1.2 OK for: fast-glob@3.3.1 want: ^5.1.2
1918 silly placeDep ROOT merge2@1.4.1 OK for: fast-glob@3.3.1 want: ^1.3.0
1919 silly placeDep ROOT micromatch@4.0.8 OK for: fast-glob@3.3.1 want: ^4.0.4
1920 silly fetch manifest fastq@^1.6.0
1921 silly packumentCache full:https://registry.npmjs.org/fastq cache-miss
1922 silly fetch manifest @nodelib/fs.scandir@2.1.5
1923 silly packumentCache full:https://registry.npmjs.org/@nodelib%2ffs.scandir cache-miss
1924 silly fetch manifest braces@^3.0.3
1925 silly packumentCache full:https://registry.npmjs.org/braces cache-miss
1926 silly fetch manifest picomatch@^2.3.1
1927 silly packumentCache full:https://registry.npmjs.org/picomatch cache-miss
1928 http cache https://registry.npmjs.org/picomatch 1ms (cache hit)
1929 silly packumentCache full:https://registry.npmjs.org/picomatch set size:118818 disposed:false
1930 http fetch GET 200 https://registry.npmjs.org/fastq 60ms (cache miss)
1931 silly packumentCache full:https://registry.npmjs.org/fastq set size:undefined disposed:false
1932 http fetch GET 200 https://registry.npmjs.org/@nodelib%2ffs.scandir 87ms (cache miss)
1933 silly packumentCache full:https://registry.npmjs.org/@nodelib%2ffs.scandir set size:undefined disposed:false
1934 http fetch GET 200 https://registry.npmjs.org/braces 101ms (cache miss)
1935 silly packumentCache full:https://registry.npmjs.org/braces set size:undefined disposed:false
1936 silly placeDep ROOT @nodelib/fs.scandir@2.1.5 OK for: @nodelib/fs.walk@1.2.8 want: 2.1.5
1937 silly placeDep ROOT fastq@1.20.1 OK for: @nodelib/fs.walk@1.2.8 want: ^1.6.0
1938 silly fetch manifest run-parallel@^1.1.9
1939 silly packumentCache full:https://registry.npmjs.org/run-parallel cache-miss
1940 silly fetch manifest reusify@^1.0.4
1941 silly packumentCache full:https://registry.npmjs.org/reusify cache-miss
1942 http fetch GET 200 https://registry.npmjs.org/reusify 47ms (cache miss)
1943 silly packumentCache full:https://registry.npmjs.org/reusify set size:undefined disposed:false
1944 http fetch GET 200 https://registry.npmjs.org/run-parallel 49ms (cache miss)
1945 silly packumentCache full:https://registry.npmjs.org/run-parallel set size:undefined disposed:false
1946 silly placeDep ROOT run-parallel@1.2.0 OK for: @nodelib/fs.scandir@2.1.5 want: ^1.1.9
1947 silly fetch manifest queue-microtask@^1.2.2
1948 silly packumentCache full:https://registry.npmjs.org/queue-microtask cache-miss
1949 http fetch GET 200 https://registry.npmjs.org/queue-microtask 45ms (cache miss)
1950 silly packumentCache full:https://registry.npmjs.org/queue-microtask set size:undefined disposed:false
1951 silly placeDep ROOT reusify@1.1.0 OK for: fastq@1.20.1 want: ^1.0.4
1952 silly placeDep ROOT flat-cache@4.0.1 OK for: file-entry-cache@8.0.0 want: ^4.0.0
1953 silly fetch manifest keyv@^4.5.4
1954 silly packumentCache full:https://registry.npmjs.org/keyv cache-miss
1955 silly fetch manifest flatted@^3.2.9
1956 silly packumentCache full:https://registry.npmjs.org/flatted cache-miss
1957 http fetch GET 200 https://registry.npmjs.org/flatted 52ms (cache miss)
1958 silly packumentCache full:https://registry.npmjs.org/flatted set size:undefined disposed:false
1959 http fetch GET 200 https://registry.npmjs.org/keyv 101ms (cache miss)
1960 silly packumentCache full:https://registry.npmjs.org/keyv set size:undefined disposed:false
1961 silly placeDep ROOT locate-path@6.0.0 OK for: find-up@5.0.0 want: ^6.0.0
1962 silly placeDep ROOT path-exists@4.0.0 OK for: find-up@5.0.0 want: ^4.0.0
1963 silly fetch manifest p-locate@^5.0.0
1964 silly packumentCache full:https://registry.npmjs.org/p-locate cache-miss
1965 http fetch GET 200 https://registry.npmjs.org/p-locate 54ms (cache miss)
1966 silly packumentCache full:https://registry.npmjs.org/p-locate set size:undefined disposed:false
1967 silly placeDep ROOT flatted@3.3.3 OK for: flat-cache@4.0.1 want: ^3.2.9
1968 silly placeDep ROOT keyv@4.5.4 OK for: flat-cache@4.0.1 want: ^4.5.4
1969 silly fetch manifest json-buffer@3.0.1
1970 silly packumentCache full:https://registry.npmjs.org/json-buffer cache-miss
1971 http fetch GET 200 https://registry.npmjs.org/json-buffer 48ms (cache miss)
1972 silly packumentCache full:https://registry.npmjs.org/json-buffer set size:undefined disposed:false
1973 silly placeDep ROOT functions-have-names@1.2.3 OK for: function.prototype.name@1.1.8 want: ^1.2.3
1974 silly placeDep ROOT dunder-proto@1.0.1 OK for: get-proto@1.0.1 want: ^1.0.1
1975 silly placeDep ROOT resolve-pkg-maps@1.0.0 OK for: get-tsconfig@4.13.0 want: ^1.0.0
1976 silly placeDep ROOT hermes-estree@0.25.1 OK for: hermes-parser@0.25.1 want: 0.25.1
1977 silly placeDep ROOT parent-module@1.0.1 OK for: import-fresh@3.3.1 want: ^1.0.0
1978 silly placeDep ROOT resolve-from@4.0.0 OK for: import-fresh@3.3.1 want: ^4.0.0
1979 silly fetch manifest callsites@^3.0.0
1980 silly packumentCache full:https://registry.npmjs.org/callsites cache-miss
1981 http fetch GET 200 https://registry.npmjs.org/callsites 64ms (cache miss)
1982 silly packumentCache full:https://registry.npmjs.org/callsites set size:undefined disposed:false
1983 silly placeDep ROOT side-channel@1.1.0 OK for: internal-slot@1.1.0 want: ^1.1.0
1984 silly fetch manifest side-channel-list@^1.0.0
1985 silly packumentCache full:https://registry.npmjs.org/side-channel-list cache-miss
1986 silly fetch manifest side-channel-map@^1.0.1
1987 silly packumentCache full:https://registry.npmjs.org/side-channel-map cache-miss
1988 silly fetch manifest side-channel-weakmap@^1.0.2
1989 silly packumentCache full:https://registry.npmjs.org/side-channel-weakmap cache-miss
1990 http fetch GET 200 https://registry.npmjs.org/side-channel-map 43ms (cache miss)
1991 silly packumentCache full:https://registry.npmjs.org/side-channel-map set size:undefined disposed:false
1992 http fetch GET 200 https://registry.npmjs.org/side-channel-weakmap 43ms (cache miss)
1993 silly packumentCache full:https://registry.npmjs.org/side-channel-weakmap set size:undefined disposed:false
1994 http fetch GET 200 https://registry.npmjs.org/side-channel-list 48ms (cache miss)
1995 silly packumentCache full:https://registry.npmjs.org/side-channel-list set size:undefined disposed:false
1996 silly placeDep node_modules/is-bun-module semver@7.7.3 OK for: is-bun-module@2.0.0 want: ^7.7.1
1997 silly placeDep ROOT is-extglob@2.1.1 OK for: is-glob@4.0.3 want: ^2.1.1
1998 silly placeDep ROOT set-function-name@2.0.2 OK for: iterator.prototype@1.1.5 want: ^2.0.2
1999 silly placeDep ROOT argparse@2.0.1 OK for: js-yaml@4.1.1 want: ^2.0.1
2000 silly placeDep ROOT json-buffer@3.0.1 OK for: keyv@4.5.4 want: 3.0.1
2001 silly placeDep ROOT language-subtag-registry@0.3.23 OK for: language-tags@1.0.9 want: ^0.3.20
2002 silly placeDep ROOT prelude-ls@1.2.1 OK for: levn@0.4.1 want: ^1.2.1
2003 silly placeDep ROOT type-check@0.4.0 OK for: levn@0.4.1 want: ~0.4.0
2004 silly placeDep ROOT detect-libc@2.1.2 OK for: lightningcss@1.30.2 want: ^2.0.3
2005 silly placeDep ROOT lightningcss-android-arm64@1.30.2 OK for: lightningcss@1.30.2 want: 1.30.2
2006 silly placeDep ROOT lightningcss-darwin-arm64@1.30.2 OK for: lightningcss@1.30.2 want: 1.30.2
2007 silly placeDep ROOT lightningcss-darwin-x64@1.30.2 OK for: lightningcss@1.30.2 want: 1.30.2
2008 silly placeDep ROOT lightningcss-freebsd-x64@1.30.2 OK for: lightningcss@1.30.2 want: 1.30.2
2009 silly placeDep ROOT lightningcss-linux-arm-gnueabihf@1.30.2 OK for: lightningcss@1.30.2 want: 1.30.2
2010 silly placeDep ROOT lightningcss-linux-arm64-gnu@1.30.2 OK for: lightningcss@1.30.2 want: 1.30.2
2011 silly placeDep ROOT lightningcss-linux-arm64-musl@1.30.2 OK for: lightningcss@1.30.2 want: 1.30.2
2012 silly placeDep ROOT lightningcss-linux-x64-gnu@1.30.2 OK for: lightningcss@1.30.2 want: 1.30.2
2013 silly placeDep ROOT lightningcss-linux-x64-musl@1.30.2 OK for: lightningcss@1.30.2 want: 1.30.2
2014 silly placeDep ROOT lightningcss-win32-arm64-msvc@1.30.2 OK for: lightningcss@1.30.2 want: 1.30.2
2015 silly placeDep ROOT lightningcss-win32-x64-msvc@1.30.2 OK for: lightningcss@1.30.2 want: 1.30.2
2016 silly placeDep ROOT p-locate@5.0.0 OK for: locate-path@6.0.0 want: ^5.0.0
2017 silly fetch manifest p-limit@^3.0.2
2018 silly packumentCache full:https://registry.npmjs.org/p-limit cache-miss
2019 http fetch GET 200 https://registry.npmjs.org/p-limit 313ms (cache miss)
2020 silly packumentCache full:https://registry.npmjs.org/p-limit set size:undefined disposed:false
2021 silly placeDep ROOT yallist@3.1.1 OK for: lru-cache@5.1.1 want: ^3.0.2
2022 silly placeDep ROOT braces@3.0.3 OK for: micromatch@4.0.8 want: ^3.0.3
2023 silly placeDep ROOT picomatch@2.3.1 OK for: micromatch@4.0.8 want: ^2.3.1
2024 silly fetch manifest fill-range@^7.1.1
2025 silly packumentCache full:https://registry.npmjs.org/fill-range cache-miss
2026 http fetch GET 200 https://registry.npmjs.org/fill-range 47ms (cache miss)
2027 silly packumentCache full:https://registry.npmjs.org/fill-range set size:undefined disposed:false
2028 silly placeDep ROOT fill-range@7.1.1 OK for: braces@3.0.3 want: ^7.1.1
2029 silly fetch manifest to-regex-range@^5.0.1
2030 silly packumentCache full:https://registry.npmjs.org/to-regex-range cache-miss
2031 http fetch GET 200 https://registry.npmjs.org/to-regex-range 86ms (cache miss)
2032 silly packumentCache full:https://registry.npmjs.org/to-regex-range set size:undefined disposed:false
2033 silly placeDep ROOT to-regex-range@5.0.1 OK for: fill-range@7.1.1 want: ^5.0.1
2034 silly fetch manifest is-number@^7.0.0
2035 silly packumentCache full:https://registry.npmjs.org/is-number cache-miss
2036 http fetch GET 200 https://registry.npmjs.org/is-number 68ms (cache miss)
2037 silly packumentCache full:https://registry.npmjs.org/is-number set size:undefined disposed:false
2038 silly placeDep ROOT brace-expansion@1.1.12 OK for: minimatch@3.1.2 want: ^1.1.7
2039 silly fetch manifest balanced-match@^1.0.0
2040 silly packumentCache full:https://registry.npmjs.org/balanced-match cache-miss
2041 silly fetch manifest concat-map@0.0.1
2042 silly packumentCache full:https://registry.npmjs.org/concat-map cache-miss
2043 http fetch GET 200 https://registry.npmjs.org/concat-map 49ms (cache miss)
2044 silly packumentCache full:https://registry.npmjs.org/concat-map set size:undefined disposed:false
2045 http fetch GET 200 https://registry.npmjs.org/balanced-match 55ms (cache miss)
2046 silly packumentCache full:https://registry.npmjs.org/balanced-match set size:undefined disposed:false
2047 silly placeDep ROOT balanced-match@1.0.2 OK for: brace-expansion@1.1.12 want: ^1.0.0
2048 silly placeDep ROOT concat-map@0.0.1 OK for: brace-expansion@1.1.12 want: 0.0.1
2049 silly fetch manifest react@^18.2.0 || 19.0.0-rc-de68d2f4-20241204 || ^19.0.0
2050 silly packumentCache full:https://registry.npmjs.org/react cache-miss
2051 http cache https://registry.npmjs.org/react 8ms (cache hit)
2052 silly packumentCache full:https://registry.npmjs.org/react set size:6366570 disposed:false
2053 silly placeDep ROOT @next/env@16.1.1 OK for: next@16.1.1 want: 16.1.1
2054 silly placeDep ROOT @next/swc-darwin-arm64@16.1.1 OK for: next@16.1.1 want: 16.1.1
2055 silly placeDep ROOT @next/swc-darwin-x64@16.1.1 OK for: next@16.1.1 want: 16.1.1
2056 silly placeDep ROOT @next/swc-linux-arm64-gnu@16.1.1 OK for: next@16.1.1 want: 16.1.1
2057 silly placeDep ROOT @next/swc-linux-arm64-musl@16.1.1 OK for: next@16.1.1 want: 16.1.1
2058 silly placeDep ROOT @next/swc-linux-x64-gnu@16.1.1 OK for: next@16.1.1 want: 16.1.1
2059 silly placeDep ROOT @next/swc-linux-x64-musl@16.1.1 OK for: next@16.1.1 want: 16.1.1
2060 silly placeDep ROOT @next/swc-win32-arm64-msvc@16.1.1 OK for: next@16.1.1 want: 16.1.1
2061 silly placeDep ROOT @next/swc-win32-x64-msvc@16.1.1 OK for: next@16.1.1 want: 16.1.1
2062 silly placeDep ROOT @swc/helpers@0.5.15 OK for: next@16.1.1 want: 0.5.15
2063 silly placeDep node_modules/next postcss@8.4.31 OK for: next@16.1.1 want: 8.4.31
2064 silly placeDep ROOT sharp@0.34.5 OK for: next@16.1.1 want: ^0.34.4
2065 silly placeDep ROOT styled-jsx@5.1.6 OK for: next@16.1.1 want: 5.1.6
2066 silly fetch manifest tslib@^2.8.0
2067 silly packumentCache full:https://registry.npmjs.org/tslib cache-miss
2068 silly fetch manifest nanoid@^3.3.6
2069 silly packumentCache full:https://registry.npmjs.org/nanoid cache-miss
2070 silly fetch manifest semver@^7.7.3
2071 silly packumentCache full:https://registry.npmjs.org/semver cache-hit
2072 silly fetch manifest @img/colour@^1.0.0
2073 silly packumentCache full:https://registry.npmjs.org/@img%2fcolour cache-miss
2074 silly fetch manifest @img/sharp-wasm32@0.34.5
2075 silly packumentCache full:https://registry.npmjs.org/@img%2fsharp-wasm32 cache-miss
2076 silly fetch manifest @img/sharp-linux-arm@0.34.5
2077 silly packumentCache full:https://registry.npmjs.org/@img%2fsharp-linux-arm cache-miss
2078 silly fetch manifest @img/sharp-linux-x64@0.34.5
2079 silly packumentCache full:https://registry.npmjs.org/@img%2fsharp-linux-x64 cache-miss
2080 silly fetch manifest @img/sharp-win32-x64@0.34.5
2081 silly packumentCache full:https://registry.npmjs.org/@img%2fsharp-win32-x64 cache-miss
2082 silly fetch manifest @img/sharp-darwin-x64@0.34.5
2083 silly packumentCache full:https://registry.npmjs.org/@img%2fsharp-darwin-x64 cache-miss
2084 silly fetch manifest @img/sharp-win32-ia32@0.34.5
2085 silly packumentCache full:https://registry.npmjs.org/@img%2fsharp-win32-ia32 cache-miss
2086 http cache https://registry.npmjs.org/nanoid 8ms (cache hit)
2087 silly packumentCache full:https://registry.npmjs.org/nanoid set size:298419 disposed:false
2088 silly fetch manifest @img/sharp-linux-arm64@0.34.5
2089 silly packumentCache full:https://registry.npmjs.org/@img%2fsharp-linux-arm64 cache-miss
2090 http fetch GET 200 https://registry.npmjs.org/@img%2fsharp-linux-x64 54ms (cache miss)
2091 silly packumentCache full:https://registry.npmjs.org/@img%2fsharp-linux-x64 set size:undefined disposed:false
2092 silly fetch manifest @img/sharp-linux-ppc64@0.34.5
2093 silly packumentCache full:https://registry.npmjs.org/@img%2fsharp-linux-ppc64 cache-miss
2094 http fetch GET 200 https://registry.npmjs.org/tslib 56ms (cache miss)
2095 silly packumentCache full:https://registry.npmjs.org/tslib set size:undefined disposed:false
2096 silly fetch manifest @img/sharp-linux-s390x@0.34.5
2097 silly packumentCache full:https://registry.npmjs.org/@img%2fsharp-linux-s390x cache-miss
2098 http fetch GET 200 https://registry.npmjs.org/@img%2fcolour 63ms (cache miss)
2099 silly packumentCache full:https://registry.npmjs.org/@img%2fcolour set size:undefined disposed:false
2100 silly fetch manifest @img/sharp-win32-arm64@0.34.5
2101 silly packumentCache full:https://registry.npmjs.org/@img%2fsharp-win32-arm64 cache-miss
2102 http fetch GET 200 https://registry.npmjs.org/@img%2fsharp-linux-arm64 62ms (cache miss)
2103 silly packumentCache full:https://registry.npmjs.org/@img%2fsharp-linux-arm64 set size:undefined disposed:false
2104 silly fetch manifest @img/sharp-darwin-arm64@0.34.5
2105 silly packumentCache full:https://registry.npmjs.org/@img%2fsharp-darwin-arm64 cache-miss
2106 http fetch GET 200 https://registry.npmjs.org/@img%2fsharp-linux-arm 74ms (cache miss)
2107 silly packumentCache full:https://registry.npmjs.org/@img%2fsharp-linux-arm set size:undefined disposed:false
2108 silly fetch manifest @img/sharp-linux-riscv64@0.34.5
2109 silly packumentCache full:https://registry.npmjs.org/@img%2fsharp-linux-riscv64 cache-miss
2110 http fetch GET 200 https://registry.npmjs.org/@img%2fsharp-darwin-x64 87ms (cache miss)
2111 silly packumentCache full:https://registry.npmjs.org/@img%2fsharp-darwin-x64 set size:undefined disposed:false
2112 silly fetch manifest @img/sharp-linuxmusl-x64@0.34.5
2113 silly packumentCache full:https://registry.npmjs.org/@img%2fsharp-linuxmusl-x64 cache-miss
2114 http fetch GET 200 https://registry.npmjs.org/@img%2fsharp-win32-x64 90ms (cache miss)
2115 silly packumentCache full:https://registry.npmjs.org/@img%2fsharp-win32-x64 set size:undefined disposed:false
2116 silly fetch manifest @img/sharp-linuxmusl-arm64@0.34.5
2117 silly packumentCache full:https://registry.npmjs.org/@img%2fsharp-linuxmusl-arm64 cache-miss
2118 http fetch GET 200 https://registry.npmjs.org/@img%2fsharp-win32-ia32 95ms (cache miss)
2119 silly packumentCache full:https://registry.npmjs.org/@img%2fsharp-win32-ia32 set size:undefined disposed:false
2120 silly fetch manifest @img/sharp-libvips-linux-arm@1.2.4
2121 silly packumentCache full:https://registry.npmjs.org/@img%2fsharp-libvips-linux-arm cache-miss
2122 http fetch GET 200 https://registry.npmjs.org/@img%2fsharp-win32-arm64 62ms (cache miss)
2123 silly packumentCache full:https://registry.npmjs.org/@img%2fsharp-win32-arm64 set size:undefined disposed:false
2124 silly fetch manifest @img/sharp-libvips-linux-x64@1.2.4
2125 silly packumentCache full:https://registry.npmjs.org/@img%2fsharp-libvips-linux-x64 cache-miss
2126 http fetch GET 200 https://registry.npmjs.org/@img%2fsharp-linux-ppc64 74ms (cache miss)
2127 silly packumentCache full:https://registry.npmjs.org/@img%2fsharp-linux-ppc64 set size:undefined disposed:false
2128 silly fetch manifest @img/sharp-libvips-darwin-x64@1.2.4
2129 silly packumentCache full:https://registry.npmjs.org/@img%2fsharp-libvips-darwin-x64 cache-miss
2130 http fetch GET 200 https://registry.npmjs.org/@img%2fsharp-darwin-arm64 68ms (cache miss)
2131 silly packumentCache full:https://registry.npmjs.org/@img%2fsharp-darwin-arm64 set size:undefined disposed:false
2132 silly fetch manifest @img/sharp-libvips-linux-arm64@1.2.4
2133 silly packumentCache full:https://registry.npmjs.org/@img%2fsharp-libvips-linux-arm64 cache-miss
2134 http fetch GET 200 https://registry.npmjs.org/@img%2fsharp-linuxmusl-arm64 75ms (cache miss)
2135 silly packumentCache full:https://registry.npmjs.org/@img%2fsharp-linuxmusl-arm64 set size:undefined disposed:false
2136 silly fetch manifest @img/sharp-libvips-linux-ppc64@1.2.4
2137 silly packumentCache full:https://registry.npmjs.org/@img%2fsharp-libvips-linux-ppc64 cache-miss
2138 http fetch GET 200 https://registry.npmjs.org/@img%2fsharp-linuxmusl-x64 81ms (cache miss)
2139 silly packumentCache full:https://registry.npmjs.org/@img%2fsharp-linuxmusl-x64 set size:undefined disposed:false
2140 silly fetch manifest @img/sharp-libvips-linux-s390x@1.2.4
2141 silly packumentCache full:https://registry.npmjs.org/@img%2fsharp-libvips-linux-s390x cache-miss
2142 http fetch GET 200 https://registry.npmjs.org/@img%2fsharp-libvips-linux-arm 82ms (cache miss)
2143 silly packumentCache full:https://registry.npmjs.org/@img%2fsharp-libvips-linux-arm set size:undefined disposed:false
2144 silly fetch manifest @img/sharp-libvips-darwin-arm64@1.2.4
2145 silly packumentCache full:https://registry.npmjs.org/@img%2fsharp-libvips-darwin-arm64 cache-miss
2146 http fetch GET 200 https://registry.npmjs.org/@img%2fsharp-libvips-linux-x64 60ms (cache miss)
2147 silly packumentCache full:https://registry.npmjs.org/@img%2fsharp-libvips-linux-x64 set size:undefined disposed:false
2148 silly fetch manifest @img/sharp-libvips-linux-riscv64@1.2.4
2149 silly packumentCache full:https://registry.npmjs.org/@img%2fsharp-libvips-linux-riscv64 cache-miss
2150 http fetch GET 200 https://registry.npmjs.org/@img%2fsharp-libvips-linux-arm64 62ms (cache miss)
2151 silly packumentCache full:https://registry.npmjs.org/@img%2fsharp-libvips-linux-arm64 set size:undefined disposed:false
2152 silly fetch manifest @img/sharp-libvips-linuxmusl-x64@1.2.4
2153 silly packumentCache full:https://registry.npmjs.org/@img%2fsharp-libvips-linuxmusl-x64 cache-miss
2154 http fetch GET 200 https://registry.npmjs.org/@img%2fsharp-libvips-darwin-x64 80ms (cache miss)
2155 silly packumentCache full:https://registry.npmjs.org/@img%2fsharp-libvips-darwin-x64 set size:undefined disposed:false
2156 silly fetch manifest @img/sharp-libvips-linuxmusl-arm64@1.2.4
2157 silly packumentCache full:https://registry.npmjs.org/@img%2fsharp-libvips-linuxmusl-arm64 cache-miss
2158 http fetch GET 200 https://registry.npmjs.org/@img%2fsharp-libvips-linux-riscv64 55ms (cache miss)
2159 silly packumentCache full:https://registry.npmjs.org/@img%2fsharp-libvips-linux-riscv64 set size:undefined disposed:false
2160 silly fetch manifest client-only@0.0.1
2161 silly packumentCache full:https://registry.npmjs.org/client-only cache-miss
2162 http fetch GET 200 https://registry.npmjs.org/@img%2fsharp-libvips-linux-ppc64 82ms (cache miss)
2163 silly packumentCache full:https://registry.npmjs.org/@img%2fsharp-libvips-linux-ppc64 set size:undefined disposed:false
2164 http fetch GET 200 https://registry.npmjs.org/@img%2fsharp-libvips-darwin-arm64 75ms (cache miss)
2165 silly packumentCache full:https://registry.npmjs.org/@img%2fsharp-libvips-darwin-arm64 set size:undefined disposed:false
2166 http fetch GET 200 https://registry.npmjs.org/@img%2fsharp-libvips-linuxmusl-x64 61ms (cache miss)
2167 silly packumentCache full:https://registry.npmjs.org/@img%2fsharp-libvips-linuxmusl-x64 set size:undefined disposed:false
2168 http fetch GET 200 https://registry.npmjs.org/client-only 43ms (cache miss)
2169 silly packumentCache full:https://registry.npmjs.org/client-only set size:undefined disposed:false
2170 http fetch GET 200 https://registry.npmjs.org/@img%2fsharp-libvips-linuxmusl-arm64 76ms (cache miss)
2171 silly packumentCache full:https://registry.npmjs.org/@img%2fsharp-libvips-linuxmusl-arm64 set size:undefined disposed:false
2172 http fetch GET 200 https://registry.npmjs.org/@img%2fsharp-linux-s390x 241ms (cache miss)
2173 silly packumentCache full:https://registry.npmjs.org/@img%2fsharp-linux-s390x set size:undefined disposed:false
2174 http fetch GET 200 https://registry.npmjs.org/@img%2fsharp-wasm32 367ms (cache miss)
2175 silly packumentCache full:https://registry.npmjs.org/@img%2fsharp-wasm32 set size:undefined disposed:false
2176 http fetch GET 200 https://registry.npmjs.org/@img%2fsharp-linux-riscv64 332ms (cache miss)
2177 silly packumentCache full:https://registry.npmjs.org/@img%2fsharp-linux-riscv64 set size:undefined disposed:false
2178 http fetch GET 200 https://registry.npmjs.org/@img%2fsharp-libvips-linux-s390x 249ms (cache miss)
2179 silly packumentCache full:https://registry.npmjs.org/@img%2fsharp-libvips-linux-s390x set size:undefined disposed:false
2180 silly placeDep ROOT tslib@2.8.1 OK for: @swc/helpers@0.5.15 want: ^2.8.0
2181 silly placeDep ROOT deep-is@0.1.4 OK for: optionator@0.9.4 want: ^0.1.3
2182 silly placeDep ROOT fast-levenshtein@2.0.6 OK for: optionator@0.9.4 want: ^2.0.6
2183 silly placeDep ROOT word-wrap@1.2.5 OK for: optionator@0.9.4 want: ^1.2.5
2184 silly placeDep ROOT p-limit@3.1.0 OK for: p-locate@5.0.0 want: ^3.0.2
2185 silly fetch manifest yocto-queue@^0.1.0
2186 silly packumentCache full:https://registry.npmjs.org/yocto-queue cache-miss
2187 http fetch GET 200 https://registry.npmjs.org/yocto-queue 52ms (cache miss)
2188 silly packumentCache full:https://registry.npmjs.org/yocto-queue set size:undefined disposed:false
2189 silly placeDep ROOT yocto-queue@0.1.0 OK for: p-limit@3.1.0 want: ^0.1.0
2190 silly placeDep ROOT callsites@3.1.0 OK for: parent-module@1.0.1 want: ^3.0.0
2191 silly placeDep ROOT nanoid@3.3.11 OK for: postcss@8.5.6 want: ^3.3.11
2192 silly placeDep ROOT loose-envify@1.4.0 OK for: prop-types@15.8.1 want: ^1.4.0
2193 silly placeDep ROOT object-assign@4.1.1 OK for: prop-types@15.8.1 want: ^4.1.1
2194 silly placeDep ROOT react-is@16.13.1 OK for: prop-types@15.8.1 want: ^16.13.1
2195 silly placeDep ROOT scheduler@0.27.0 OK for: react-dom@19.2.3 want: ^0.27.0
2196 silly placeDep ROOT path-parse@1.0.7 OK for: resolve@1.22.11 want: ^1.0.7
2197 silly placeDep ROOT supports-preserve-symlinks-flag@1.0.0 OK for: resolve@1.22.11 want: ^1.0.0
2198 silly placeDep ROOT queue-microtask@1.2.3 OK for: run-parallel@1.2.0 want: ^1.2.2
2199 silly placeDep ROOT isarray@2.0.5 OK for: safe-array-concat@1.1.3 want: ^2.0.5
2200 silly placeDep ROOT @img/colour@1.0.0 OK for: sharp@0.34.5 want: ^1.0.0
2201 silly placeDep ROOT @img/sharp-darwin-arm64@0.34.5 OK for: sharp@0.34.5 want: 0.34.5
2202 silly placeDep ROOT @img/sharp-darwin-x64@0.34.5 OK for: sharp@0.34.5 want: 0.34.5
2203 silly placeDep ROOT @img/sharp-libvips-darwin-arm64@1.2.4 OK for: sharp@0.34.5 want: 1.2.4
2204 silly placeDep ROOT @img/sharp-libvips-darwin-x64@1.2.4 OK for: sharp@0.34.5 want: 1.2.4
2205 silly placeDep ROOT @img/sharp-libvips-linux-arm@1.2.4 OK for: sharp@0.34.5 want: 1.2.4
2206 silly placeDep ROOT @img/sharp-libvips-linux-arm64@1.2.4 OK for: sharp@0.34.5 want: 1.2.4
2207 silly placeDep ROOT @img/sharp-libvips-linux-ppc64@1.2.4 OK for: sharp@0.34.5 want: 1.2.4
2208 silly placeDep ROOT @img/sharp-libvips-linux-riscv64@1.2.4 OK for: sharp@0.34.5 want: 1.2.4
2209 silly placeDep ROOT @img/sharp-libvips-linux-s390x@1.2.4 OK for: sharp@0.34.5 want: 1.2.4
2210 silly placeDep ROOT @img/sharp-libvips-linux-x64@1.2.4 OK for: sharp@0.34.5 want: 1.2.4
2211 silly placeDep ROOT @img/sharp-libvips-linuxmusl-arm64@1.2.4 OK for: sharp@0.34.5 want: 1.2.4
2212 silly placeDep ROOT @img/sharp-libvips-linuxmusl-x64@1.2.4 OK for: sharp@0.34.5 want: 1.2.4
2213 silly placeDep ROOT @img/sharp-linux-arm@0.34.5 OK for: sharp@0.34.5 want: 0.34.5
2214 silly placeDep ROOT @img/sharp-linux-arm64@0.34.5 OK for: sharp@0.34.5 want: 0.34.5
2215 silly placeDep ROOT @img/sharp-linux-ppc64@0.34.5 OK for: sharp@0.34.5 want: 0.34.5
2216 silly placeDep ROOT @img/sharp-linux-riscv64@0.34.5 OK for: sharp@0.34.5 want: 0.34.5
2217 silly placeDep ROOT @img/sharp-linux-s390x@0.34.5 OK for: sharp@0.34.5 want: 0.34.5
2218 silly placeDep ROOT @img/sharp-linux-x64@0.34.5 OK for: sharp@0.34.5 want: 0.34.5
2219 silly placeDep ROOT @img/sharp-linuxmusl-arm64@0.34.5 OK for: sharp@0.34.5 want: 0.34.5
2220 silly placeDep ROOT @img/sharp-linuxmusl-x64@0.34.5 OK for: sharp@0.34.5 want: 0.34.5
2221 silly placeDep ROOT @img/sharp-wasm32@0.34.5 OK for: sharp@0.34.5 want: 0.34.5
2222 silly placeDep ROOT @img/sharp-win32-arm64@0.34.5 OK for: sharp@0.34.5 want: 0.34.5
2223 silly placeDep ROOT @img/sharp-win32-ia32@0.34.5 OK for: sharp@0.34.5 want: 0.34.5
2224 silly placeDep ROOT @img/sharp-win32-x64@0.34.5 OK for: sharp@0.34.5 want: 0.34.5
2225 silly placeDep node_modules/sharp semver@7.7.3 OK for: sharp@0.34.5 want: ^7.7.3
2226 silly fetch manifest @emnapi/runtime@^1.7.0
2227 silly packumentCache full:https://registry.npmjs.org/@emnapi%2fruntime cache-miss
2228 http fetch GET 200 https://registry.npmjs.org/@emnapi%2fruntime 93ms (cache miss)
2229 silly packumentCache full:https://registry.npmjs.org/@emnapi%2fruntime set size:undefined disposed:false
2230 silly placeDep ROOT @emnapi/runtime@1.8.1 OK for: @img/sharp-wasm32@0.34.5 want: ^1.7.0
2231 silly placeDep ROOT shebang-regex@3.0.0 OK for: shebang-command@2.0.0 want: ^3.0.0
2232 silly placeDep ROOT side-channel-list@1.0.0 OK for: side-channel@1.1.0 want: ^1.0.0
2233 silly placeDep ROOT side-channel-map@1.0.1 OK for: side-channel@1.1.0 want: ^1.0.1
2234 silly placeDep ROOT side-channel-weakmap@1.0.2 OK for: side-channel@1.1.0 want: ^1.0.2
2235 silly placeDep ROOT client-only@0.0.1 OK for: styled-jsx@5.1.6 want: 0.0.1
2236 silly placeDep ROOT has-flag@4.0.0 OK for: supports-color@7.2.0 want: ^4.0.0
2237 silly placeDep node_modules/tinyglobby fdir@6.5.0 OK for: tinyglobby@0.2.15 want: ^6.5.0
2238 silly placeDep node_modules/tinyglobby picomatch@4.0.3 OK for: fdir@6.5.0 want: ^3 || ^4
2239 silly placeDep ROOT is-number@7.0.0 OK for: to-regex-range@5.0.1 want: ^7.0.0
2240 silly placeDep ROOT @types/json5@0.0.29 OK for: tsconfig-paths@3.15.0 want: ^0.0.29
2241 silly placeDep node_modules/tsconfig-paths json5@1.0.2 OK for: tsconfig-paths@3.15.0 want: ^1.0.2
2242 silly placeDep ROOT minimist@1.2.8 OK for: tsconfig-paths@3.15.0 want: ^1.2.6
2243 silly placeDep ROOT strip-bom@3.0.0 OK for: tsconfig-paths@3.15.0 want: ^3.0.0
2244 silly fetch manifest minimist@^1.2.0
2245 silly packumentCache full:https://registry.npmjs.org/minimist cache-miss
2246 http cache https://registry.npmjs.org/minimist 2ms (cache hit)
2247 silly packumentCache full:https://registry.npmjs.org/minimist set size:77082 disposed:false
2248 silly placeDep ROOT for-each@0.3.5 OK for: typed-array-byte-length@1.0.3 want: ^0.3.3
2249 silly placeDep ROOT reflect.getprototypeof@1.0.10 OK for: typed-array-byte-offset@1.0.4 want: ^1.0.9
2250 silly fetch manifest which-builtin-type@^1.2.1
2251 silly packumentCache full:https://registry.npmjs.org/which-builtin-type cache-miss
2252 http fetch GET 200 https://registry.npmjs.org/which-builtin-type 45ms (cache miss)
2253 silly packumentCache full:https://registry.npmjs.org/which-builtin-type set size:undefined disposed:false
2254 silly placeDep ROOT which-builtin-type@1.2.1 OK for: reflect.getprototypeof@1.0.10 want: ^1.2.1
2255 silly fetch manifest is-async-function@^2.0.0
2256 silly packumentCache full:https://registry.npmjs.org/is-async-function cache-miss
2257 silly fetch manifest is-finalizationregistry@^1.1.0
2258 silly packumentCache full:https://registry.npmjs.org/is-finalizationregistry cache-miss
2259 silly fetch manifest is-generator-function@^1.0.10
2260 silly packumentCache full:https://registry.npmjs.org/is-generator-function cache-miss
2261 silly fetch manifest which-boxed-primitive@^1.1.0
2262 silly packumentCache full:https://registry.npmjs.org/which-boxed-primitive cache-miss
2263 silly fetch manifest which-collection@^1.0.2
2264 silly packumentCache full:https://registry.npmjs.org/which-collection cache-miss
2265 http cache https://registry.npmjs.org/which-boxed-primitive 2ms (cache hit)
2266 silly packumentCache full:https://registry.npmjs.org/which-boxed-primitive set size:19407 disposed:false
2267 http fetch GET 200 https://registry.npmjs.org/is-async-function 45ms (cache miss)
2268 silly packumentCache full:https://registry.npmjs.org/is-async-function set size:undefined disposed:false
2269 http fetch GET 200 https://registry.npmjs.org/is-finalizationregistry 47ms (cache miss)
2270 silly packumentCache full:https://registry.npmjs.org/is-finalizationregistry set size:undefined disposed:false
2271 http fetch GET 200 https://registry.npmjs.org/is-generator-function 50ms (cache miss)
2272 silly packumentCache full:https://registry.npmjs.org/is-generator-function set size:undefined disposed:false
2273 http fetch GET 200 https://registry.npmjs.org/which-collection 59ms (cache miss)
2274 silly packumentCache full:https://registry.npmjs.org/which-collection set size:undefined disposed:false
2275 silly fetch manifest eslint@^8.57.0 || ^9.0.0
2276 silly packumentCache full:https://registry.npmjs.org/eslint cache-miss
2277 http cache https://registry.npmjs.org/eslint 3ms (cache hit)
2278 silly packumentCache full:https://registry.npmjs.org/eslint set size:1900943 disposed:false
2279 silly fetch manifest typescript@>=4.8.4 <6.0.0
2280 silly packumentCache full:https://registry.npmjs.org/typescript cache-miss
2281 http cache https://registry.npmjs.org/typescript 15ms (cache hit)
2282 silly packumentCache full:https://registry.npmjs.org/typescript set size:15103294 disposed:false
2283 silly placeDep ROOT @typescript-eslint/eslint-plugin@8.52.0 OK for: typescript-eslint@8.52.0 want: 8.52.0
2284 silly placeDep ROOT @typescript-eslint/parser@8.52.0 OK for: @typescript-eslint/eslint-plugin@8.52.0 want: ^8.52.0
2285 silly placeDep ROOT @typescript-eslint/typescript-estree@8.52.0 OK for: typescript-eslint@8.52.0 want: 8.52.0
2286 silly placeDep ROOT @typescript-eslint/utils@8.52.0 OK for: typescript-eslint@8.52.0 want: 8.52.0
2287 silly fetch manifest ignore@^7.0.5
2288 silly packumentCache full:https://registry.npmjs.org/ignore cache-miss
2289 silly fetch manifest ts-api-utils@^2.4.0
2290 silly packumentCache full:https://registry.npmjs.org/ts-api-utils cache-miss
2291 silly fetch manifest @typescript-eslint/type-utils@8.52.0
2292 silly packumentCache full:https://registry.npmjs.org/@typescript-eslint%2ftype-utils cache-miss
2293 silly fetch manifest @typescript-eslint/visitor-keys@8.52.0
2294 silly packumentCache full:https://registry.npmjs.org/@typescript-eslint%2fvisitor-keys cache-miss
2295 silly fetch manifest @typescript-eslint/scope-manager@8.52.0
2296 silly packumentCache full:https://registry.npmjs.org/@typescript-eslint%2fscope-manager cache-miss
2297 silly fetch manifest @typescript-eslint/types@8.52.0
2298 silly packumentCache full:https://registry.npmjs.org/@typescript-eslint%2ftypes cache-miss
2299 silly fetch manifest @typescript-eslint/visitor-keys@8.52.0
2300 silly packumentCache full:https://registry.npmjs.org/@typescript-eslint%2fvisitor-keys cache-miss
2301 silly fetch manifest @typescript-eslint/scope-manager@8.52.0
2302 silly packumentCache full:https://registry.npmjs.org/@typescript-eslint%2fscope-manager cache-miss
2303 silly fetch manifest minimatch@^9.0.5
2304 silly packumentCache full:https://registry.npmjs.org/minimatch cache-miss
2305 http cache https://registry.npmjs.org/minimatch 3ms (cache hit)
2306 silly packumentCache full:https://registry.npmjs.org/minimatch set size:303959 disposed:false
2307 silly fetch manifest ts-api-utils@^2.4.0
2308 silly packumentCache full:https://registry.npmjs.org/ts-api-utils cache-miss
2309 http cache https://registry.npmjs.org/ignore 4ms (cache hit)
2310 silly packumentCache full:https://registry.npmjs.org/ignore set size:237380 disposed:false
2311 silly fetch manifest @typescript-eslint/types@8.52.0
2312 silly packumentCache full:https://registry.npmjs.org/@typescript-eslint%2ftypes cache-miss
2313 http fetch GET 200 https://registry.npmjs.org/ts-api-utils 51ms (cache miss)
2314 silly packumentCache full:https://registry.npmjs.org/ts-api-utils set size:undefined disposed:false
2315 silly fetch manifest @typescript-eslint/visitor-keys@8.52.0
2316 silly packumentCache full:https://registry.npmjs.org/@typescript-eslint%2fvisitor-keys cache-miss
2317 http fetch GET 200 https://registry.npmjs.org/ts-api-utils 49ms (cache miss)
2318 silly packumentCache full:https://registry.npmjs.org/ts-api-utils set size:undefined disposed:false
2319 silly fetch manifest @typescript-eslint/tsconfig-utils@8.52.0
2320 silly packumentCache full:https://registry.npmjs.org/@typescript-eslint%2ftsconfig-utils cache-miss
2321 http fetch GET 200 https://registry.npmjs.org/@typescript-eslint%2ftsconfig-utils 1140ms (cache miss)
2322 silly packumentCache full:https://registry.npmjs.org/@typescript-eslint%2ftsconfig-utils set size:undefined disposed:false
2323 silly fetch manifest @typescript-eslint/project-service@8.52.0
2324 silly packumentCache full:https://registry.npmjs.org/@typescript-eslint%2fproject-service cache-miss
2325 http fetch GET 200 https://registry.npmjs.org/@typescript-eslint%2fvisitor-keys 1197ms (cache miss)
2326 silly packumentCache full:https://registry.npmjs.org/@typescript-eslint%2fvisitor-keys set size:undefined disposed:false
2327 silly fetch manifest @typescript-eslint/types@8.52.0
2328 silly packumentCache full:https://registry.npmjs.org/@typescript-eslint%2ftypes cache-miss
2329 http fetch GET 200 https://registry.npmjs.org/@typescript-eslint%2fproject-service 331ms (cache miss)
2330 silly packumentCache full:https://registry.npmjs.org/@typescript-eslint%2fproject-service set size:undefined disposed:false
2331 silly fetch manifest @typescript-eslint/scope-manager@8.52.0
2332 silly packumentCache full:https://registry.npmjs.org/@typescript-eslint%2fscope-manager cache-miss
2333 http fetch GET 200 https://registry.npmjs.org/@typescript-eslint%2fscope-manager 2252ms (cache miss)
2334 silly packumentCache full:https://registry.npmjs.org/@typescript-eslint%2fscope-manager set size:undefined disposed:false
2335 http fetch GET 200 https://registry.npmjs.org/@typescript-eslint%2fvisitor-keys 2937ms (cache miss)
2336 silly packumentCache full:https://registry.npmjs.org/@typescript-eslint%2fvisitor-keys set size:undefined disposed:false
2337 http fetch GET 200 https://registry.npmjs.org/@typescript-eslint%2fscope-manager 2339ms (cache miss)
2338 silly packumentCache full:https://registry.npmjs.org/@typescript-eslint%2fscope-manager set size:undefined disposed:false
2339 http fetch GET 200 https://registry.npmjs.org/@typescript-eslint%2ftype-utils 4711ms (cache miss)
2340 silly packumentCache full:https://registry.npmjs.org/@typescript-eslint%2ftype-utils set size:undefined disposed:false
2341 http fetch GET 200 https://registry.npmjs.org/@typescript-eslint%2fvisitor-keys 5001ms (cache miss)
2342 silly packumentCache full:https://registry.npmjs.org/@typescript-eslint%2fvisitor-keys set size:undefined disposed:false
2343 http fetch GET 200 https://registry.npmjs.org/@typescript-eslint%2fscope-manager 5112ms (cache miss)
2344 silly packumentCache full:https://registry.npmjs.org/@typescript-eslint%2fscope-manager set size:undefined disposed:false
2345 http fetch GET 200 https://registry.npmjs.org/@typescript-eslint%2ftypes 5146ms (cache miss)
2346 silly packumentCache full:https://registry.npmjs.org/@typescript-eslint%2ftypes set size:undefined disposed:false
2347 http fetch GET 200 https://registry.npmjs.org/@typescript-eslint%2ftypes 5758ms (cache miss)
2348 silly packumentCache full:https://registry.npmjs.org/@typescript-eslint%2ftypes set size:undefined disposed:false
2349 http fetch GET 200 https://registry.npmjs.org/@typescript-eslint%2ftypes 4670ms (cache miss)
2350 silly packumentCache full:https://registry.npmjs.org/@typescript-eslint%2ftypes set size:undefined disposed:false
2351 silly placeDep ROOT @typescript-eslint/scope-manager@8.52.0 OK for: @typescript-eslint/eslint-plugin@8.52.0 want: 8.52.0
2352 silly placeDep ROOT @typescript-eslint/type-utils@8.52.0 OK for: @typescript-eslint/eslint-plugin@8.52.0 want: 8.52.0
2353 silly placeDep ROOT @typescript-eslint/visitor-keys@8.52.0 OK for: @typescript-eslint/eslint-plugin@8.52.0 want: 8.52.0
2354 silly placeDep node_modules/@typescript-eslint/eslint-plugin ignore@7.0.5 OK for: @typescript-eslint/eslint-plugin@8.52.0 want: ^7.0.5
2355 silly placeDep ROOT ts-api-utils@2.4.0 OK for: @typescript-eslint/eslint-plugin@8.52.0 want: ^2.4.0
2356 silly placeDep ROOT @typescript-eslint/types@8.52.0 OK for: @typescript-eslint/parser@8.52.0 want: 8.52.0
2357 silly placeDep ROOT @typescript-eslint/project-service@8.52.0 OK for: @typescript-eslint/typescript-estree@8.52.0 want: 8.52.0
2358 silly placeDep ROOT @typescript-eslint/tsconfig-utils@8.52.0 OK for: @typescript-eslint/typescript-estree@8.52.0 want: 8.52.0
2359 silly placeDep node_modules/@typescript-eslint/typescript-estree minimatch@9.0.5 OK for: @typescript-eslint/typescript-estree@8.52.0 want: ^9.0.5
2360 silly placeDep node_modules/@typescript-eslint/typescript-estree semver@7.7.3 OK for: @typescript-eslint/typescript-estree@8.52.0 want: ^7.7.3
2361 silly fetch manifest @typescript-eslint/tsconfig-utils@^8.52.0
2362 silly packumentCache full:https://registry.npmjs.org/@typescript-eslint%2ftsconfig-utils cache-miss
2363 silly fetch manifest brace-expansion@^2.0.1
2364 silly packumentCache full:https://registry.npmjs.org/brace-expansion cache-miss
2365 http cache https://registry.npmjs.org/brace-expansion 2ms (cache hit)
2366 silly packumentCache full:https://registry.npmjs.org/brace-expansion set size:46250 disposed:false
2367 http cache https://registry.npmjs.org/@typescript-eslint%2ftsconfig-utils 2ms (cache hit)
2368 silly packumentCache full:https://registry.npmjs.org/@typescript-eslint%2ftsconfig-utils set size:790825 disposed:false
2369 silly placeDep ROOT has-bigints@1.1.0 OK for: unbox-primitive@1.1.0 want: ^1.0.2
2370 silly placeDep ROOT which-boxed-primitive@1.1.1 OK for: unbox-primitive@1.1.0 want: ^1.1.1
2371 silly fetch manifest is-bigint@^1.1.0
2372 silly packumentCache full:https://registry.npmjs.org/is-bigint cache-miss
2373 silly fetch manifest is-boolean-object@^1.2.1
2374 silly packumentCache full:https://registry.npmjs.org/is-boolean-object cache-miss
2375 silly fetch manifest is-number-object@^1.1.1
2376 silly packumentCache full:https://registry.npmjs.org/is-number-object cache-miss
2377 http fetch GET 200 https://registry.npmjs.org/is-bigint 45ms (cache miss)
2378 silly packumentCache full:https://registry.npmjs.org/is-bigint set size:undefined disposed:false
2379 http fetch GET 200 https://registry.npmjs.org/is-number-object 48ms (cache miss)
2380 silly packumentCache full:https://registry.npmjs.org/is-number-object set size:undefined disposed:false
2381 http fetch GET 200 https://registry.npmjs.org/is-boolean-object 49ms (cache miss)
2382 silly packumentCache full:https://registry.npmjs.org/is-boolean-object set size:undefined disposed:false
2383 silly placeDep ROOT @unrs/resolver-binding-android-arm-eabi@1.11.1 OK for: unrs-resolver@1.11.1 want: 1.11.1
2384 silly placeDep ROOT @unrs/resolver-binding-android-arm64@1.11.1 OK for: unrs-resolver@1.11.1 want: 1.11.1
2385 silly placeDep ROOT @unrs/resolver-binding-darwin-arm64@1.11.1 OK for: unrs-resolver@1.11.1 want: 1.11.1
2386 silly placeDep ROOT @unrs/resolver-binding-darwin-x64@1.11.1 OK for: unrs-resolver@1.11.1 want: 1.11.1
2387 silly placeDep ROOT @unrs/resolver-binding-freebsd-x64@1.11.1 OK for: unrs-resolver@1.11.1 want: 1.11.1
2388 silly placeDep ROOT @unrs/resolver-binding-linux-arm-gnueabihf@1.11.1 OK for: unrs-resolver@1.11.1 want: 1.11.1
2389 silly placeDep ROOT @unrs/resolver-binding-linux-arm-musleabihf@1.11.1 OK for: unrs-resolver@1.11.1 want: 1.11.1
2390 silly placeDep ROOT @unrs/resolver-binding-linux-arm64-gnu@1.11.1 OK for: unrs-resolver@1.11.1 want: 1.11.1
2391 silly placeDep ROOT @unrs/resolver-binding-linux-arm64-musl@1.11.1 OK for: unrs-resolver@1.11.1 want: 1.11.1
2392 silly placeDep ROOT @unrs/resolver-binding-linux-ppc64-gnu@1.11.1 OK for: unrs-resolver@1.11.1 want: 1.11.1
2393 silly placeDep ROOT @unrs/resolver-binding-linux-riscv64-gnu@1.11.1 OK for: unrs-resolver@1.11.1 want: 1.11.1
2394 silly placeDep ROOT @unrs/resolver-binding-linux-riscv64-musl@1.11.1 OK for: unrs-resolver@1.11.1 want: 1.11.1
2395 silly placeDep ROOT @unrs/resolver-binding-linux-s390x-gnu@1.11.1 OK for: unrs-resolver@1.11.1 want: 1.11.1
2396 silly placeDep ROOT @unrs/resolver-binding-linux-x64-gnu@1.11.1 OK for: unrs-resolver@1.11.1 want: 1.11.1
2397 silly placeDep ROOT @unrs/resolver-binding-linux-x64-musl@1.11.1 OK for: unrs-resolver@1.11.1 want: 1.11.1
2398 silly placeDep ROOT @unrs/resolver-binding-wasm32-wasi@1.11.1 OK for: unrs-resolver@1.11.1 want: 1.11.1
2399 silly placeDep ROOT @unrs/resolver-binding-win32-arm64-msvc@1.11.1 OK for: unrs-resolver@1.11.1 want: 1.11.1
2400 silly placeDep ROOT @unrs/resolver-binding-win32-ia32-msvc@1.11.1 OK for: unrs-resolver@1.11.1 want: 1.11.1
2401 silly placeDep ROOT @unrs/resolver-binding-win32-x64-msvc@1.11.1 OK for: unrs-resolver@1.11.1 want: 1.11.1
2402 silly placeDep ROOT napi-postinstall@0.3.4 OK for: unrs-resolver@1.11.1 want: ^0.3.0
2403 silly fetch manifest @napi-rs/wasm-runtime@^0.2.11
2404 silly packumentCache full:https://registry.npmjs.org/@napi-rs%2fwasm-runtime cache-miss
2405 http fetch GET 200 https://registry.npmjs.org/@napi-rs%2fwasm-runtime 82ms (cache miss)
2406 silly packumentCache full:https://registry.npmjs.org/@napi-rs%2fwasm-runtime set size:undefined disposed:false
2407 silly placeDep ROOT @napi-rs/wasm-runtime@0.2.12 OK for: @unrs/resolver-binding-wasm32-wasi@1.11.1 want: ^0.2.11
2408 silly fetch manifest @emnapi/core@^1.4.3
2409 silly packumentCache full:https://registry.npmjs.org/@emnapi%2fcore cache-miss
2410 silly fetch manifest @tybys/wasm-util@^0.10.0
2411 silly packumentCache full:https://registry.npmjs.org/@tybys%2fwasm-util cache-miss
2412 http fetch GET 200 https://registry.npmjs.org/@tybys%2fwasm-util 68ms (cache miss)
2413 silly packumentCache full:https://registry.npmjs.org/@tybys%2fwasm-util set size:undefined disposed:false
2414 http fetch GET 200 https://registry.npmjs.org/@emnapi%2fcore 73ms (cache miss)
2415 silly packumentCache full:https://registry.npmjs.org/@emnapi%2fcore set size:undefined disposed:false
2416 silly placeDep ROOT @emnapi/core@1.8.1 OK for: @napi-rs/wasm-runtime@0.2.12 want: ^1.4.3
2417 silly placeDep ROOT @tybys/wasm-util@0.10.1 OK for: @napi-rs/wasm-runtime@0.2.12 want: ^0.10.0
2418 silly fetch manifest @emnapi/wasi-threads@1.1.0
2419 silly packumentCache full:https://registry.npmjs.org/@emnapi%2fwasi-threads cache-miss
2420 http fetch GET 200 https://registry.npmjs.org/@emnapi%2fwasi-threads 629ms (cache miss)
2421 silly packumentCache full:https://registry.npmjs.org/@emnapi%2fwasi-threads set size:undefined disposed:false
2422 silly placeDep ROOT @emnapi/wasi-threads@1.1.0 OK for: @emnapi/core@1.8.1 want: 1.1.0
2423 silly placeDep ROOT escalade@3.2.0 OK for: update-browserslist-db@1.2.3 want: ^3.2.0
2424 silly placeDep ROOT punycode@2.3.1 OK for: uri-js@4.4.1 want: ^2.1.0
2425 silly placeDep ROOT isexe@2.0.0 OK for: which@2.0.2 want: ^2.0.0
2426 silly placeDep ROOT is-bigint@1.1.0 OK for: which-boxed-primitive@1.1.1 want: ^1.1.0
2427 silly placeDep ROOT is-boolean-object@1.2.2 OK for: which-boxed-primitive@1.1.1 want: ^1.2.1
2428 silly placeDep ROOT is-number-object@1.1.1 OK for: which-boxed-primitive@1.1.1 want: ^1.1.1
2429 silly placeDep ROOT is-async-function@2.1.1 OK for: which-builtin-type@1.2.1 want: ^2.0.0
2430 silly placeDep ROOT is-finalizationregistry@1.1.1 OK for: which-builtin-type@1.2.1 want: ^1.1.0
2431 silly placeDep ROOT is-generator-function@1.1.2 OK for: which-builtin-type@1.2.1 want: ^1.0.10
2432 silly placeDep ROOT which-collection@1.0.2 OK for: which-builtin-type@1.2.1 want: ^1.0.2
2433 silly fetch manifest async-function@^1.0.0
2434 silly packumentCache full:https://registry.npmjs.org/async-function cache-miss
2435 silly fetch manifest generator-function@^2.0.0
2436 silly packumentCache full:https://registry.npmjs.org/generator-function cache-miss
2437 silly fetch manifest is-map@^2.0.3
2438 silly packumentCache full:https://registry.npmjs.org/is-map cache-miss
2439 silly fetch manifest is-weakmap@^2.0.2
2440 silly packumentCache full:https://registry.npmjs.org/is-weakmap cache-miss
2441 silly fetch manifest is-weakset@^2.0.3
2442 silly packumentCache full:https://registry.npmjs.org/is-weakset cache-miss
2443 http fetch GET 200 https://registry.npmjs.org/generator-function 47ms (cache miss)
2444 silly packumentCache full:https://registry.npmjs.org/generator-function set size:undefined disposed:false
2445 http fetch GET 200 https://registry.npmjs.org/is-weakmap 48ms (cache miss)
2446 silly packumentCache full:https://registry.npmjs.org/is-weakmap set size:undefined disposed:false
2447 http fetch GET 200 https://registry.npmjs.org/is-map 48ms (cache miss)
2448 silly packumentCache full:https://registry.npmjs.org/is-map set size:undefined disposed:false
2449 http fetch GET 200 https://registry.npmjs.org/async-function 49ms (cache miss)
2450 silly packumentCache full:https://registry.npmjs.org/async-function set size:undefined disposed:false
2451 http fetch GET 200 https://registry.npmjs.org/is-weakset 67ms (cache miss)
2452 silly packumentCache full:https://registry.npmjs.org/is-weakset set size:undefined disposed:false
2453 silly placeDep ROOT async-function@1.0.0 OK for: is-async-function@2.1.1 want: ^1.0.0
2454 silly placeDep ROOT generator-function@2.0.1 OK for: is-generator-function@1.1.2 want: ^2.0.0
2455 silly placeDep ROOT is-map@2.0.3 OK for: which-collection@1.0.2 want: ^2.0.3
2456 silly placeDep ROOT is-weakmap@2.0.2 OK for: which-collection@1.0.2 want: ^2.0.2
2457 silly placeDep ROOT is-weakset@2.0.4 OK for: which-collection@1.0.2 want: ^2.0.3
2458 silly placeDep node_modules/@typescript-eslint/typescript-estree brace-expansion@2.0.2 OK for: minimatch@9.0.5 want: ^2.0.1
2459 silly reify moves {}
2460 verbose reify failed optional dependency /Users/aditya_malur/Desktop/Gemini testing/Project Management GPT/ops-system/node_modules/@tailwindcss/oxide-wasm32-wasi
2461 silly reify mark deleted [
2461 silly reify   '/Users/aditya_malur/Desktop/Gemini testing/Project Management GPT/ops-system/node_modules/@tailwindcss/oxide-wasm32-wasi'
2461 silly reify ]
2462 silly audit bulk request {
2462 silly audit   '@tailwindcss/postcss': [ '4.1.18' ],
2462 silly audit   '@types/node': [ '20.19.27' ],
2462 silly audit   '@types/react': [ '19.2.7' ],
2462 silly audit   '@types/react-dom': [ '19.2.3' ],
2462 silly audit   eslint: [ '9.39.2' ],
2462 silly audit   'eslint-config-next': [ '16.1.1' ],
2462 silly audit   next: [ '16.1.1' ],
2462 silly audit   react: [ '19.2.3' ],
2462 silly audit   'react-dom': [ '19.2.3' ],
2462 silly audit   tailwindcss: [ '4.1.18' ],
2462 silly audit   typescript: [ '5.9.3' ],
2462 silly audit   '@alloc/quick-lru': [ '5.2.0' ],
2462 silly audit   '@tailwindcss/node': [ '4.1.18' ],
2462 silly audit   '@tailwindcss/oxide': [ '4.1.18' ],
2462 silly audit   postcss: [ '8.5.6', '8.4.31' ],
2462 silly audit   '@jridgewell/remapping': [ '2.3.5' ],
2462 silly audit   'enhanced-resolve': [ '5.18.4' ],
2462 silly audit   jiti: [ '2.6.1' ],
2462 silly audit   lightningcss: [ '1.30.2' ],
2462 silly audit   'magic-string': [ '0.30.21' ],
2462 silly audit   'source-map-js': [ '1.2.1' ],
2462 silly audit   '@jridgewell/gen-mapping': [ '0.3.13' ],
2462 silly audit   '@jridgewell/trace-mapping': [ '0.3.31' ],
2462 silly audit   '@jridgewell/sourcemap-codec': [ '1.5.5' ],
2462 silly audit   '@jridgewell/resolve-uri': [ '3.1.2' ],
2462 silly audit   '@tailwindcss/oxide-android-arm64': [ '4.1.18' ],
2462 silly audit   '@tailwindcss/oxide-darwin-arm64': [ '4.1.18' ],
2462 silly audit   '@tailwindcss/oxide-darwin-x64': [ '4.1.18' ],
2462 silly audit   '@tailwindcss/oxide-freebsd-x64': [ '4.1.18' ],
2462 silly audit   '@tailwindcss/oxide-linux-arm-gnueabihf': [ '4.1.18' ],
2462 silly audit   '@tailwindcss/oxide-linux-arm64-gnu': [ '4.1.18' ],
2462 silly audit   '@tailwindcss/oxide-linux-arm64-musl': [ '4.1.18' ],
2462 silly audit   '@tailwindcss/oxide-linux-x64-gnu': [ '4.1.18' ],
2462 silly audit   '@tailwindcss/oxide-linux-x64-musl': [ '4.1.18' ],
2462 silly audit   '@tailwindcss/oxide-win32-arm64-msvc': [ '4.1.18' ],
2462 silly audit   '@tailwindcss/oxide-win32-x64-msvc': [ '4.1.18' ],
2462 silly audit   'undici-types': [ '6.21.0' ],
2462 silly audit   csstype: [ '3.2.3' ],
2462 silly audit   'graceful-fs': [ '4.2.11' ],
2462 silly audit   tapable: [ '2.3.0' ],
2462 silly audit   '@eslint-community/eslint-utils': [ '4.9.1' ],
2462 silly audit   '@eslint-community/regexpp': [ '4.12.2' ],
2462 silly audit   '@eslint/config-array': [ '0.21.1' ],
2462 silly audit   '@eslint/config-helpers': [ '0.4.2' ],
2462 silly audit   '@eslint/core': [ '0.17.0' ],
2462 silly audit   '@eslint/eslintrc': [ '3.3.3' ],
2462 silly audit   '@eslint/js': [ '9.39.2' ],
2462 silly audit   '@eslint/plugin-kit': [ '0.4.1' ],
2462 silly audit   '@humanfs/node': [ '0.16.7' ],
2462 silly audit   '@humanwhocodes/module-importer': [ '1.0.1' ],
2462 silly audit   '@humanwhocodes/retry': [ '0.4.3' ],
2462 silly audit   '@types/estree': [ '1.0.8' ],
2462 silly audit   ajv: [ '6.12.6' ],
2462 silly audit   chalk: [ '4.1.2' ],
2462 silly audit   'cross-spawn': [ '7.0.6' ],
2462 silly audit   debug: [ '4.4.3', '3.2.7' ],
2462 silly audit   'escape-string-regexp': [ '4.0.0' ],
2462 silly audit   'eslint-scope': [ '8.4.0' ],
2462 silly audit   'eslint-visitor-keys': [ '4.2.1', '3.4.3' ],
2462 silly audit   espree: [ '10.4.0' ],
2462 silly audit   esquery: [ '1.7.0' ],
2462 silly audit   esutils: [ '2.0.3' ],
2462 silly audit   'fast-deep-equal': [ '3.1.3' ],
2462 silly audit   'file-entry-cache': [ '8.0.0' ],
2462 silly audit   'find-up': [ '5.0.0' ],
2462 silly audit   'glob-parent': [ '6.0.2', '5.1.2' ],
2462 silly audit   ignore: [ '5.3.2', '7.0.5' ],
2462 silly audit   imurmurhash: [ '0.1.4' ],
2462 silly audit   'is-glob': [ '4.0.3' ],
2462 silly audit   'json-stable-stringify-without-jsonify': [ '1.0.1' ],
2462 silly audit   'lodash.merge': [ '4.6.2' ],
2462 silly audit   minimatch: [ '3.1.2', '9.0.5' ],
2462 silly audit   'natural-compare': [ '1.4.0' ],
2462 silly audit   optionator: [ '0.9.4' ],
2462 silly audit   '@eslint/object-schema': [ '2.1.7' ],
2462 silly audit   '@types/json-schema': [ '7.0.15' ],
2462 silly audit   globals: [ '14.0.0', '16.4.0' ],
2462 silly audit   'import-fresh': [ '3.3.1' ],
2462 silly audit   'js-yaml': [ '4.1.1' ],
2462 silly audit   'strip-json-comments': [ '3.1.1' ],
2462 silly audit   levn: [ '0.4.1' ],
2462 silly audit   '@humanfs/core': [ '0.19.1' ],
2462 silly audit   'fast-json-stable-stringify': [ '2.1.0' ],
2462 silly audit   'json-schema-traverse': [ '0.4.1' ],
2462 silly audit   'uri-js': [ '4.4.1' ],
2462 silly audit   'ansi-styles': [ '4.3.0' ],
2462 silly audit   'supports-color': [ '7.2.0' ],
2462 silly audit   'color-convert': [ '2.0.1' ],
2462 silly audit   'color-name': [ '1.1.4' ],
2462 silly audit   'path-key': [ '3.1.1' ],
2462 silly audit   'shebang-command': [ '2.0.0' ],
2462 silly audit   which: [ '2.0.2' ],
2462 silly audit   ms: [ '2.1.3' ],
2462 silly audit   '@next/eslint-plugin-next': [ '16.1.1' ],
2462 silly audit   'eslint-import-resolver-node': [ '0.3.9' ],
2462 silly audit   'eslint-import-resolver-typescript': [ '3.10.1' ],
2462 silly audit   'eslint-plugin-import': [ '2.32.0' ],
2462 silly audit   'eslint-plugin-jsx-a11y': [ '6.10.2' ],
2462 silly audit   'eslint-plugin-react': [ '7.37.5' ],
2462 silly audit   'eslint-plugin-react-hooks': [ '7.0.1' ],
2462 silly audit   'typescript-eslint': [ '8.52.0' ],
2462 silly audit   'fast-glob': [ '3.3.1' ],
2462 silly audit   'is-core-module': [ '2.16.1' ],
2462 silly audit   resolve: [ '1.22.11', '2.0.0-next.5' ],
2462 silly audit   '@nolyfill/is-core-module': [ '1.0.39' ],
2462 silly audit   'get-tsconfig': [ '4.13.0' ],
2462 silly audit   'is-bun-module': [ '2.0.0' ],
2462 silly audit   'stable-hash': [ '0.0.5' ],
2462 silly audit   tinyglobby: [ '0.2.15' ],
2462 silly audit   'unrs-resolver': [ '1.11.1' ],
2462 silly audit   '@rtsao/scc': [ '1.1.0' ],
2462 silly audit   'array-includes': [ '3.1.9' ],
2462 silly audit   'array.prototype.findlastindex': [ '1.2.6' ],
2462 silly audit   'array.prototype.flat': [ '1.3.3' ],
2462 silly audit   'array.prototype.flatmap': [ '1.3.3' ],
2462 silly audit   doctrine: [ '2.1.0' ],
2462 silly audit   'eslint-module-utils': [ '2.12.1' ],
2462 silly audit   hasown: [ '2.0.2' ],
2462 silly audit   'object.fromentries': [ '2.0.8' ],
2462 silly audit   'object.groupby': [ '1.0.3' ],
2462 silly audit   'object.values': [ '1.2.1' ],
2462 silly audit   semver: [ '6.3.1', '7.7.3' ],
2462 silly audit   'string.prototype.trimend': [ '1.0.9' ],
2462 silly audit   'tsconfig-paths': [ '3.15.0' ],
2462 silly audit   'call-bind': [ '1.0.8' ],
2462 silly audit   'call-bound': [ '1.0.4' ],
2462 silly audit   'define-properties': [ '1.2.1' ],
2462 silly audit   'es-abstract': [ '1.24.1' ],
2462 silly audit   'es-object-atoms': [ '1.1.1' ],
2462 silly audit   'get-intrinsic': [ '1.3.0' ],
2462 silly audit   'is-string': [ '1.1.1' ],
2462 silly audit   'math-intrinsics': [ '1.1.0' ],
2462 silly audit   'es-errors': [ '1.3.0' ],
2462 silly audit   'es-shim-unscopables': [ '1.1.0' ],
2462 silly audit   'call-bind-apply-helpers': [ '1.0.2' ],
2462 silly audit   'es-define-property': [ '1.0.1' ],
2462 silly audit   'set-function-length': [ '1.2.2' ],
2462 silly audit   'function-bind': [ '1.1.2' ],
2462 silly audit   'define-data-property': [ '1.1.4' ],
2462 silly audit   'has-property-descriptors': [ '1.0.2' ],
2462 silly audit   'object-keys': [ '1.1.1' ],
2462 silly audit   gopd: [ '1.2.0' ],
2462 silly audit   'array-buffer-byte-length': [ '1.0.2' ],
2462 silly audit   'arraybuffer.prototype.slice': [ '1.0.4' ],
2462 silly audit   'available-typed-arrays': [ '1.0.7' ],
2462 silly audit   'data-view-buffer': [ '1.0.2' ],
2462 silly audit   'data-view-byte-length': [ '1.0.2' ],
2462 silly audit   'data-view-byte-offset': [ '1.0.1' ],
2462 silly audit   'es-set-tostringtag': [ '2.1.0' ],
2462 silly audit   'es-to-primitive': [ '1.3.0' ],
2462 silly audit   'function.prototype.name': [ '1.1.8' ],
2462 silly audit   'get-proto': [ '1.0.1' ],
2462 silly audit   'get-symbol-description': [ '1.1.0' ],
2462 silly audit   globalthis: [ '1.0.4' ],
2462 silly audit   'has-proto': [ '1.2.0' ],
2462 silly audit   'has-symbols': [ '1.1.0' ],
2462 silly audit   'internal-slot': [ '1.1.0' ],
2462 silly audit   'is-array-buffer': [ '3.0.5' ],
2462 silly audit   'is-callable': [ '1.2.7' ],
2462 silly audit   'is-data-view': [ '1.0.2' ],
2462 silly audit   'is-negative-zero': [ '2.0.3' ],
2462 silly audit   'is-regex': [ '1.2.1' ],
2462 silly audit   'is-set': [ '2.0.3' ],
2462 silly audit   'is-shared-array-buffer': [ '1.0.4' ],
2462 silly audit   'is-typed-array': [ '1.1.15' ],
2462 silly audit   'is-weakref': [ '1.1.1' ],
2462 silly audit   'object-inspect': [ '1.13.4' ],
2462 silly audit   'object.assign': [ '4.1.7' ],
2462 silly audit   'own-keys': [ '1.0.1' ],
2462 silly audit   'regexp.prototype.flags': [ '1.5.4' ],
2462 silly audit   'safe-array-concat': [ '1.1.3' ],
2462 silly audit   'safe-push-apply': [ '1.0.0' ],
2462 silly audit   'safe-regex-test': [ '1.1.0' ],
2462 silly audit   'set-proto': [ '1.0.0' ],
2462 silly audit   'stop-iteration-iterator': [ '1.1.0' ],
2462 silly audit   'string.prototype.trim': [ '1.2.10' ],
2462 silly audit   'string.prototype.trimstart': [ '1.0.8' ],
2462 silly audit   'typed-array-buffer': [ '1.0.3' ],
2462 silly audit   'typed-array-byte-length': [ '1.0.3' ],
2462 silly audit   'typed-array-byte-offset': [ '1.0.4' ],
2462 silly audit   'typed-array-length': [ '1.0.7' ],
2462 silly audit   'unbox-primitive': [ '1.1.0' ],
2462 silly audit   'which-typed-array': [ '1.1.19' ],
2462 silly audit   'possible-typed-array-names': [ '1.1.0' ],
2462 silly audit   'has-tostringtag': [ '1.0.2' ],
2462 silly audit   'is-date-object': [ '1.1.0' ],
2462 silly audit   'is-symbol': [ '1.1.1' ],
2462 silly audit   'aria-query': [ '5.3.2' ],
2462 silly audit   'ast-types-flow': [ '0.0.8' ],
2462 silly audit   'axe-core': [ '4.11.1' ],
2462 silly audit   'axobject-query': [ '4.1.0' ],
2462 silly audit   'damerau-levenshtein': [ '1.0.8' ],
2462 silly audit   'emoji-regex': [ '9.2.2' ],
2462 silly audit   'jsx-ast-utils': [ '3.3.5' ],
2462 silly audit   'language-tags': [ '1.0.9' ],
2462 silly audit   'string.prototype.includes': [ '2.0.1' ],
2462 silly audit   'array.prototype.findlast': [ '1.2.5' ],
2462 silly audit   'array.prototype.tosorted': [ '1.1.4' ],
2462 silly audit   'es-iterator-helpers': [ '1.2.2' ],
2462 silly audit   estraverse: [ '5.3.0' ],
2462 silly audit   'object.entries': [ '1.1.9' ],
2462 silly audit   'prop-types': [ '15.8.1' ],
2462 silly audit   'string.prototype.matchall': [ '4.0.12' ],
2462 silly audit   'string.prototype.repeat': [ '1.0.0' ],
2462 silly audit   'iterator.prototype': [ '1.1.5' ],
2462 silly audit   '@babel/core': [ '7.28.5' ],
2462 silly audit   '@babel/parser': [ '7.28.5' ],
2462 silly audit   'hermes-parser': [ '0.25.1' ],
2462 silly audit   zod: [ '4.3.5' ],
2462 silly audit   'zod-validation-error': [ '4.0.2' ],
2462 silly audit   '@babel/code-frame': [ '7.27.1' ],
2462 silly audit   '@babel/generator': [ '7.28.5' ],
2462 silly audit   '@babel/helper-compilation-targets': [ '7.27.2' ],
2462 silly audit   '@babel/helper-module-transforms': [ '7.28.3' ],
2462 silly audit   '@babel/helpers': [ '7.28.4' ],
2462 silly audit   '@babel/template': [ '7.27.2' ],
2462 silly audit   '@babel/traverse': [ '7.28.5' ],
2462 silly audit   '@babel/types': [ '7.28.5' ],
2462 silly audit   'convert-source-map': [ '2.0.0' ],
2462 silly audit   gensync: [ '1.0.0-beta.2' ],
2462 silly audit   json5: [ '2.2.3', '1.0.2' ],
2462 silly audit   '@babel/helper-validator-identifier': [ '7.28.5' ],
2462 silly audit   'js-tokens': [ '4.0.0' ],
2462 silly audit   picocolors: [ '1.1.1' ],
2462 silly audit   jsesc: [ '3.1.0' ],
2462 silly audit   '@babel/compat-data': [ '7.28.5' ],
2462 silly audit   '@babel/helper-validator-option': [ '7.27.1' ],
2462 silly audit   browserslist: [ '4.28.1' ],
2462 silly audit   'lru-cache': [ '5.1.1' ],
2462 silly audit   '@babel/helper-module-imports': [ '7.27.1' ],
2462 silly audit   '@babel/helper-globals': [ '7.28.0' ],
2462 silly audit   '@babel/helper-string-parser': [ '7.27.1' ],
2462 silly audit   'baseline-browser-mapping': [ '2.9.12' ],
2462 silly audit   'caniuse-lite': [ '1.0.30001763' ],
2462 silly audit   'electron-to-chromium': [ '1.5.267' ],
2462 silly audit   'node-releases': [ '2.0.27' ],
2462 silly audit   'update-browserslist-db': [ '1.2.3' ],
2462 silly audit   esrecurse: [ '4.3.0' ],
2462 silly audit   acorn: [ '8.15.0' ],
2462 silly audit   'acorn-jsx': [ '5.3.2' ],
2462 silly audit   '@nodelib/fs.stat': [ '2.0.5' ],
2462 silly audit   '@nodelib/fs.walk': [ '1.2.8' ],
2462 silly audit   merge2: [ '1.4.1' ],
2462 silly audit   micromatch: [ '4.0.8' ],
2462 silly audit   '@nodelib/fs.scandir': [ '2.1.5' ],
2462 silly audit   fastq: [ '1.20.1' ],
2462 silly audit   'run-parallel': [ '1.2.0' ],
2462 silly audit   reusify: [ '1.1.0' ],
2462 silly audit   'flat-cache': [ '4.0.1' ],
2462 silly audit   'locate-path': [ '6.0.0' ],
2462 silly audit   'path-exists': [ '4.0.0' ],
2462 silly audit   flatted: [ '3.3.3' ],
2462 silly audit   keyv: [ '4.5.4' ],
2462 silly audit   'functions-have-names': [ '1.2.3' ],
2462 silly audit   'dunder-proto': [ '1.0.1' ],
2462 silly audit   'resolve-pkg-maps': [ '1.0.0' ],
2462 silly audit   'hermes-estree': [ '0.25.1' ],
2462 silly audit   'parent-module': [ '1.0.1' ],
2462 silly audit   'resolve-from': [ '4.0.0' ],
2462 silly audit   'side-channel': [ '1.1.0' ],
2462 silly audit   'is-extglob': [ '2.1.1' ],
2462 silly audit   'set-function-name': [ '2.0.2' ],
2462 silly audit   argparse: [ '2.0.1' ],
2462 silly audit   'json-buffer': [ '3.0.1' ],
2462 silly audit   'language-subtag-registry': [ '0.3.23' ],
2462 silly audit   'prelude-ls': [ '1.2.1' ],
2462 silly audit   'type-check': [ '0.4.0' ],
2462 silly audit   'detect-libc': [ '2.1.2' ],
2462 silly audit   'lightningcss-android-arm64': [ '1.30.2' ],
2462 silly audit   'lightningcss-darwin-arm64': [ '1.30.2' ],
2462 silly audit   'lightningcss-darwin-x64': [ '1.30.2' ],
2462 silly audit   'lightningcss-freebsd-x64': [ '1.30.2' ],
2462 silly audit   'lightningcss-linux-arm-gnueabihf': [ '1.30.2' ],
2462 silly audit   'lightningcss-linux-arm64-gnu': [ '1.30.2' ],
2462 silly audit   'lightningcss-linux-arm64-musl': [ '1.30.2' ],
2462 silly audit   'lightningcss-linux-x64-gnu': [ '1.30.2' ],
2462 silly audit   'lightningcss-linux-x64-musl': [ '1.30.2' ],
2462 silly audit   'lightningcss-win32-arm64-msvc': [ '1.30.2' ],
2462 silly audit   'lightningcss-win32-x64-msvc': [ '1.30.2' ],
2462 silly audit   'p-locate': [ '5.0.0' ],
2462 silly audit   yallist: [ '3.1.1' ],
2462 silly audit   braces: [ '3.0.3' ],
2462 silly audit   picomatch: [ '2.3.1', '4.0.3' ],
2462 silly audit   'fill-range': [ '7.1.1' ],
2462 silly audit   'to-regex-range': [ '5.0.1' ],
2462 silly audit   'brace-expansion': [ '1.1.12', '2.0.2' ],
2462 silly audit   'balanced-match': [ '1.0.2' ],
2462 silly audit   'concat-map': [ '0.0.1' ],
2462 silly audit   '@next/env': [ '16.1.1' ],
2462 silly audit   '@next/swc-darwin-arm64': [ '16.1.1' ],
2462 silly audit   '@next/swc-darwin-x64': [ '16.1.1' ],
2462 silly audit   '@next/swc-linux-arm64-gnu': [ '16.1.1' ],
2462 silly audit   '@next/swc-linux-arm64-musl': [ '16.1.1' ],
2462 silly audit   '@next/swc-linux-x64-gnu': [ '16.1.1' ],
2462 silly audit   '@next/swc-linux-x64-musl': [ '16.1.1' ],
2462 silly audit   '@next/swc-win32-arm64-msvc': [ '16.1.1' ],
2462 silly audit   '@next/swc-win32-x64-msvc': [ '16.1.1' ],
2462 silly audit   '@swc/helpers': [ '0.5.15' ],
2462 silly audit   sharp: [ '0.34.5' ],
2462 silly audit   'styled-jsx': [ '5.1.6' ],
2462 silly audit   tslib: [ '2.8.1' ],
2462 silly audit   'deep-is': [ '0.1.4' ],
2462 silly audit   'fast-levenshtein': [ '2.0.6' ],
2462 silly audit   'word-wrap': [ '1.2.5' ],
2462 silly audit   'p-limit': [ '3.1.0' ],
2462 silly audit   'yocto-queue': [ '0.1.0' ],
2462 silly audit   callsites: [ '3.1.0' ],
2462 silly audit   nanoid: [ '3.3.11' ],
2462 silly audit   'loose-envify': [ '1.4.0' ],
2462 silly audit   'object-assign': [ '4.1.1' ],
2462 silly audit   'react-is': [ '16.13.1' ],
2462 silly audit   scheduler: [ '0.27.0' ],
2462 silly audit   'path-parse': [ '1.0.7' ],
2462 silly audit   'supports-preserve-symlinks-flag': [ '1.0.0' ],
2462 silly audit   'queue-microtask': [ '1.2.3' ],
2462 silly audit   isarray: [ '2.0.5' ],
2462 silly audit   '@img/colour': [ '1.0.0' ],
2462 silly audit   '@img/sharp-darwin-arm64': [ '0.34.5' ],
2462 silly audit   '@img/sharp-darwin-x64': [ '0.34.5' ],
2462 silly audit   '@img/sharp-libvips-darwin-arm64': [ '1.2.4' ],
2462 silly audit   '@img/sharp-libvips-darwin-x64': [ '1.2.4' ],
2462 silly audit   '@img/sharp-libvips-linux-arm': [ '1.2.4' ],
2462 silly audit   '@img/sharp-libvips-linux-arm64': [ '1.2.4' ],
2462 silly audit   '@img/sharp-libvips-linux-ppc64': [ '1.2.4' ],
2462 silly audit   '@img/sharp-libvips-linux-riscv64': [ '1.2.4' ],
2462 silly audit   '@img/sharp-libvips-linux-s390x': [ '1.2.4' ],
2462 silly audit   '@img/sharp-libvips-linux-x64': [ '1.2.4' ],
2462 silly audit   '@img/sharp-libvips-linuxmusl-arm64': [ '1.2.4' ],
2462 silly audit   '@img/sharp-libvips-linuxmusl-x64': [ '1.2.4' ],
2462 silly audit   '@img/sharp-linux-arm': [ '0.34.5' ],
2462 silly audit   '@img/sharp-linux-arm64': [ '0.34.5' ],
2462 silly audit   '@img/sharp-linux-ppc64': [ '0.34.5' ],
2462 silly audit   '@img/sharp-linux-riscv64': [ '0.34.5' ],
2462 silly audit   '@img/sharp-linux-s390x': [ '0.34.5' ],
2462 silly audit   '@img/sharp-linux-x64': [ '0.34.5' ],
2462 silly audit   '@img/sharp-linuxmusl-arm64': [ '0.34.5' ],
2462 silly audit   '@img/sharp-linuxmusl-x64': [ '0.34.5' ],
2462 silly audit   '@img/sharp-wasm32': [ '0.34.5' ],
2462 silly audit   '@img/sharp-win32-arm64': [ '0.34.5' ],
2462 silly audit   '@img/sharp-win32-ia32': [ '0.34.5' ],
2462 silly audit   '@img/sharp-win32-x64': [ '0.34.5' ],
2462 silly audit   '@emnapi/runtime': [ '1.8.1' ],
2462 silly audit   'shebang-regex': [ '3.0.0' ],
2462 silly audit   'side-channel-list': [ '1.0.0' ],
2462 silly audit   'side-channel-map': [ '1.0.1' ],
2462 silly audit   'side-channel-weakmap': [ '1.0.2' ],
2462 silly audit   'client-only': [ '0.0.1' ],
2462 silly audit   'has-flag': [ '4.0.0' ],
2462 silly audit   fdir: [ '6.5.0' ],
2462 silly audit   'is-number': [ '7.0.0' ],
2462 silly audit   '@types/json5': [ '0.0.29' ],
2462 silly audit   minimist: [ '1.2.8' ],
2462 silly audit   'strip-bom': [ '3.0.0' ],
2462 silly audit   'for-each': [ '0.3.5' ],
2462 silly audit   'reflect.getprototypeof': [ '1.0.10' ],
2462 silly audit   'which-builtin-type': [ '1.2.1' ],
2462 silly audit   '@typescript-eslint/eslint-plugin': [ '8.52.0' ],
2462 silly audit   '@typescript-eslint/parser': [ '8.52.0' ],
2462 silly audit   '@typescript-eslint/typescript-estree': [ '8.52.0' ],
2462 silly audit   '@typescript-eslint/utils': [ '8.52.0' ],
2462 silly audit   '@typescript-eslint/scope-manager': [ '8.52.0' ],
2462 silly audit   '@typescript-eslint/type-utils': [ '8.52.0' ],
2462 silly audit   '@typescript-eslint/visitor-keys': [ '8.52.0' ],
2462 silly audit   'ts-api-utils': [ '2.4.0' ],
2462 silly audit   '@typescript-eslint/types': [ '8.52.0' ],
2462 silly audit   '@typescript-eslint/project-service': [ '8.52.0' ],
2462 silly audit   '@typescript-eslint/tsconfig-utils': [ '8.52.0' ],
2462 silly audit   'has-bigints': [ '1.1.0' ],
2462 silly audit   'which-boxed-primitive': [ '1.1.1' ],
2462 silly audit   '@unrs/resolver-binding-android-arm-eabi': [ '1.11.1' ],
2462 silly audit   '@unrs/resolver-binding-android-arm64': [ '1.11.1' ],
2462 silly audit   '@unrs/resolver-binding-darwin-arm64': [ '1.11.1' ],
2462 silly audit   '@unrs/resolver-binding-darwin-x64': [ '1.11.1' ],
2462 silly audit   '@unrs/resolver-binding-freebsd-x64': [ '1.11.1' ],
2462 silly audit   '@unrs/resolver-binding-linux-arm-gnueabihf': [ '1.11.1' ],
2462 silly audit   '@unrs/resolver-binding-linux-arm-musleabihf': [ '1.11.1' ],
2462 silly audit   '@unrs/resolver-binding-linux-arm64-gnu': [ '1.11.1' ],
2462 silly audit   '@unrs/resolver-binding-linux-arm64-musl': [ '1.11.1' ],
2462 silly audit   '@unrs/resolver-binding-linux-ppc64-gnu': [ '1.11.1' ],
2462 silly audit   '@unrs/resolver-binding-linux-riscv64-gnu': [ '1.11.1' ],
2462 silly audit   '@unrs/resolver-binding-linux-riscv64-musl': [ '1.11.1' ],
2462 silly audit   '@unrs/resolver-binding-linux-s390x-gnu': [ '1.11.1' ],
2462 silly audit   '@unrs/resolver-binding-linux-x64-gnu': [ '1.11.1' ],
2462 silly audit   '@unrs/resolver-binding-linux-x64-musl': [ '1.11.1' ],
2462 silly audit   '@unrs/resolver-binding-wasm32-wasi': [ '1.11.1' ],
2462 silly audit   '@unrs/resolver-binding-win32-arm64-msvc': [ '1.11.1' ],
2462 silly audit   '@unrs/resolver-binding-win32-ia32-msvc': [ '1.11.1' ],
2462 silly audit   '@unrs/resolver-binding-win32-x64-msvc': [ '1.11.1' ],
2462 silly audit   'napi-postinstall': [ '0.3.4' ],
2462 silly audit   '@napi-rs/wasm-runtime': [ '0.2.12' ],
2462 silly audit   '@emnapi/core': [ '1.8.1' ],
2462 silly audit   '@tybys/wasm-util': [ '0.10.1' ],
2462 silly audit   '@emnapi/wasi-threads': [ '1.1.0' ],
2462 silly audit   escalade: [ '3.2.0' ],
2462 silly audit   punycode: [ '2.3.1' ],
2462 silly audit   isexe: [ '2.0.0' ],
2462 silly audit   'is-bigint': [ '1.1.0' ],
2462 silly audit   'is-boolean-object': [ '1.2.2' ],
2462 silly audit   'is-number-object': [ '1.1.1' ],
2462 silly audit   'is-async-function': [ '2.1.1' ],
2462 silly audit   'is-finalizationregistry': [ '1.1.1' ],
2462 silly audit   'is-generator-function': [ '1.1.2' ],
2462 silly audit   'which-collection': [ '1.0.2' ],
2462 silly audit   'async-function': [ '1.0.0' ],
2462 silly audit   'generator-function': [ '2.0.1' ],
2462 silly audit   'is-map': [ '2.0.3' ],
2462 silly audit   'is-weakmap': [ '2.0.2' ],
2462 silly audit   'is-weakset': [ '2.0.4' ],
2462 silly audit   '@tailwindcss/oxide-wasm32-wasi': [ '4.1.18' ]
2462 silly audit }
2463 verbose reify failed optional dependency /Users/aditya_malur/Desktop/Gemini testing/Project Management GPT/ops-system/node_modules/@unrs/resolver-binding-win32-x64-msvc
2464 silly reify mark deleted [
2464 silly reify   '/Users/aditya_malur/Desktop/Gemini testing/Project Management GPT/ops-system/node_modules/@unrs/resolver-binding-win32-x64-msvc'
2464 silly reify ]
2465 verbose reify failed optional dependency /Users/aditya_malur/Desktop/Gemini testing/Project Management GPT/ops-system/node_modules/@unrs/resolver-binding-win32-ia32-msvc
2466 silly reify mark deleted [
2466 silly reify   '/Users/aditya_malur/Desktop/Gemini testing/Project Management GPT/ops-system/node_modules/@unrs/resolver-binding-win32-ia32-msvc'
2466 silly reify ]
2467 verbose reify failed optional dependency /Users/aditya_malur/Desktop/Gemini testing/Project Management GPT/ops-system/node_modules/@unrs/resolver-binding-win32-arm64-msvc
2468 silly reify mark deleted [
2468 silly reify   '/Users/aditya_malur/Desktop/Gemini testing/Project Management GPT/ops-system/node_modules/@unrs/resolver-binding-win32-arm64-msvc'
2468 silly reify ]
2469 verbose reify failed optional dependency /Users/aditya_malur/Desktop/Gemini testing/Project Management GPT/ops-system/node_modules/@unrs/resolver-binding-wasm32-wasi
2470 silly reify mark deleted [
2470 silly reify   '/Users/aditya_malur/Desktop/Gemini testing/Project Management GPT/ops-system/node_modules/@unrs/resolver-binding-wasm32-wasi'
2470 silly reify ]
2471 verbose reify failed optional dependency /Users/aditya_malur/Desktop/Gemini testing/Project Management GPT/ops-system/node_modules/@unrs/resolver-binding-linux-x64-musl
2472 silly reify mark deleted [
2472 silly reify   '/Users/aditya_malur/Desktop/Gemini testing/Project Management GPT/ops-system/node_modules/@unrs/resolver-binding-linux-x64-musl'
2472 silly reify ]
2473 verbose reify failed optional dependency /Users/aditya_malur/Desktop/Gemini testing/Project Management GPT/ops-system/node_modules/@unrs/resolver-binding-linux-x64-gnu
2474 silly reify mark deleted [
2474 silly reify   '/Users/aditya_malur/Desktop/Gemini testing/Project Management GPT/ops-system/node_modules/@unrs/resolver-binding-linux-x64-gnu'
2474 silly reify ]
2475 verbose reify failed optional dependency /Users/aditya_malur/Desktop/Gemini testing/Project Management GPT/ops-system/node_modules/@unrs/resolver-binding-linux-s390x-gnu
2476 silly reify mark deleted [
2476 silly reify   '/Users/aditya_malur/Desktop/Gemini testing/Project Management GPT/ops-system/node_modules/@unrs/resolver-binding-linux-s390x-gnu'
2476 silly reify ]
2477 verbose reify failed optional dependency /Users/aditya_malur/Desktop/Gemini testing/Project Management GPT/ops-system/node_modules/@unrs/resolver-binding-linux-riscv64-musl
2478 silly reify mark deleted [
2478 silly reify   '/Users/aditya_malur/Desktop/Gemini testing/Project Management GPT/ops-system/node_modules/@unrs/resolver-binding-linux-riscv64-musl'
2478 silly reify ]
2479 verbose reify failed optional dependency /Users/aditya_malur/Desktop/Gemini testing/Project Management GPT/ops-system/node_modules/@unrs/resolver-binding-linux-riscv64-gnu
2480 silly reify mark deleted [
2480 silly reify   '/Users/aditya_malur/Desktop/Gemini testing/Project Management GPT/ops-system/node_modules/@unrs/resolver-binding-linux-riscv64-gnu'
2480 silly reify ]
2481 verbose reify failed optional dependency /Users/aditya_malur/Desktop/Gemini testing/Project Management GPT/ops-system/node_modules/@unrs/resolver-binding-linux-ppc64-gnu
2482 silly reify mark deleted [
2482 silly reify   '/Users/aditya_malur/Desktop/Gemini testing/Project Management GPT/ops-system/node_modules/@unrs/resolver-binding-linux-ppc64-gnu'
2482 silly reify ]
2483 verbose reify failed optional dependency /Users/aditya_malur/Desktop/Gemini testing/Project Management GPT/ops-system/node_modules/@unrs/resolver-binding-linux-arm64-musl
2484 silly reify mark deleted [
2484 silly reify   '/Users/aditya_malur/Desktop/Gemini testing/Project Management GPT/ops-system/node_modules/@unrs/resolver-binding-linux-arm64-musl'
2484 silly reify ]
2485 verbose reify failed optional dependency /Users/aditya_malur/Desktop/Gemini testing/Project Management GPT/ops-system/node_modules/@unrs/resolver-binding-linux-arm64-gnu
2486 silly reify mark deleted [
2486 silly reify   '/Users/aditya_malur/Desktop/Gemini testing/Project Management GPT/ops-system/node_modules/@unrs/resolver-binding-linux-arm64-gnu'
2486 silly reify ]
2487 verbose reify failed optional dependency /Users/aditya_malur/Desktop/Gemini testing/Project Management GPT/ops-system/node_modules/@unrs/resolver-binding-linux-arm-musleabihf
2488 silly reify mark deleted [
2488 silly reify   '/Users/aditya_malur/Desktop/Gemini testing/Project Management GPT/ops-system/node_modules/@unrs/resolver-binding-linux-arm-musleabihf'
2488 silly reify ]
2489 verbose reify failed optional dependency /Users/aditya_malur/Desktop/Gemini testing/Project Management GPT/ops-system/node_modules/@unrs/resolver-binding-linux-arm-gnueabihf
2490 silly reify mark deleted [
2490 silly reify   '/Users/aditya_malur/Desktop/Gemini testing/Project Management GPT/ops-system/node_modules/@unrs/resolver-binding-linux-arm-gnueabihf'
2490 silly reify ]
2491 verbose reify failed optional dependency /Users/aditya_malur/Desktop/Gemini testing/Project Management GPT/ops-system/node_modules/@unrs/resolver-binding-freebsd-x64
2492 silly reify mark deleted [
2492 silly reify   '/Users/aditya_malur/Desktop/Gemini testing/Project Management GPT/ops-system/node_modules/@unrs/resolver-binding-freebsd-x64'
2492 silly reify ]
2493 verbose reify failed optional dependency /Users/aditya_malur/Desktop/Gemini testing/Project Management GPT/ops-system/node_modules/@unrs/resolver-binding-darwin-x64
2494 silly reify mark deleted [
2494 silly reify   '/Users/aditya_malur/Desktop/Gemini testing/Project Management GPT/ops-system/node_modules/@unrs/resolver-binding-darwin-x64'
2494 silly reify ]
2495 verbose reify failed optional dependency /Users/aditya_malur/Desktop/Gemini testing/Project Management GPT/ops-system/node_modules/@unrs/resolver-binding-android-arm64
2496 silly reify mark deleted [
2496 silly reify   '/Users/aditya_malur/Desktop/Gemini testing/Project Management GPT/ops-system/node_modules/@unrs/resolver-binding-android-arm64'
2496 silly reify ]
2497 verbose reify failed optional dependency /Users/aditya_malur/Desktop/Gemini testing/Project Management GPT/ops-system/node_modules/@unrs/resolver-binding-android-arm-eabi
2498 silly reify mark deleted [
2498 silly reify   '/Users/aditya_malur/Desktop/Gemini testing/Project Management GPT/ops-system/node_modules/@unrs/resolver-binding-android-arm-eabi'
2498 silly reify ]
2499 verbose reify failed optional dependency /Users/aditya_malur/Desktop/Gemini testing/Project Management GPT/ops-system/node_modules/@img/sharp-win32-x64
2500 silly reify mark deleted [
2500 silly reify   '/Users/aditya_malur/Desktop/Gemini testing/Project Management GPT/ops-system/node_modules/@img/sharp-win32-x64'
2500 silly reify ]
2501 verbose reify failed optional dependency /Users/aditya_malur/Desktop/Gemini testing/Project Management GPT/ops-system/node_modules/@img/sharp-win32-ia32
2502 silly reify mark deleted [
2502 silly reify   '/Users/aditya_malur/Desktop/Gemini testing/Project Management GPT/ops-system/node_modules/@img/sharp-win32-ia32'
2502 silly reify ]
2503 verbose reify failed optional dependency /Users/aditya_malur/Desktop/Gemini testing/Project Management GPT/ops-system/node_modules/@img/sharp-win32-arm64
2504 silly reify mark deleted [
2504 silly reify   '/Users/aditya_malur/Desktop/Gemini testing/Project Management GPT/ops-system/node_modules/@img/sharp-win32-arm64'
2504 silly reify ]
2505 verbose reify failed optional dependency /Users/aditya_malur/Desktop/Gemini testing/Project Management GPT/ops-system/node_modules/@img/sharp-wasm32
2506 silly reify mark deleted [
2506 silly reify   '/Users/aditya_malur/Desktop/Gemini testing/Project Management GPT/ops-system/node_modules/@img/sharp-wasm32'
2506 silly reify ]
2507 verbose reify failed optional dependency /Users/aditya_malur/Desktop/Gemini testing/Project Management GPT/ops-system/node_modules/@img/sharp-linuxmusl-x64
2508 silly reify mark deleted [
2508 silly reify   '/Users/aditya_malur/Desktop/Gemini testing/Project Management GPT/ops-system/node_modules/@img/sharp-linuxmusl-x64'
2508 silly reify ]
2509 verbose reify failed optional dependency /Users/aditya_malur/Desktop/Gemini testing/Project Management GPT/ops-system/node_modules/@img/sharp-linuxmusl-arm64
2510 silly reify mark deleted [
2510 silly reify   '/Users/aditya_malur/Desktop/Gemini testing/Project Management GPT/ops-system/node_modules/@img/sharp-linuxmusl-arm64'
2510 silly reify ]
2511 verbose reify failed optional dependency /Users/aditya_malur/Desktop/Gemini testing/Project Management GPT/ops-system/node_modules/@img/sharp-linux-x64
2512 silly reify mark deleted [
2512 silly reify   '/Users/aditya_malur/Desktop/Gemini testing/Project Management GPT/ops-system/node_modules/@img/sharp-linux-x64'
2512 silly reify ]
2513 verbose reify failed optional dependency /Users/aditya_malur/Desktop/Gemini testing/Project Management GPT/ops-system/node_modules/@img/sharp-linux-s390x
2514 silly reify mark deleted [
2514 silly reify   '/Users/aditya_malur/Desktop/Gemini testing/Project Management GPT/ops-system/node_modules/@img/sharp-linux-s390x'
2514 silly reify ]
2515 verbose reify failed optional dependency /Users/aditya_malur/Desktop/Gemini testing/Project Management GPT/ops-system/node_modules/@img/sharp-linux-riscv64
2516 silly reify mark deleted [
2516 silly reify   '/Users/aditya_malur/Desktop/Gemini testing/Project Management GPT/ops-system/node_modules/@img/sharp-linux-riscv64'
2516 silly reify ]
2517 verbose reify failed optional dependency /Users/aditya_malur/Desktop/Gemini testing/Project Management GPT/ops-system/node_modules/@img/sharp-linux-ppc64
2518 silly reify mark deleted [
2518 silly reify   '/Users/aditya_malur/Desktop/Gemini testing/Project Management GPT/ops-system/node_modules/@img/sharp-linux-ppc64'
2518 silly reify ]
2519 verbose reify failed optional dependency /Users/aditya_malur/Desktop/Gemini testing/Project Management GPT/ops-system/node_modules/@img/sharp-linux-arm64
2520 silly reify mark deleted [
2520 silly reify   '/Users/aditya_malur/Desktop/Gemini testing/Project Management GPT/ops-system/node_modules/@img/sharp-linux-arm64'
2520 silly reify ]
2521 verbose reify failed optional dependency /Users/aditya_malur/Desktop/Gemini testing/Project Management GPT/ops-system/node_modules/@img/sharp-linux-arm
2522 silly reify mark deleted [
2522 silly reify   '/Users/aditya_malur/Desktop/Gemini testing/Project Management GPT/ops-system/node_modules/@img/sharp-linux-arm'
2522 silly reify ]
2523 verbose reify failed optional dependency /Users/aditya_malur/Desktop/Gemini testing/Project Management GPT/ops-system/node_modules/@img/sharp-libvips-linuxmusl-x64
2524 silly reify mark deleted [
2524 silly reify   '/Users/aditya_malur/Desktop/Gemini testing/Project Management GPT/ops-system/node_modules/@img/sharp-libvips-linuxmusl-x64'
2524 silly reify ]
2525 verbose reify failed optional dependency /Users/aditya_malur/Desktop/Gemini testing/Project Management GPT/ops-system/node_modules/@img/sharp-libvips-linuxmusl-arm64
2526 silly reify mark deleted [
2526 silly reify   '/Users/aditya_malur/Desktop/Gemini testing/Project Management GPT/ops-system/node_modules/@img/sharp-libvips-linuxmusl-arm64'
2526 silly reify ]
2527 verbose reify failed optional dependency /Users/aditya_malur/Desktop/Gemini testing/Project Management GPT/ops-system/node_modules/@img/sharp-libvips-linux-x64
2528 silly reify mark deleted [
2528 silly reify   '/Users/aditya_malur/Desktop/Gemini testing/Project Management GPT/ops-system/node_modules/@img/sharp-libvips-linux-x64'
2528 silly reify ]
2529 verbose reify failed optional dependency /Users/aditya_malur/Desktop/Gemini testing/Project Management GPT/ops-system/node_modules/@img/sharp-libvips-linux-s390x
2530 silly reify mark deleted [
2530 silly reify   '/Users/aditya_malur/Desktop/Gemini testing/Project Management GPT/ops-system/node_modules/@img/sharp-libvips-linux-s390x'
2530 silly reify ]
2531 verbose reify failed optional dependency /Users/aditya_malur/Desktop/Gemini testing/Project Management GPT/ops-system/node_modules/@img/sharp-libvips-linux-riscv64
2532 silly reify mark deleted [
2532 silly reify   '/Users/aditya_malur/Desktop/Gemini testing/Project Management GPT/ops-system/node_modules/@img/sharp-libvips-linux-riscv64'
2532 silly reify ]
2533 verbose reify failed optional dependency /Users/aditya_malur/Desktop/Gemini testing/Project Management GPT/ops-system/node_modules/@img/sharp-libvips-linux-ppc64
2534 silly reify mark deleted [
2534 silly reify   '/Users/aditya_malur/Desktop/Gemini testing/Project Management GPT/ops-system/node_modules/@img/sharp-libvips-linux-ppc64'
2534 silly reify ]
2535 verbose reify failed optional dependency /Users/aditya_malur/Desktop/Gemini testing/Project Management GPT/ops-system/node_modules/@img/sharp-libvips-linux-arm64
2536 silly reify mark deleted [
2536 silly reify   '/Users/aditya_malur/Desktop/Gemini testing/Project Management GPT/ops-system/node_modules/@img/sharp-libvips-linux-arm64'
2536 silly reify ]
2537 verbose reify failed optional dependency /Users/aditya_malur/Desktop/Gemini testing/Project Management GPT/ops-system/node_modules/@img/sharp-libvips-linux-arm
2538 silly reify mark deleted [
2538 silly reify   '/Users/aditya_malur/Desktop/Gemini testing/Project Management GPT/ops-system/node_modules/@img/sharp-libvips-linux-arm'
2538 silly reify ]
2539 verbose reify failed optional dependency /Users/aditya_malur/Desktop/Gemini testing/Project Management GPT/ops-system/node_modules/@img/sharp-libvips-darwin-x64
2540 silly reify mark deleted [
2540 silly reify   '/Users/aditya_malur/Desktop/Gemini testing/Project Management GPT/ops-system/node_modules/@img/sharp-libvips-darwin-x64'
2540 silly reify ]
2541 verbose reify failed optional dependency /Users/aditya_malur/Desktop/Gemini testing/Project Management GPT/ops-system/node_modules/@img/sharp-darwin-x64
2542 silly reify mark deleted [
2542 silly reify   '/Users/aditya_malur/Desktop/Gemini testing/Project Management GPT/ops-system/node_modules/@img/sharp-darwin-x64'
2542 silly reify ]
2543 verbose reify failed optional dependency /Users/aditya_malur/Desktop/Gemini testing/Project Management GPT/ops-system/node_modules/@next/swc-win32-x64-msvc
2544 silly reify mark deleted [
2544 silly reify   '/Users/aditya_malur/Desktop/Gemini testing/Project Management GPT/ops-system/node_modules/@next/swc-win32-x64-msvc'
2544 silly reify ]
2545 verbose reify failed optional dependency /Users/aditya_malur/Desktop/Gemini testing/Project Management GPT/ops-system/node_modules/@next/swc-win32-arm64-msvc
2546 silly reify mark deleted [
2546 silly reify   '/Users/aditya_malur/Desktop/Gemini testing/Project Management GPT/ops-system/node_modules/@next/swc-win32-arm64-msvc'
2546 silly reify ]
2547 verbose reify failed optional dependency /Users/aditya_malur/Desktop/Gemini testing/Project Management GPT/ops-system/node_modules/@next/swc-linux-x64-musl
2548 silly reify mark deleted [
2548 silly reify   '/Users/aditya_malur/Desktop/Gemini testing/Project Management GPT/ops-system/node_modules/@next/swc-linux-x64-musl'
2548 silly reify ]
2549 verbose reify failed optional dependency /Users/aditya_malur/Desktop/Gemini testing/Project Management GPT/ops-system/node_modules/@next/swc-linux-x64-gnu
2550 silly reify mark deleted [
2550 silly reify   '/Users/aditya_malur/Desktop/Gemini testing/Project Management GPT/ops-system/node_modules/@next/swc-linux-x64-gnu'
2550 silly reify ]
2551 verbose reify failed optional dependency /Users/aditya_malur/Desktop/Gemini testing/Project Management GPT/ops-system/node_modules/@next/swc-linux-arm64-musl
2552 silly reify mark deleted [
2552 silly reify   '/Users/aditya_malur/Desktop/Gemini testing/Project Management GPT/ops-system/node_modules/@next/swc-linux-arm64-musl'
2552 silly reify ]
2553 verbose reify failed optional dependency /Users/aditya_malur/Desktop/Gemini testing/Project Management GPT/ops-system/node_modules/@next/swc-linux-arm64-gnu
2554 silly reify mark deleted [
2554 silly reify   '/Users/aditya_malur/Desktop/Gemini testing/Project Management GPT/ops-system/node_modules/@next/swc-linux-arm64-gnu'
2554 silly reify ]
2555 verbose reify failed optional dependency /Users/aditya_malur/Desktop/Gemini testing/Project Management GPT/ops-system/node_modules/@next/swc-darwin-x64
2556 silly reify mark deleted [
2556 silly reify   '/Users/aditya_malur/Desktop/Gemini testing/Project Management GPT/ops-system/node_modules/@next/swc-darwin-x64'
2556 silly reify ]
2557 verbose reify failed optional dependency /Users/aditya_malur/Desktop/Gemini testing/Project Management GPT/ops-system/node_modules/lightningcss-win32-x64-msvc
2558 silly reify mark deleted [
2558 silly reify   '/Users/aditya_malur/Desktop/Gemini testing/Project Management GPT/ops-system/node_modules/lightningcss-win32-x64-msvc'
2558 silly reify ]
2559 verbose reify failed optional dependency /Users/aditya_malur/Desktop/Gemini testing/Project Management GPT/ops-system/node_modules/lightningcss-win32-arm64-msvc
2560 silly reify mark deleted [
2560 silly reify   '/Users/aditya_malur/Desktop/Gemini testing/Project Management GPT/ops-system/node_modules/lightningcss-win32-arm64-msvc'
2560 silly reify ]
2561 verbose reify failed optional dependency /Users/aditya_malur/Desktop/Gemini testing/Project Management GPT/ops-system/node_modules/lightningcss-linux-x64-musl
2562 silly reify mark deleted [
2562 silly reify   '/Users/aditya_malur/Desktop/Gemini testing/Project Management GPT/ops-system/node_modules/lightningcss-linux-x64-musl'
2562 silly reify ]
2563 verbose reify failed optional dependency /Users/aditya_malur/Desktop/Gemini testing/Project Management GPT/ops-system/node_modules/lightningcss-linux-x64-gnu
2564 silly reify mark deleted [
2564 silly reify   '/Users/aditya_malur/Desktop/Gemini testing/Project Management GPT/ops-system/node_modules/lightningcss-linux-x64-gnu'
2564 silly reify ]
2565 verbose reify failed optional dependency /Users/aditya_malur/Desktop/Gemini testing/Project Management GPT/ops-system/node_modules/lightningcss-linux-arm64-musl
2566 silly reify mark deleted [
2566 silly reify   '/Users/aditya_malur/Desktop/Gemini testing/Project Management GPT/ops-system/node_modules/lightningcss-linux-arm64-musl'
2566 silly reify ]
2567 verbose reify failed optional dependency /Users/aditya_malur/Desktop/Gemini testing/Project Management GPT/ops-system/node_modules/lightningcss-linux-arm64-gnu
2568 silly reify mark deleted [
2568 silly reify   '/Users/aditya_malur/Desktop/Gemini testing/Project Management GPT/ops-system/node_modules/lightningcss-linux-arm64-gnu'
2568 silly reify ]
2569 verbose reify failed optional dependency /Users/aditya_malur/Desktop/Gemini testing/Project Management GPT/ops-system/node_modules/lightningcss-linux-arm-gnueabihf
2570 silly reify mark deleted [
2570 silly reify   '/Users/aditya_malur/Desktop/Gemini testing/Project Management GPT/ops-system/node_modules/lightningcss-linux-arm-gnueabihf'
2570 silly reify ]
2571 verbose reify failed optional dependency /Users/aditya_malur/Desktop/Gemini testing/Project Management GPT/ops-system/node_modules/lightningcss-freebsd-x64
2572 silly reify mark deleted [
2572 silly reify   '/Users/aditya_malur/Desktop/Gemini testing/Project Management GPT/ops-system/node_modules/lightningcss-freebsd-x64'
2572 silly reify ]
2573 verbose reify failed optional dependency /Users/aditya_malur/Desktop/Gemini testing/Project Management GPT/ops-system/node_modules/lightningcss-darwin-x64
2574 silly reify mark deleted [
2574 silly reify   '/Users/aditya_malur/Desktop/Gemini testing/Project Management GPT/ops-system/node_modules/lightningcss-darwin-x64'
2574 silly reify ]
2575 verbose reify failed optional dependency /Users/aditya_malur/Desktop/Gemini testing/Project Management GPT/ops-system/node_modules/lightningcss-android-arm64
2576 silly reify mark deleted [
2576 silly reify   '/Users/aditya_malur/Desktop/Gemini testing/Project Management GPT/ops-system/node_modules/lightningcss-android-arm64'
2576 silly reify ]
2577 verbose reify failed optional dependency /Users/aditya_malur/Desktop/Gemini testing/Project Management GPT/ops-system/node_modules/@tailwindcss/oxide-win32-x64-msvc
2578 silly reify mark deleted [
2578 silly reify   '/Users/aditya_malur/Desktop/Gemini testing/Project Management GPT/ops-system/node_modules/@tailwindcss/oxide-win32-x64-msvc'
2578 silly reify ]
2579 verbose reify failed optional dependency /Users/aditya_malur/Desktop/Gemini testing/Project Management GPT/ops-system/node_modules/@tailwindcss/oxide-win32-arm64-msvc
2580 silly reify mark deleted [
2580 silly reify   '/Users/aditya_malur/Desktop/Gemini testing/Project Management GPT/ops-system/node_modules/@tailwindcss/oxide-win32-arm64-msvc'
2580 silly reify ]
2581 verbose reify failed optional dependency /Users/aditya_malur/Desktop/Gemini testing/Project Management GPT/ops-system/node_modules/@tailwindcss/oxide-linux-x64-musl
2582 silly reify mark deleted [
2582 silly reify   '/Users/aditya_malur/Desktop/Gemini testing/Project Management GPT/ops-system/node_modules/@tailwindcss/oxide-linux-x64-musl'
2582 silly reify ]
2583 verbose reify failed optional dependency /Users/aditya_malur/Desktop/Gemini testing/Project Management GPT/ops-system/node_modules/@tailwindcss/oxide-linux-x64-gnu
2584 silly reify mark deleted [
2584 silly reify   '/Users/aditya_malur/Desktop/Gemini testing/Project Management GPT/ops-system/node_modules/@tailwindcss/oxide-linux-x64-gnu'
2584 silly reify ]
2585 verbose reify failed optional dependency /Users/aditya_malur/Desktop/Gemini testing/Project Management GPT/ops-system/node_modules/@tailwindcss/oxide-linux-arm64-musl
2586 silly reify mark deleted [
2586 silly reify   '/Users/aditya_malur/Desktop/Gemini testing/Project Management GPT/ops-system/node_modules/@tailwindcss/oxide-linux-arm64-musl'
2586 silly reify ]
2587 verbose reify failed optional dependency /Users/aditya_malur/Desktop/Gemini testing/Project Management GPT/ops-system/node_modules/@tailwindcss/oxide-linux-arm64-gnu
2588 silly reify mark deleted [
2588 silly reify   '/Users/aditya_malur/Desktop/Gemini testing/Project Management GPT/ops-system/node_modules/@tailwindcss/oxide-linux-arm64-gnu'
2588 silly reify ]
2589 verbose reify failed optional dependency /Users/aditya_malur/Desktop/Gemini testing/Project Management GPT/ops-system/node_modules/@tailwindcss/oxide-linux-arm-gnueabihf
2590 silly reify mark deleted [
2590 silly reify   '/Users/aditya_malur/Desktop/Gemini testing/Project Management GPT/ops-system/node_modules/@tailwindcss/oxide-linux-arm-gnueabihf'
2590 silly reify ]
2591 verbose reify failed optional dependency /Users/aditya_malur/Desktop/Gemini testing/Project Management GPT/ops-system/node_modules/@tailwindcss/oxide-freebsd-x64
2592 silly reify mark deleted [
2592 silly reify   '/Users/aditya_malur/Desktop/Gemini testing/Project Management GPT/ops-system/node_modules/@tailwindcss/oxide-freebsd-x64'
2592 silly reify ]
2593 verbose reify failed optional dependency /Users/aditya_malur/Desktop/Gemini testing/Project Management GPT/ops-system/node_modules/@tailwindcss/oxide-darwin-x64
2594 silly reify mark deleted [
2594 silly reify   '/Users/aditya_malur/Desktop/Gemini testing/Project Management GPT/ops-system/node_modules/@tailwindcss/oxide-darwin-x64'
2594 silly reify ]
2595 verbose reify failed optional dependency /Users/aditya_malur/Desktop/Gemini testing/Project Management GPT/ops-system/node_modules/@tailwindcss/oxide-android-arm64
2596 silly reify mark deleted [
2596 silly reify   '/Users/aditya_malur/Desktop/Gemini testing/Project Management GPT/ops-system/node_modules/@tailwindcss/oxide-android-arm64'
2596 silly reify ]
2597 http cache is-weakmap@https://registry.npmjs.org/is-weakmap/-/is-weakmap-2.0.2.tgz 0ms (cache hit)
2598 http cache is-weakset@https://registry.npmjs.org/is-weakset/-/is-weakset-2.0.4.tgz 0ms (cache hit)
2599 http cache is-map@https://registry.npmjs.org/is-map/-/is-map-2.0.3.tgz 0ms (cache hit)
2600 http cache async-function@https://registry.npmjs.org/async-function/-/async-function-1.0.0.tgz 0ms (cache hit)
2601 http cache which-collection@https://registry.npmjs.org/which-collection/-/which-collection-1.0.2.tgz 0ms (cache hit)
2602 http cache is-generator-function@https://registry.npmjs.org/is-generator-function/-/is-generator-function-1.1.2.tgz 0ms (cache hit)
2603 http cache is-finalizationregistry@https://registry.npmjs.org/is-finalizationregistry/-/is-finalizationregistry-1.1.1.tgz 0ms (cache hit)
2604 http cache is-async-function@https://registry.npmjs.org/is-async-function/-/is-async-function-2.1.1.tgz 0ms (cache hit)
2605 http cache is-number-object@https://registry.npmjs.org/is-number-object/-/is-number-object-1.1.1.tgz 0ms (cache hit)
2606 http cache is-boolean-object@https://registry.npmjs.org/is-boolean-object/-/is-boolean-object-1.2.2.tgz 0ms (cache hit)
2607 http cache is-bigint@https://registry.npmjs.org/is-bigint/-/is-bigint-1.1.0.tgz 0ms (cache hit)
2608 http cache isexe@https://registry.npmjs.org/isexe/-/isexe-2.0.0.tgz 0ms (cache hit)
2609 http cache punycode@https://registry.npmjs.org/punycode/-/punycode-2.3.1.tgz 0ms (cache hit)
2610 http cache generator-function@https://registry.npmjs.org/generator-function/-/generator-function-2.0.1.tgz 0ms (cache hit)
2611 http cache @emnapi/wasi-threads@https://registry.npmjs.org/@emnapi/wasi-threads/-/wasi-threads-1.1.0.tgz 0ms (cache hit)
2612 http cache @napi-rs/wasm-runtime@https://registry.npmjs.org/@napi-rs/wasm-runtime/-/wasm-runtime-0.2.12.tgz 0ms (cache hit)
2613 http cache escalade@https://registry.npmjs.org/escalade/-/escalade-3.2.0.tgz 0ms (cache hit)
2614 http cache napi-postinstall@https://registry.npmjs.org/napi-postinstall/-/napi-postinstall-0.3.4.tgz 0ms (cache hit)
2615 http cache which-boxed-primitive@https://registry.npmjs.org/which-boxed-primitive/-/which-boxed-primitive-1.1.1.tgz 0ms (cache hit)
2616 http cache @emnapi/core@https://registry.npmjs.org/@emnapi/core/-/core-1.8.1.tgz 0ms (cache hit)
2617 http cache @unrs/resolver-binding-darwin-arm64@https://registry.npmjs.org/@unrs/resolver-binding-darwin-arm64/-/resolver-binding-darwin-arm64-1.11.1.tgz 0ms (cache hit)
2618 http cache has-bigints@https://registry.npmjs.org/has-bigints/-/has-bigints-1.1.0.tgz 0ms (cache hit)
2619 http cache @typescript-eslint/types@https://registry.npmjs.org/@typescript-eslint/types/-/types-8.52.0.tgz 0ms (cache hit)
2620 http cache ts-api-utils@https://registry.npmjs.org/ts-api-utils/-/ts-api-utils-2.4.0.tgz 0ms (cache hit)
2621 http cache @typescript-eslint/project-service@https://registry.npmjs.org/@typescript-eslint/project-service/-/project-service-8.52.0.tgz 0ms (cache hit)
2622 http cache @typescript-eslint/visitor-keys@https://registry.npmjs.org/@typescript-eslint/visitor-keys/-/visitor-keys-8.52.0.tgz 0ms (cache hit)
2623 http cache @typescript-eslint/type-utils@https://registry.npmjs.org/@typescript-eslint/type-utils/-/type-utils-8.52.0.tgz 0ms (cache hit)
2624 http cache @typescript-eslint/scope-manager@https://registry.npmjs.org/@typescript-eslint/scope-manager/-/scope-manager-8.52.0.tgz 0ms (cache hit)
2625 http cache @typescript-eslint/utils@https://registry.npmjs.org/@typescript-eslint/utils/-/utils-8.52.0.tgz 0ms (cache hit)
2626 http cache @typescript-eslint/typescript-estree@https://registry.npmjs.org/@typescript-eslint/typescript-estree/-/typescript-estree-8.52.0.tgz 0ms (cache hit)
2627 http cache @typescript-eslint/parser@https://registry.npmjs.org/@typescript-eslint/parser/-/parser-8.52.0.tgz 0ms (cache hit)
2628 http cache @typescript-eslint/eslint-plugin@https://registry.npmjs.org/@typescript-eslint/eslint-plugin/-/eslint-plugin-8.52.0.tgz 0ms (cache hit)
2629 http cache which-builtin-type@https://registry.npmjs.org/which-builtin-type/-/which-builtin-type-1.2.1.tgz 0ms (cache hit)
2630 http cache reflect.getprototypeof@https://registry.npmjs.org/reflect.getprototypeof/-/reflect.getprototypeof-1.0.10.tgz 0ms (cache hit)
2631 http cache for-each@https://registry.npmjs.org/for-each/-/for-each-0.3.5.tgz 0ms (cache hit)
2632 http cache strip-bom@https://registry.npmjs.org/strip-bom/-/strip-bom-3.0.0.tgz 0ms (cache hit)
2633 http cache minimist@https://registry.npmjs.org/minimist/-/minimist-1.2.8.tgz 0ms (cache hit)
2634 http cache is-number@https://registry.npmjs.org/is-number/-/is-number-7.0.0.tgz 0ms (cache hit)
2635 http cache @types/json5@https://registry.npmjs.org/@types/json5/-/json5-0.0.29.tgz 0ms (cache hit)
2636 http cache has-flag@https://registry.npmjs.org/has-flag/-/has-flag-4.0.0.tgz 0ms (cache hit)
2637 http cache client-only@https://registry.npmjs.org/client-only/-/client-only-0.0.1.tgz 0ms (cache hit)
2638 http cache side-channel-weakmap@https://registry.npmjs.org/side-channel-weakmap/-/side-channel-weakmap-1.0.2.tgz 0ms (cache hit)
2639 http cache side-channel-map@https://registry.npmjs.org/side-channel-map/-/side-channel-map-1.0.1.tgz 0ms (cache hit)
2640 http cache shebang-regex@https://registry.npmjs.org/shebang-regex/-/shebang-regex-3.0.0.tgz 0ms (cache hit)
2641 http cache side-channel-list@https://registry.npmjs.org/side-channel-list/-/side-channel-list-1.0.0.tgz 0ms (cache hit)
2642 http cache @emnapi/runtime@https://registry.npmjs.org/@emnapi/runtime/-/runtime-1.8.1.tgz 0ms (cache hit)
2643 http cache @img/sharp-libvips-darwin-arm64@https://registry.npmjs.org/@img/sharp-libvips-darwin-arm64/-/sharp-libvips-darwin-arm64-1.2.4.tgz 0ms (cache hit)
2644 http cache @img/sharp-darwin-arm64@https://registry.npmjs.org/@img/sharp-darwin-arm64/-/sharp-darwin-arm64-0.34.5.tgz 0ms (cache hit)
2645 http cache @img/colour@https://registry.npmjs.org/@img/colour/-/colour-1.0.0.tgz 0ms (cache hit)
2646 http cache isarray@https://registry.npmjs.org/isarray/-/isarray-2.0.5.tgz 0ms (cache hit)
2647 http cache queue-microtask@https://registry.npmjs.org/queue-microtask/-/queue-microtask-1.2.3.tgz 0ms (cache hit)
2648 http cache supports-preserve-symlinks-flag@https://registry.npmjs.org/supports-preserve-symlinks-flag/-/supports-preserve-symlinks-flag-1.0.0.tgz 0ms (cache hit)
2649 http cache path-parse@https://registry.npmjs.org/path-parse/-/path-parse-1.0.7.tgz 0ms (cache hit)
2650 http cache @typescript-eslint/tsconfig-utils@https://registry.npmjs.org/@typescript-eslint/tsconfig-utils/-/tsconfig-utils-8.52.0.tgz 0ms (cache hit)
2651 http cache scheduler@https://registry.npmjs.org/scheduler/-/scheduler-0.27.0.tgz 0ms (cache hit)
2652 http cache object-assign@https://registry.npmjs.org/object-assign/-/object-assign-4.1.1.tgz 0ms (cache hit)
2653 http cache react-is@https://registry.npmjs.org/react-is/-/react-is-16.13.1.tgz 0ms (cache hit)
2654 http cache loose-envify@https://registry.npmjs.org/loose-envify/-/loose-envify-1.4.0.tgz 0ms (cache hit)
2655 http cache callsites@https://registry.npmjs.org/callsites/-/callsites-3.1.0.tgz 0ms (cache hit)
2656 http cache p-limit@https://registry.npmjs.org/p-limit/-/p-limit-3.1.0.tgz 0ms (cache hit)
2657 http cache fast-levenshtein@https://registry.npmjs.org/fast-levenshtein/-/fast-levenshtein-2.0.6.tgz 0ms (cache hit)
2658 http cache word-wrap@https://registry.npmjs.org/word-wrap/-/word-wrap-1.2.5.tgz 0ms (cache hit)
2659 http cache deep-is@https://registry.npmjs.org/deep-is/-/deep-is-0.1.4.tgz 0ms (cache hit)
2660 http cache tslib@https://registry.npmjs.org/tslib/-/tslib-2.8.1.tgz 0ms (cache hit)
2661 http cache yocto-queue@https://registry.npmjs.org/yocto-queue/-/yocto-queue-0.1.0.tgz 0ms (cache hit)
2662 http cache styled-jsx@https://registry.npmjs.org/styled-jsx/-/styled-jsx-5.1.6.tgz 0ms (cache hit)
2663 http cache nanoid@https://registry.npmjs.org/nanoid/-/nanoid-3.3.11.tgz 0ms (cache hit)
2664 http cache sharp@https://registry.npmjs.org/sharp/-/sharp-0.34.5.tgz 0ms (cache hit)
2665 http cache @swc/helpers@https://registry.npmjs.org/@swc/helpers/-/helpers-0.5.15.tgz 0ms (cache hit)
2666 http cache @next/env@https://registry.npmjs.org/@next/env/-/env-16.1.1.tgz 0ms (cache hit)
2667 http cache balanced-match@https://registry.npmjs.org/balanced-match/-/balanced-match-1.0.2.tgz 0ms (cache hit)
2668 http cache concat-map@https://registry.npmjs.org/concat-map/-/concat-map-0.0.1.tgz 0ms (cache hit)
2669 http cache brace-expansion@https://registry.npmjs.org/brace-expansion/-/brace-expansion-1.1.12.tgz 0ms (cache hit)
2670 http cache fill-range@https://registry.npmjs.org/fill-range/-/fill-range-7.1.1.tgz 0ms (cache hit)
2671 http cache to-regex-range@https://registry.npmjs.org/to-regex-range/-/to-regex-range-5.0.1.tgz 0ms (cache hit)
2672 http cache @next/swc-darwin-arm64@https://registry.npmjs.org/@next/swc-darwin-arm64/-/swc-darwin-arm64-16.1.1.tgz 0ms (cache hit)
2673 http cache @tybys/wasm-util@https://registry.npmjs.org/@tybys/wasm-util/-/wasm-util-0.10.1.tgz 0ms (cache hit)
2674 http cache braces@https://registry.npmjs.org/braces/-/braces-3.0.3.tgz 0ms (cache hit)
2675 http cache yallist@https://registry.npmjs.org/yallist/-/yallist-3.1.1.tgz 0ms (cache hit)
2676 http cache lightningcss-darwin-arm64@https://registry.npmjs.org/lightningcss-darwin-arm64/-/lightningcss-darwin-arm64-1.30.2.tgz 0ms (cache hit)
2677 http cache detect-libc@https://registry.npmjs.org/detect-libc/-/detect-libc-2.1.2.tgz 0ms (cache hit)
2678 http cache type-check@https://registry.npmjs.org/type-check/-/type-check-0.4.0.tgz 0ms (cache hit)
2679 http cache prelude-ls@https://registry.npmjs.org/prelude-ls/-/prelude-ls-1.2.1.tgz 0ms (cache hit)
2680 http cache language-subtag-registry@https://registry.npmjs.org/language-subtag-registry/-/language-subtag-registry-0.3.23.tgz 0ms (cache hit)
2681 http cache json-buffer@https://registry.npmjs.org/json-buffer/-/json-buffer-3.0.1.tgz 0ms (cache hit)
2682 http cache argparse@https://registry.npmjs.org/argparse/-/argparse-2.0.1.tgz 0ms (cache hit)
2683 http cache set-function-name@https://registry.npmjs.org/set-function-name/-/set-function-name-2.0.2.tgz 0ms (cache hit)
2684 http cache is-extglob@https://registry.npmjs.org/is-extglob/-/is-extglob-2.1.1.tgz 0ms (cache hit)
2685 http cache picomatch@https://registry.npmjs.org/picomatch/-/picomatch-2.3.1.tgz 0ms (cache hit)
2686 http cache parent-module@https://registry.npmjs.org/parent-module/-/parent-module-1.0.1.tgz 0ms (cache hit)
2687 http cache resolve-from@https://registry.npmjs.org/resolve-from/-/resolve-from-4.0.0.tgz 0ms (cache hit)
2688 http cache p-locate@https://registry.npmjs.org/p-locate/-/p-locate-5.0.0.tgz 0ms (cache hit)
2689 http cache resolve-pkg-maps@https://registry.npmjs.org/resolve-pkg-maps/-/resolve-pkg-maps-1.0.0.tgz 0ms (cache hit)
2690 http cache hermes-estree@https://registry.npmjs.org/hermes-estree/-/hermes-estree-0.25.1.tgz 0ms (cache hit)
2691 http cache functions-have-names@https://registry.npmjs.org/functions-have-names/-/functions-have-names-1.2.3.tgz 0ms (cache hit)
2692 http cache keyv@https://registry.npmjs.org/keyv/-/keyv-4.5.4.tgz 0ms (cache hit)
2693 http cache side-channel@https://registry.npmjs.org/side-channel/-/side-channel-1.1.0.tgz 0ms (cache hit)
2694 http cache path-exists@https://registry.npmjs.org/path-exists/-/path-exists-4.0.0.tgz 0ms (cache hit)
2695 http cache reusify@https://registry.npmjs.org/reusify/-/reusify-1.1.0.tgz 0ms (cache hit)
2696 http cache flatted@https://registry.npmjs.org/flatted/-/flatted-3.3.3.tgz 0ms (cache hit)
2697 http cache fastq@https://registry.npmjs.org/fastq/-/fastq-1.20.1.tgz 0ms (cache hit)
2698 http cache flat-cache@https://registry.npmjs.org/flat-cache/-/flat-cache-4.0.1.tgz 0ms (cache hit)
2699 http cache locate-path@https://registry.npmjs.org/locate-path/-/locate-path-6.0.0.tgz 0ms (cache hit)
2700 http cache run-parallel@https://registry.npmjs.org/run-parallel/-/run-parallel-1.2.0.tgz 0ms (cache hit)
2701 http cache dunder-proto@https://registry.npmjs.org/dunder-proto/-/dunder-proto-1.0.1.tgz 0ms (cache hit)
2702 http cache merge2@https://registry.npmjs.org/merge2/-/merge2-1.4.1.tgz 0ms (cache hit)
2703 http cache @nodelib/fs.stat@https://registry.npmjs.org/@nodelib/fs.stat/-/fs.stat-2.0.5.tgz 0ms (cache hit)
2704 http cache acorn-jsx@https://registry.npmjs.org/acorn-jsx/-/acorn-jsx-5.3.2.tgz 0ms (cache hit)
2705 http cache @nodelib/fs.scandir@https://registry.npmjs.org/@nodelib/fs.scandir/-/fs.scandir-2.1.5.tgz 0ms (cache hit)
2706 http cache acorn@https://registry.npmjs.org/acorn/-/acorn-8.15.0.tgz 0ms (cache hit)
2707 http cache node-releases@https://registry.npmjs.org/node-releases/-/node-releases-2.0.27.tgz 0ms (cache hit)
2708 http cache update-browserslist-db@https://registry.npmjs.org/update-browserslist-db/-/update-browserslist-db-1.2.3.tgz 0ms (cache hit)
2709 http cache micromatch@https://registry.npmjs.org/micromatch/-/micromatch-4.0.8.tgz 0ms (cache hit)
2710 http cache @babel/helper-string-parser@https://registry.npmjs.org/@babel/helper-string-parser/-/helper-string-parser-7.27.1.tgz 0ms (cache hit)
2711 http cache caniuse-lite@https://registry.npmjs.org/caniuse-lite/-/caniuse-lite-1.0.30001763.tgz 0ms (cache hit)
2712 http cache electron-to-chromium@https://registry.npmjs.org/electron-to-chromium/-/electron-to-chromium-1.5.267.tgz 0ms (cache hit)
2713 http cache @babel/helper-globals@https://registry.npmjs.org/@babel/helper-globals/-/helper-globals-7.28.0.tgz 0ms (cache hit)
2714 http cache @babel/helper-module-imports@https://registry.npmjs.org/@babel/helper-module-imports/-/helper-module-imports-7.27.1.tgz 0ms (cache hit)
2715 http cache esrecurse@https://registry.npmjs.org/esrecurse/-/esrecurse-4.3.0.tgz 0ms (cache hit)
2716 http cache lru-cache@https://registry.npmjs.org/lru-cache/-/lru-cache-5.1.1.tgz 0ms (cache hit)
2717 http cache @babel/helper-validator-option@https://registry.npmjs.org/@babel/helper-validator-option/-/helper-validator-option-7.27.1.tgz 0ms (cache hit)
2718 http cache jsesc@https://registry.npmjs.org/jsesc/-/jsesc-3.1.0.tgz 0ms (cache hit)
2719 http cache @babel/compat-data@https://registry.npmjs.org/@babel/compat-data/-/compat-data-7.28.5.tgz 0ms (cache hit)
2720 http cache picocolors@https://registry.npmjs.org/picocolors/-/picocolors-1.1.1.tgz 0ms (cache hit)
2721 http cache browserslist@https://registry.npmjs.org/browserslist/-/browserslist-4.28.1.tgz 0ms (cache hit)
2722 http cache json5@https://registry.npmjs.org/json5/-/json5-2.2.3.tgz 0ms (cache hit)
2723 http cache js-tokens@https://registry.npmjs.org/js-tokens/-/js-tokens-4.0.0.tgz 0ms (cache hit)
2724 http cache gensync@https://registry.npmjs.org/gensync/-/gensync-1.0.0-beta.2.tgz 0ms (cache hit)
2725 http cache convert-source-map@https://registry.npmjs.org/convert-source-map/-/convert-source-map-2.0.0.tgz 0ms (cache hit)
2726 http cache @babel/helpers@https://registry.npmjs.org/@babel/helpers/-/helpers-7.28.4.tgz 0ms (cache hit)
2727 http cache @babel/traverse@https://registry.npmjs.org/@babel/traverse/-/traverse-7.28.5.tgz 0ms (cache hit)
2728 http cache @babel/helper-validator-identifier@https://registry.npmjs.org/@babel/helper-validator-identifier/-/helper-validator-identifier-7.28.5.tgz 0ms (cache hit)
2729 http cache @babel/types@https://registry.npmjs.org/@babel/types/-/types-7.28.5.tgz 0ms (cache hit)
2730 http cache @babel/helper-module-transforms@https://registry.npmjs.org/@babel/helper-module-transforms/-/helper-module-transforms-7.28.3.tgz 0ms (cache hit)
2731 http cache @babel/generator@https://registry.npmjs.org/@babel/generator/-/generator-7.28.5.tgz 0ms (cache hit)
2732 http cache @babel/template@https://registry.npmjs.org/@babel/template/-/template-7.27.2.tgz 0ms (cache hit)
2733 http cache @babel/helper-compilation-targets@https://registry.npmjs.org/@babel/helper-compilation-targets/-/helper-compilation-targets-7.27.2.tgz 0ms (cache hit)
2734 http cache zod@https://registry.npmjs.org/zod/-/zod-4.3.5.tgz 0ms (cache hit)
2735 http cache baseline-browser-mapping@https://registry.npmjs.org/baseline-browser-mapping/-/baseline-browser-mapping-2.9.12.tgz 0ms (cache hit)
2736 http cache @babel/parser@https://registry.npmjs.org/@babel/parser/-/parser-7.28.5.tgz 0ms (cache hit)
2737 http cache @babel/code-frame@https://registry.npmjs.org/@babel/code-frame/-/code-frame-7.27.1.tgz 0ms (cache hit)
2738 http cache hermes-parser@https://registry.npmjs.org/hermes-parser/-/hermes-parser-0.25.1.tgz 0ms (cache hit)
2739 http cache iterator.prototype@https://registry.npmjs.org/iterator.prototype/-/iterator.prototype-1.1.5.tgz 0ms (cache hit)
2740 http cache @babel/core@https://registry.npmjs.org/@babel/core/-/core-7.28.5.tgz 0ms (cache hit)
2741 http cache zod-validation-error@https://registry.npmjs.org/zod-validation-error/-/zod-validation-error-4.0.2.tgz 0ms (cache hit)
2742 http cache string.prototype.repeat@https://registry.npmjs.org/string.prototype.repeat/-/string.prototype.repeat-1.0.0.tgz 0ms (cache hit)
2743 http cache estraverse@https://registry.npmjs.org/estraverse/-/estraverse-5.3.0.tgz 0ms (cache hit)
2744 http cache string.prototype.matchall@https://registry.npmjs.org/string.prototype.matchall/-/string.prototype.matchall-4.0.12.tgz 0ms (cache hit)
2745 http cache prop-types@https://registry.npmjs.org/prop-types/-/prop-types-15.8.1.tgz 0ms (cache hit)
2746 http cache es-iterator-helpers@https://registry.npmjs.org/es-iterator-helpers/-/es-iterator-helpers-1.2.2.tgz 0ms (cache hit)
2747 http cache array.prototype.tosorted@https://registry.npmjs.org/array.prototype.tosorted/-/array.prototype.tosorted-1.1.4.tgz 0ms (cache hit)
2748 http cache string.prototype.includes@https://registry.npmjs.org/string.prototype.includes/-/string.prototype.includes-2.0.1.tgz 0ms (cache hit)
2749 http cache language-tags@https://registry.npmjs.org/language-tags/-/language-tags-1.0.9.tgz 0ms (cache hit)
2750 http cache array.prototype.findlast@https://registry.npmjs.org/array.prototype.findlast/-/array.prototype.findlast-1.2.5.tgz 0ms (cache hit)
2751 http cache emoji-regex@https://registry.npmjs.org/emoji-regex/-/emoji-regex-9.2.2.tgz 0ms (cache hit)
2752 http cache damerau-levenshtein@https://registry.npmjs.org/damerau-levenshtein/-/damerau-levenshtein-1.0.8.tgz 0ms (cache hit)
2753 http cache object.entries@https://registry.npmjs.org/object.entries/-/object.entries-1.1.9.tgz 0ms (cache hit)
2754 http cache axe-core@https://registry.npmjs.org/axe-core/-/axe-core-4.11.1.tgz 0ms (cache hit)
2755 http cache ast-types-flow@https://registry.npmjs.org/ast-types-flow/-/ast-types-flow-0.0.8.tgz 0ms (cache hit)
2756 http cache axobject-query@https://registry.npmjs.org/axobject-query/-/axobject-query-4.1.0.tgz 0ms (cache hit)
2757 http cache aria-query@https://registry.npmjs.org/aria-query/-/aria-query-5.3.2.tgz 0ms (cache hit)
2758 http cache is-date-object@https://registry.npmjs.org/is-date-object/-/is-date-object-1.1.0.tgz 0ms (cache hit)
2759 http cache jsx-ast-utils@https://registry.npmjs.org/jsx-ast-utils/-/jsx-ast-utils-3.3.5.tgz 0ms (cache hit)
2760 http cache is-symbol@https://registry.npmjs.org/is-symbol/-/is-symbol-1.1.1.tgz 0ms (cache hit)
2761 http cache possible-typed-array-names@https://registry.npmjs.org/possible-typed-array-names/-/possible-typed-array-names-1.1.0.tgz 0ms (cache hit)
2762 http cache which-typed-array@https://registry.npmjs.org/which-typed-array/-/which-typed-array-1.1.19.tgz 0ms (cache hit)
2763 http cache has-tostringtag@https://registry.npmjs.org/has-tostringtag/-/has-tostringtag-1.0.2.tgz 0ms (cache hit)
2764 http cache typed-array-length@https://registry.npmjs.org/typed-array-length/-/typed-array-length-1.0.7.tgz 0ms (cache hit)
2765 http cache string.prototype.trimstart@https://registry.npmjs.org/string.prototype.trimstart/-/string.prototype.trimstart-1.0.8.tgz 0ms (cache hit)
2766 http cache typed-array-byte-offset@https://registry.npmjs.org/typed-array-byte-offset/-/typed-array-byte-offset-1.0.4.tgz 0ms (cache hit)
2767 http cache typed-array-byte-length@https://registry.npmjs.org/typed-array-byte-length/-/typed-array-byte-length-1.0.3.tgz 0ms (cache hit)
2768 http cache typed-array-buffer@https://registry.npmjs.org/typed-array-buffer/-/typed-array-buffer-1.0.3.tgz 0ms (cache hit)
2769 http cache string.prototype.trim@https://registry.npmjs.org/string.prototype.trim/-/string.prototype.trim-1.2.10.tgz 0ms (cache hit)
2770 http cache set-proto@https://registry.npmjs.org/set-proto/-/set-proto-1.0.0.tgz 0ms (cache hit)
2771 http cache unbox-primitive@https://registry.npmjs.org/unbox-primitive/-/unbox-primitive-1.1.0.tgz 0ms (cache hit)
2772 http cache stop-iteration-iterator@https://registry.npmjs.org/stop-iteration-iterator/-/stop-iteration-iterator-1.1.0.tgz 0ms (cache hit)
2773 http cache regexp.prototype.flags@https://registry.npmjs.org/regexp.prototype.flags/-/regexp.prototype.flags-1.5.4.tgz 0ms (cache hit)
2774 http cache safe-push-apply@https://registry.npmjs.org/safe-push-apply/-/safe-push-apply-1.0.0.tgz 0ms (cache hit)
2775 http cache safe-array-concat@https://registry.npmjs.org/safe-array-concat/-/safe-array-concat-1.1.3.tgz 0ms (cache hit)
2776 http cache own-keys@https://registry.npmjs.org/own-keys/-/own-keys-1.0.1.tgz 0ms (cache hit)
2777 http cache safe-regex-test@https://registry.npmjs.org/safe-regex-test/-/safe-regex-test-1.1.0.tgz 0ms (cache hit)
2778 http cache object.assign@https://registry.npmjs.org/object.assign/-/object.assign-4.1.7.tgz 0ms (cache hit)
2779 http cache object-inspect@https://registry.npmjs.org/object-inspect/-/object-inspect-1.13.4.tgz 0ms (cache hit)
2780 http cache is-typed-array@https://registry.npmjs.org/is-typed-array/-/is-typed-array-1.1.15.tgz 0ms (cache hit)
2781 http cache is-weakref@https://registry.npmjs.org/is-weakref/-/is-weakref-1.1.1.tgz 0ms (cache hit)
2782 http cache is-set@https://registry.npmjs.org/is-set/-/is-set-2.0.3.tgz 0ms (cache hit)
2783 http cache is-shared-array-buffer@https://registry.npmjs.org/is-shared-array-buffer/-/is-shared-array-buffer-1.0.4.tgz 0ms (cache hit)
2784 http cache is-regex@https://registry.npmjs.org/is-regex/-/is-regex-1.2.1.tgz 0ms (cache hit)
2785 http cache is-data-view@https://registry.npmjs.org/is-data-view/-/is-data-view-1.0.2.tgz 0ms (cache hit)
2786 http cache is-negative-zero@https://registry.npmjs.org/is-negative-zero/-/is-negative-zero-2.0.3.tgz 0ms (cache hit)
2787 http cache is-array-buffer@https://registry.npmjs.org/is-array-buffer/-/is-array-buffer-3.0.5.tgz 0ms (cache hit)
2788 http cache is-callable@https://registry.npmjs.org/is-callable/-/is-callable-1.2.7.tgz 0ms (cache hit)
2789 http cache has-proto@https://registry.npmjs.org/has-proto/-/has-proto-1.2.0.tgz 1ms (cache hit)
2790 http cache has-symbols@https://registry.npmjs.org/has-symbols/-/has-symbols-1.1.0.tgz 0ms (cache hit)
2791 http cache globalthis@https://registry.npmjs.org/globalthis/-/globalthis-1.0.4.tgz 0ms (cache hit)
2792 http cache get-symbol-description@https://registry.npmjs.org/get-symbol-description/-/get-symbol-description-1.1.0.tgz 0ms (cache hit)
2793 http cache internal-slot@https://registry.npmjs.org/internal-slot/-/internal-slot-1.1.0.tgz 0ms (cache hit)
2794 http cache function.prototype.name@https://registry.npmjs.org/function.prototype.name/-/function.prototype.name-1.1.8.tgz 0ms (cache hit)
2795 http cache es-to-primitive@https://registry.npmjs.org/es-to-primitive/-/es-to-primitive-1.3.0.tgz 0ms (cache hit)
2796 http cache @nodelib/fs.walk@https://registry.npmjs.org/@nodelib/fs.walk/-/fs.walk-1.2.8.tgz 0ms (cache hit)
2797 http cache get-proto@https://registry.npmjs.org/get-proto/-/get-proto-1.0.1.tgz 0ms (cache hit)
2798 http cache data-view-byte-length@https://registry.npmjs.org/data-view-byte-length/-/data-view-byte-length-1.0.2.tgz 0ms (cache hit)
2799 http cache data-view-buffer@https://registry.npmjs.org/data-view-buffer/-/data-view-buffer-1.0.2.tgz 0ms (cache hit)
2800 http cache array-buffer-byte-length@https://registry.npmjs.org/array-buffer-byte-length/-/array-buffer-byte-length-1.0.2.tgz 0ms (cache hit)
2801 http cache es-set-tostringtag@https://registry.npmjs.org/es-set-tostringtag/-/es-set-tostringtag-2.1.0.tgz 0ms (cache hit)
2802 http cache arraybuffer.prototype.slice@https://registry.npmjs.org/arraybuffer.prototype.slice/-/arraybuffer.prototype.slice-1.0.4.tgz 0ms (cache hit)
2803 http cache available-typed-arrays@https://registry.npmjs.org/available-typed-arrays/-/available-typed-arrays-1.0.7.tgz 0ms (cache hit)
2804 http cache define-data-property@https://registry.npmjs.org/define-data-property/-/define-data-property-1.1.4.tgz 0ms (cache hit)
2805 http cache has-property-descriptors@https://registry.npmjs.org/has-property-descriptors/-/has-property-descriptors-1.0.2.tgz 0ms (cache hit)
2806 http cache gopd@https://registry.npmjs.org/gopd/-/gopd-1.2.0.tgz 0ms (cache hit)
2807 http cache data-view-byte-offset@https://registry.npmjs.org/data-view-byte-offset/-/data-view-byte-offset-1.0.1.tgz 0ms (cache hit)
2808 http cache function-bind@https://registry.npmjs.org/function-bind/-/function-bind-1.1.2.tgz 0ms (cache hit)
2809 http cache object-keys@https://registry.npmjs.org/object-keys/-/object-keys-1.1.1.tgz 0ms (cache hit)
2810 http cache es-define-property@https://registry.npmjs.org/es-define-property/-/es-define-property-1.0.1.tgz 0ms (cache hit)
2811 http cache es-errors@https://registry.npmjs.org/es-errors/-/es-errors-1.3.0.tgz 0ms (cache hit)
2812 http cache es-shim-unscopables@https://registry.npmjs.org/es-shim-unscopables/-/es-shim-unscopables-1.1.0.tgz 0ms (cache hit)
2813 http cache call-bind-apply-helpers@https://registry.npmjs.org/call-bind-apply-helpers/-/call-bind-apply-helpers-1.0.2.tgz 0ms (cache hit)
2814 http cache is-string@https://registry.npmjs.org/is-string/-/is-string-1.1.1.tgz 0ms (cache hit)
2815 http cache get-intrinsic@https://registry.npmjs.org/get-intrinsic/-/get-intrinsic-1.3.0.tgz 0ms (cache hit)
2816 http cache es-object-atoms@https://registry.npmjs.org/es-object-atoms/-/es-object-atoms-1.1.1.tgz 0ms (cache hit)
2817 http cache set-function-length@https://registry.npmjs.org/set-function-length/-/set-function-length-1.2.2.tgz 0ms (cache hit)
2818 http cache es-abstract@https://registry.npmjs.org/es-abstract/-/es-abstract-1.24.1.tgz 0ms (cache hit)
2819 http cache define-properties@https://registry.npmjs.org/define-properties/-/define-properties-1.2.1.tgz 0ms (cache hit)
2820 http cache math-intrinsics@https://registry.npmjs.org/math-intrinsics/-/math-intrinsics-1.1.0.tgz 0ms (cache hit)
2821 http cache call-bound@https://registry.npmjs.org/call-bound/-/call-bound-1.0.4.tgz 0ms (cache hit)
2822 http cache string.prototype.trimend@https://registry.npmjs.org/string.prototype.trimend/-/string.prototype.trimend-1.0.9.tgz 0ms (cache hit)
2823 http cache semver@https://registry.npmjs.org/semver/-/semver-6.3.1.tgz 0ms (cache hit)
2824 http cache call-bind@https://registry.npmjs.org/call-bind/-/call-bind-1.0.8.tgz 0ms (cache hit)
2825 http cache object.groupby@https://registry.npmjs.org/object.groupby/-/object.groupby-1.0.3.tgz 0ms (cache hit)
2826 http cache object.values@https://registry.npmjs.org/object.values/-/object.values-1.2.1.tgz 0ms (cache hit)
2827 http cache object.fromentries@https://registry.npmjs.org/object.fromentries/-/object.fromentries-2.0.8.tgz 0ms (cache hit)
2828 http cache eslint-module-utils@https://registry.npmjs.org/eslint-module-utils/-/eslint-module-utils-2.12.1.tgz 0ms (cache hit)
2829 http cache hasown@https://registry.npmjs.org/hasown/-/hasown-2.0.2.tgz 0ms (cache hit)
2830 http cache doctrine@https://registry.npmjs.org/doctrine/-/doctrine-2.1.0.tgz 0ms (cache hit)
2831 http cache tsconfig-paths@https://registry.npmjs.org/tsconfig-paths/-/tsconfig-paths-3.15.0.tgz 0ms (cache hit)
2832 http cache array.prototype.flatmap@https://registry.npmjs.org/array.prototype.flatmap/-/array.prototype.flatmap-1.3.3.tgz 0ms (cache hit)
2833 http cache array.prototype.findlastindex@https://registry.npmjs.org/array.prototype.findlastindex/-/array.prototype.findlastindex-1.2.6.tgz 0ms (cache hit)
2834 http cache array-includes@https://registry.npmjs.org/array-includes/-/array-includes-3.1.9.tgz 0ms (cache hit)
2835 http cache stable-hash@https://registry.npmjs.org/stable-hash/-/stable-hash-0.0.5.tgz 0ms (cache hit)
2836 http cache unrs-resolver@https://registry.npmjs.org/unrs-resolver/-/unrs-resolver-1.11.1.tgz 0ms (cache hit)
2837 http cache array.prototype.flat@https://registry.npmjs.org/array.prototype.flat/-/array.prototype.flat-1.3.3.tgz 0ms (cache hit)
2838 http cache tinyglobby@https://registry.npmjs.org/tinyglobby/-/tinyglobby-0.2.15.tgz 0ms (cache hit)
2839 http cache get-tsconfig@https://registry.npmjs.org/get-tsconfig/-/get-tsconfig-4.13.0.tgz 0ms (cache hit)
2840 http cache @rtsao/scc@https://registry.npmjs.org/@rtsao/scc/-/scc-1.1.0.tgz 0ms (cache hit)
2841 http cache is-bun-module@https://registry.npmjs.org/is-bun-module/-/is-bun-module-2.0.0.tgz 0ms (cache hit)
2842 http cache @nolyfill/is-core-module@https://registry.npmjs.org/@nolyfill/is-core-module/-/is-core-module-1.0.39.tgz 0ms (cache hit)
2843 http cache resolve@https://registry.npmjs.org/resolve/-/resolve-1.22.11.tgz 0ms (cache hit)
2844 http cache is-core-module@https://registry.npmjs.org/is-core-module/-/is-core-module-2.16.1.tgz 0ms (cache hit)
2845 http cache typescript-eslint@https://registry.npmjs.org/typescript-eslint/-/typescript-eslint-8.52.0.tgz 0ms (cache hit)
2846 http cache fast-glob@https://registry.npmjs.org/fast-glob/-/fast-glob-3.3.1.tgz 0ms (cache hit)
2847 http cache eslint-plugin-import@https://registry.npmjs.org/eslint-plugin-import/-/eslint-plugin-import-2.32.0.tgz 0ms (cache hit)
2848 http cache eslint-plugin-react@https://registry.npmjs.org/eslint-plugin-react/-/eslint-plugin-react-7.37.5.tgz 0ms (cache hit)
2849 http cache eslint-plugin-jsx-a11y@https://registry.npmjs.org/eslint-plugin-jsx-a11y/-/eslint-plugin-jsx-a11y-6.10.2.tgz 0ms (cache hit)
2850 http cache eslint-plugin-react-hooks@https://registry.npmjs.org/eslint-plugin-react-hooks/-/eslint-plugin-react-hooks-7.0.1.tgz 0ms (cache hit)
2851 http cache eslint-import-resolver-typescript@https://registry.npmjs.org/eslint-import-resolver-typescript/-/eslint-import-resolver-typescript-3.10.1.tgz 0ms (cache hit)
2852 http cache @next/eslint-plugin-next@https://registry.npmjs.org/@next/eslint-plugin-next/-/eslint-plugin-next-16.1.1.tgz 0ms (cache hit)
2853 http cache eslint-import-resolver-node@https://registry.npmjs.org/eslint-import-resolver-node/-/eslint-import-resolver-node-0.3.9.tgz 0ms (cache hit)
2854 http cache which@https://registry.npmjs.org/which/-/which-2.0.2.tgz 0ms (cache hit)
2855 http cache path-key@https://registry.npmjs.org/path-key/-/path-key-3.1.1.tgz 0ms (cache hit)
2856 http cache shebang-command@https://registry.npmjs.org/shebang-command/-/shebang-command-2.0.0.tgz 0ms (cache hit)
2857 http cache ms@https://registry.npmjs.org/ms/-/ms-2.1.3.tgz 0ms (cache hit)
2858 http cache color-name@https://registry.npmjs.org/color-name/-/color-name-1.1.4.tgz 0ms (cache hit)
2859 http cache color-convert@https://registry.npmjs.org/color-convert/-/color-convert-2.0.1.tgz 0ms (cache hit)
2860 http cache supports-color@https://registry.npmjs.org/supports-color/-/supports-color-7.2.0.tgz 0ms (cache hit)
2861 http cache json-schema-traverse@https://registry.npmjs.org/json-schema-traverse/-/json-schema-traverse-0.4.1.tgz 0ms (cache hit)
2862 http cache uri-js@https://registry.npmjs.org/uri-js/-/uri-js-4.4.1.tgz 0ms (cache hit)
2863 http cache ansi-styles@https://registry.npmjs.org/ansi-styles/-/ansi-styles-4.3.0.tgz 0ms (cache hit)
2864 http cache fast-json-stable-stringify@https://registry.npmjs.org/fast-json-stable-stringify/-/fast-json-stable-stringify-2.1.0.tgz 0ms (cache hit)
2865 http cache @humanfs/core@https://registry.npmjs.org/@humanfs/core/-/core-0.19.1.tgz 0ms (cache hit)
2866 http cache strip-json-comments@https://registry.npmjs.org/strip-json-comments/-/strip-json-comments-3.1.1.tgz 0ms (cache hit)
2867 http cache js-yaml@https://registry.npmjs.org/js-yaml/-/js-yaml-4.1.1.tgz 0ms (cache hit)
2868 http cache globals@https://registry.npmjs.org/globals/-/globals-14.0.0.tgz 0ms (cache hit)
2869 http cache @types/json-schema@https://registry.npmjs.org/@types/json-schema/-/json-schema-7.0.15.tgz 0ms (cache hit)
2870 http cache import-fresh@https://registry.npmjs.org/import-fresh/-/import-fresh-3.3.1.tgz 0ms (cache hit)
2871 http cache @eslint/object-schema@https://registry.npmjs.org/@eslint/object-schema/-/object-schema-2.1.7.tgz 0ms (cache hit)
2872 http cache levn@https://registry.npmjs.org/levn/-/levn-0.4.1.tgz 0ms (cache hit)
2873 http cache minimatch@https://registry.npmjs.org/minimatch/-/minimatch-3.1.2.tgz 0ms (cache hit)
2874 http cache natural-compare@https://registry.npmjs.org/natural-compare/-/natural-compare-1.4.0.tgz 0ms (cache hit)
2875 http cache optionator@https://registry.npmjs.org/optionator/-/optionator-0.9.4.tgz 0ms (cache hit)
2876 http cache is-glob@https://registry.npmjs.org/is-glob/-/is-glob-4.0.3.tgz 0ms (cache hit)
2877 http cache json-stable-stringify-without-jsonify@https://registry.npmjs.org/json-stable-stringify-without-jsonify/-/json-stable-stringify-without-jsonify-1.0.1.tgz 0ms (cache hit)
2878 http cache imurmurhash@https://registry.npmjs.org/imurmurhash/-/imurmurhash-0.1.4.tgz 0ms (cache hit)
2879 http cache lodash.merge@https://registry.npmjs.org/lodash.merge/-/lodash.merge-4.6.2.tgz 0ms (cache hit)
2880 http cache ignore@https://registry.npmjs.org/ignore/-/ignore-5.3.2.tgz 0ms (cache hit)
2881 http cache glob-parent@https://registry.npmjs.org/glob-parent/-/glob-parent-6.0.2.tgz 0ms (cache hit)
2882 http cache find-up@https://registry.npmjs.org/find-up/-/find-up-5.0.0.tgz 0ms (cache hit)
2883 http cache esquery@https://registry.npmjs.org/esquery/-/esquery-1.7.0.tgz 0ms (cache hit)
2884 http cache esutils@https://registry.npmjs.org/esutils/-/esutils-2.0.3.tgz 0ms (cache hit)
2885 http cache fast-deep-equal@https://registry.npmjs.org/fast-deep-equal/-/fast-deep-equal-3.1.3.tgz 0ms (cache hit)
2886 http cache file-entry-cache@https://registry.npmjs.org/file-entry-cache/-/file-entry-cache-8.0.0.tgz 0ms (cache hit)
2887 http cache espree@https://registry.npmjs.org/espree/-/espree-10.4.0.tgz 0ms (cache hit)
2888 http cache eslint-visitor-keys@https://registry.npmjs.org/eslint-visitor-keys/-/eslint-visitor-keys-4.2.1.tgz 0ms (cache hit)
2889 http cache eslint-scope@https://registry.npmjs.org/eslint-scope/-/eslint-scope-8.4.0.tgz 0ms (cache hit)
2890 http cache cross-spawn@https://registry.npmjs.org/cross-spawn/-/cross-spawn-7.0.6.tgz 0ms (cache hit)
2891 http cache escape-string-regexp@https://registry.npmjs.org/escape-string-regexp/-/escape-string-regexp-4.0.0.tgz 0ms (cache hit)
2892 http cache chalk@https://registry.npmjs.org/chalk/-/chalk-4.1.2.tgz 0ms (cache hit)
2893 http cache ajv@https://registry.npmjs.org/ajv/-/ajv-6.12.6.tgz 0ms (cache hit)
2894 http cache @types/estree@https://registry.npmjs.org/@types/estree/-/estree-1.0.8.tgz 0ms (cache hit)
2895 http cache @humanwhocodes/module-importer@https://registry.npmjs.org/@humanwhocodes/module-importer/-/module-importer-1.0.1.tgz 0ms (cache hit)
2896 http cache @humanfs/node@https://registry.npmjs.org/@humanfs/node/-/node-0.16.7.tgz 0ms (cache hit)
2897 http cache @eslint/plugin-kit@https://registry.npmjs.org/@eslint/plugin-kit/-/plugin-kit-0.4.1.tgz 0ms (cache hit)
2898 http cache @eslint/js@https://registry.npmjs.org/@eslint/js/-/js-9.39.2.tgz 0ms (cache hit)
2899 http cache @eslint/eslintrc@https://registry.npmjs.org/@eslint/eslintrc/-/eslintrc-3.3.3.tgz 0ms (cache hit)
2900 http cache @humanwhocodes/retry@https://registry.npmjs.org/@humanwhocodes/retry/-/retry-0.4.3.tgz 0ms (cache hit)
2901 http cache @eslint/config-helpers@https://registry.npmjs.org/@eslint/config-helpers/-/config-helpers-0.4.2.tgz 0ms (cache hit)
2902 http cache @eslint/core@https://registry.npmjs.org/@eslint/core/-/core-0.17.0.tgz 0ms (cache hit)
2903 http cache @eslint/config-array@https://registry.npmjs.org/@eslint/config-array/-/config-array-0.21.1.tgz 0ms (cache hit)
2904 http cache graceful-fs@https://registry.npmjs.org/graceful-fs/-/graceful-fs-4.2.11.tgz 0ms (cache hit)
2905 http cache tapable@https://registry.npmjs.org/tapable/-/tapable-2.3.0.tgz 0ms (cache hit)
2906 http cache @eslint-community/eslint-utils@https://registry.npmjs.org/@eslint-community/eslint-utils/-/eslint-utils-4.9.1.tgz 0ms (cache hit)
2907 http cache @eslint-community/regexpp@https://registry.npmjs.org/@eslint-community/regexpp/-/regexpp-4.12.2.tgz 0ms (cache hit)
2908 http cache undici-types@https://registry.npmjs.org/undici-types/-/undici-types-6.21.0.tgz 0ms (cache hit)
2909 http cache csstype@https://registry.npmjs.org/csstype/-/csstype-3.2.3.tgz 0ms (cache hit)
2910 http cache @tailwindcss/oxide-darwin-arm64@https://registry.npmjs.org/@tailwindcss/oxide-darwin-arm64/-/oxide-darwin-arm64-4.1.18.tgz 0ms (cache hit)
2911 http cache @jridgewell/gen-mapping@https://registry.npmjs.org/@jridgewell/gen-mapping/-/gen-mapping-0.3.13.tgz 0ms (cache hit)
2912 http cache @jridgewell/trace-mapping@https://registry.npmjs.org/@jridgewell/trace-mapping/-/trace-mapping-0.3.31.tgz 0ms (cache hit)
2913 http cache @jridgewell/sourcemap-codec@https://registry.npmjs.org/@jridgewell/sourcemap-codec/-/sourcemap-codec-1.5.5.tgz 0ms (cache hit)
2914 http cache @jridgewell/resolve-uri@https://registry.npmjs.org/@jridgewell/resolve-uri/-/resolve-uri-3.1.2.tgz 0ms (cache hit)
2915 http cache lightningcss@https://registry.npmjs.org/lightningcss/-/lightningcss-1.30.2.tgz 0ms (cache hit)
2916 http cache magic-string@https://registry.npmjs.org/magic-string/-/magic-string-0.30.21.tgz 0ms (cache hit)
2917 http cache source-map-js@https://registry.npmjs.org/source-map-js/-/source-map-js-1.2.1.tgz 0ms (cache hit)
2918 http cache @jridgewell/remapping@https://registry.npmjs.org/@jridgewell/remapping/-/remapping-2.3.5.tgz 0ms (cache hit)
2919 http cache enhanced-resolve@https://registry.npmjs.org/enhanced-resolve/-/enhanced-resolve-5.18.4.tgz 0ms (cache hit)
2920 http cache jiti@https://registry.npmjs.org/jiti/-/jiti-2.6.1.tgz 0ms (cache hit)
2921 http cache postcss@https://registry.npmjs.org/postcss/-/postcss-8.5.6.tgz 0ms (cache hit)
2922 http cache @alloc/quick-lru@https://registry.npmjs.org/@alloc/quick-lru/-/quick-lru-5.2.0.tgz 0ms (cache hit)
2923 http cache @tailwindcss/node@https://registry.npmjs.org/@tailwindcss/node/-/node-4.1.18.tgz 0ms (cache hit)
2924 http cache @tailwindcss/oxide@https://registry.npmjs.org/@tailwindcss/oxide/-/oxide-4.1.18.tgz 0ms (cache hit)
2925 http cache tailwindcss@https://registry.npmjs.org/tailwindcss/-/tailwindcss-4.1.18.tgz 0ms (cache hit)
2926 http cache react@https://registry.npmjs.org/react/-/react-19.2.3.tgz 0ms (cache hit)
2927 http cache react-dom@https://registry.npmjs.org/react-dom/-/react-dom-19.2.3.tgz 0ms (cache hit)
2928 http cache @types/react-dom@https://registry.npmjs.org/@types/react-dom/-/react-dom-19.2.3.tgz 0ms (cache hit)
2929 http cache next@https://registry.npmjs.org/next/-/next-16.1.1.tgz 0ms (cache hit)
2930 http cache eslint-config-next@https://registry.npmjs.org/eslint-config-next/-/eslint-config-next-16.1.1.tgz 0ms (cache hit)
2931 http cache typescript@https://registry.npmjs.org/typescript/-/typescript-5.9.3.tgz 0ms (cache hit)
2932 http cache @types/react@https://registry.npmjs.org/@types/react/-/react-19.2.7.tgz 0ms (cache hit)
2933 http cache @types/node@https://registry.npmjs.org/@types/node/-/node-20.19.27.tgz 0ms (cache hit)
2934 http cache @tailwindcss/postcss@https://registry.npmjs.org/@tailwindcss/postcss/-/postcss-4.1.18.tgz 0ms (cache hit)
2935 http cache semver@https://registry.npmjs.org/semver/-/semver-7.7.3.tgz 0ms (cache hit)
2936 http cache brace-expansion@https://registry.npmjs.org/brace-expansion/-/brace-expansion-2.0.2.tgz 0ms (cache hit)
2937 http cache minimatch@https://registry.npmjs.org/minimatch/-/minimatch-9.0.5.tgz 0ms (cache hit)
2938 http cache ignore@https://registry.npmjs.org/ignore/-/ignore-7.0.5.tgz 0ms (cache hit)
2939 http cache semver@https://registry.npmjs.org/semver/-/semver-7.7.3.tgz 0ms (cache hit)
2940 http cache json5@https://registry.npmjs.org/json5/-/json5-1.0.2.tgz 0ms (cache hit)
2941 http cache eslint@https://registry.npmjs.org/eslint/-/eslint-9.39.2.tgz 0ms (cache hit)
2942 http cache debug@https://registry.npmjs.org/debug/-/debug-3.2.7.tgz 0ms (cache hit)
2943 http cache picomatch@https://registry.npmjs.org/picomatch/-/picomatch-4.0.3.tgz 0ms (cache hit)
2944 http cache fdir@https://registry.npmjs.org/fdir/-/fdir-6.5.0.tgz 0ms (cache hit)
2945 http cache semver@https://registry.npmjs.org/semver/-/semver-7.7.3.tgz 0ms (cache hit)
2946 http cache debug@https://registry.npmjs.org/debug/-/debug-3.2.7.tgz 0ms (cache hit)
2947 http cache resolve@https://registry.npmjs.org/resolve/-/resolve-2.0.0-next.5.tgz 0ms (cache hit)
2948 http cache debug@https://registry.npmjs.org/debug/-/debug-3.2.7.tgz 0ms (cache hit)
2949 http cache glob-parent@https://registry.npmjs.org/glob-parent/-/glob-parent-5.1.2.tgz 0ms (cache hit)
2950 http cache debug@https://registry.npmjs.org/debug/-/debug-4.4.3.tgz 0ms (cache hit)
2951 silly tarball no local data for is-weakmap@https://registry.npmjs.org/is-weakmap/-/is-weakmap-2.0.2.tgz. Extracting by manifest.
2952 silly tarball no local data for is-weakset@https://registry.npmjs.org/is-weakset/-/is-weakset-2.0.4.tgz. Extracting by manifest.
2953 silly tarball no local data for is-map@https://registry.npmjs.org/is-map/-/is-map-2.0.3.tgz. Extracting by manifest.
2954 http cache postcss@https://registry.npmjs.org/postcss/-/postcss-8.4.31.tgz 0ms (cache hit)
2955 silly tarball no local data for async-function@https://registry.npmjs.org/async-function/-/async-function-1.0.0.tgz. Extracting by manifest.
2956 silly tarball no local data for which-collection@https://registry.npmjs.org/which-collection/-/which-collection-1.0.2.tgz. Extracting by manifest.
2957 silly tarball no local data for is-generator-function@https://registry.npmjs.org/is-generator-function/-/is-generator-function-1.1.2.tgz. Extracting by manifest.
2958 silly tarball no local data for is-finalizationregistry@https://registry.npmjs.org/is-finalizationregistry/-/is-finalizationregistry-1.1.1.tgz. Extracting by manifest.
2959 silly tarball no local data for is-async-function@https://registry.npmjs.org/is-async-function/-/is-async-function-2.1.1.tgz. Extracting by manifest.
2960 http cache globals@https://registry.npmjs.org/globals/-/globals-16.4.0.tgz 0ms (cache hit)
2961 silly tarball no local data for is-number-object@https://registry.npmjs.org/is-number-object/-/is-number-object-1.1.1.tgz. Extracting by manifest.
2962 http cache eslint-visitor-keys@https://registry.npmjs.org/eslint-visitor-keys/-/eslint-visitor-keys-3.4.3.tgz 0ms (cache hit)
2963 silly tarball no local data for is-boolean-object@https://registry.npmjs.org/is-boolean-object/-/is-boolean-object-1.2.2.tgz. Extracting by manifest.
2964 silly tarball no local data for is-bigint@https://registry.npmjs.org/is-bigint/-/is-bigint-1.1.0.tgz. Extracting by manifest.
2965 silly tarball no local data for isexe@https://registry.npmjs.org/isexe/-/isexe-2.0.0.tgz. Extracting by manifest.
2966 silly tarball no local data for punycode@https://registry.npmjs.org/punycode/-/punycode-2.3.1.tgz. Extracting by manifest.
2967 silly tarball no local data for generator-function@https://registry.npmjs.org/generator-function/-/generator-function-2.0.1.tgz. Extracting by manifest.
2968 silly tarball no local data for @emnapi/wasi-threads@https://registry.npmjs.org/@emnapi/wasi-threads/-/wasi-threads-1.1.0.tgz. Extracting by manifest.
2969 silly tarball no local data for @napi-rs/wasm-runtime@https://registry.npmjs.org/@napi-rs/wasm-runtime/-/wasm-runtime-0.2.12.tgz. Extracting by manifest.
2970 silly tarball no local data for escalade@https://registry.npmjs.org/escalade/-/escalade-3.2.0.tgz. Extracting by manifest.
2971 silly tarball no local data for napi-postinstall@https://registry.npmjs.org/napi-postinstall/-/napi-postinstall-0.3.4.tgz. Extracting by manifest.
2972 silly tarball no local data for which-boxed-primitive@https://registry.npmjs.org/which-boxed-primitive/-/which-boxed-primitive-1.1.1.tgz. Extracting by manifest.
2973 silly tarball no local data for @emnapi/core@https://registry.npmjs.org/@emnapi/core/-/core-1.8.1.tgz. Extracting by manifest.
2974 silly tarball no local data for @unrs/resolver-binding-darwin-arm64@https://registry.npmjs.org/@unrs/resolver-binding-darwin-arm64/-/resolver-binding-darwin-arm64-1.11.1.tgz. Extracting by manifest.
2975 silly tarball no local data for has-bigints@https://registry.npmjs.org/has-bigints/-/has-bigints-1.1.0.tgz. Extracting by manifest.
2976 silly tarball no local data for @typescript-eslint/types@https://registry.npmjs.org/@typescript-eslint/types/-/types-8.52.0.tgz. Extracting by manifest.
2977 silly tarball no local data for ts-api-utils@https://registry.npmjs.org/ts-api-utils/-/ts-api-utils-2.4.0.tgz. Extracting by manifest.
2978 silly tarball no local data for @typescript-eslint/project-service@https://registry.npmjs.org/@typescript-eslint/project-service/-/project-service-8.52.0.tgz. Extracting by manifest.
2979 silly tarball no local data for @typescript-eslint/visitor-keys@https://registry.npmjs.org/@typescript-eslint/visitor-keys/-/visitor-keys-8.52.0.tgz. Extracting by manifest.
2980 silly tarball no local data for @typescript-eslint/type-utils@https://registry.npmjs.org/@typescript-eslint/type-utils/-/type-utils-8.52.0.tgz. Extracting by manifest.
2981 silly tarball no local data for @typescript-eslint/scope-manager@https://registry.npmjs.org/@typescript-eslint/scope-manager/-/scope-manager-8.52.0.tgz. Extracting by manifest.
2982 silly tarball no local data for @typescript-eslint/utils@https://registry.npmjs.org/@typescript-eslint/utils/-/utils-8.52.0.tgz. Extracting by manifest.
2983 silly tarball no local data for @typescript-eslint/typescript-estree@https://registry.npmjs.org/@typescript-eslint/typescript-estree/-/typescript-estree-8.52.0.tgz. Extracting by manifest.
2984 silly tarball no local data for @typescript-eslint/parser@https://registry.npmjs.org/@typescript-eslint/parser/-/parser-8.52.0.tgz. Extracting by manifest.
2985 silly tarball no local data for @typescript-eslint/eslint-plugin@https://registry.npmjs.org/@typescript-eslint/eslint-plugin/-/eslint-plugin-8.52.0.tgz. Extracting by manifest.
2986 silly tarball no local data for which-builtin-type@https://registry.npmjs.org/which-builtin-type/-/which-builtin-type-1.2.1.tgz. Extracting by manifest.
2987 silly tarball no local data for reflect.getprototypeof@https://registry.npmjs.org/reflect.getprototypeof/-/reflect.getprototypeof-1.0.10.tgz. Extracting by manifest.
2988 silly tarball no local data for for-each@https://registry.npmjs.org/for-each/-/for-each-0.3.5.tgz. Extracting by manifest.
2989 silly tarball no local data for strip-bom@https://registry.npmjs.org/strip-bom/-/strip-bom-3.0.0.tgz. Extracting by manifest.
2990 silly tarball no local data for minimist@https://registry.npmjs.org/minimist/-/minimist-1.2.8.tgz. Extracting by manifest.
2991 silly tarball no local data for is-number@https://registry.npmjs.org/is-number/-/is-number-7.0.0.tgz. Extracting by manifest.
2992 silly tarball no local data for @types/json5@https://registry.npmjs.org/@types/json5/-/json5-0.0.29.tgz. Extracting by manifest.
2993 silly tarball no local data for has-flag@https://registry.npmjs.org/has-flag/-/has-flag-4.0.0.tgz. Extracting by manifest.
2994 silly tarball no local data for client-only@https://registry.npmjs.org/client-only/-/client-only-0.0.1.tgz. Extracting by manifest.
2995 silly tarball no local data for side-channel-weakmap@https://registry.npmjs.org/side-channel-weakmap/-/side-channel-weakmap-1.0.2.tgz. Extracting by manifest.
2996 silly tarball no local data for side-channel-map@https://registry.npmjs.org/side-channel-map/-/side-channel-map-1.0.1.tgz. Extracting by manifest.
2997 silly tarball no local data for shebang-regex@https://registry.npmjs.org/shebang-regex/-/shebang-regex-3.0.0.tgz. Extracting by manifest.
2998 silly tarball no local data for side-channel-list@https://registry.npmjs.org/side-channel-list/-/side-channel-list-1.0.0.tgz. Extracting by manifest.
2999 silly tarball no local data for @emnapi/runtime@https://registry.npmjs.org/@emnapi/runtime/-/runtime-1.8.1.tgz. Extracting by manifest.
3000 silly tarball no local data for @img/sharp-libvips-darwin-arm64@https://registry.npmjs.org/@img/sharp-libvips-darwin-arm64/-/sharp-libvips-darwin-arm64-1.2.4.tgz. Extracting by manifest.
3001 silly tarball no local data for @img/sharp-darwin-arm64@https://registry.npmjs.org/@img/sharp-darwin-arm64/-/sharp-darwin-arm64-0.34.5.tgz. Extracting by manifest.
3002 silly tarball no local data for @img/colour@https://registry.npmjs.org/@img/colour/-/colour-1.0.0.tgz. Extracting by manifest.
3003 silly tarball no local data for isarray@https://registry.npmjs.org/isarray/-/isarray-2.0.5.tgz. Extracting by manifest.
3004 silly tarball no local data for queue-microtask@https://registry.npmjs.org/queue-microtask/-/queue-microtask-1.2.3.tgz. Extracting by manifest.
3005 silly tarball no local data for supports-preserve-symlinks-flag@https://registry.npmjs.org/supports-preserve-symlinks-flag/-/supports-preserve-symlinks-flag-1.0.0.tgz. Extracting by manifest.
3006 silly tarball no local data for path-parse@https://registry.npmjs.org/path-parse/-/path-parse-1.0.7.tgz. Extracting by manifest.
3007 silly tarball no local data for @typescript-eslint/tsconfig-utils@https://registry.npmjs.org/@typescript-eslint/tsconfig-utils/-/tsconfig-utils-8.52.0.tgz. Extracting by manifest.
3008 silly tarball no local data for scheduler@https://registry.npmjs.org/scheduler/-/scheduler-0.27.0.tgz. Extracting by manifest.
3009 silly tarball no local data for object-assign@https://registry.npmjs.org/object-assign/-/object-assign-4.1.1.tgz. Extracting by manifest.
3010 silly tarball no local data for react-is@https://registry.npmjs.org/react-is/-/react-is-16.13.1.tgz. Extracting by manifest.
3011 silly tarball no local data for loose-envify@https://registry.npmjs.org/loose-envify/-/loose-envify-1.4.0.tgz. Extracting by manifest.
3012 silly tarball no local data for callsites@https://registry.npmjs.org/callsites/-/callsites-3.1.0.tgz. Extracting by manifest.
3013 silly tarball no local data for p-limit@https://registry.npmjs.org/p-limit/-/p-limit-3.1.0.tgz. Extracting by manifest.
3014 silly tarball no local data for fast-levenshtein@https://registry.npmjs.org/fast-levenshtein/-/fast-levenshtein-2.0.6.tgz. Extracting by manifest.
3015 silly tarball no local data for word-wrap@https://registry.npmjs.org/word-wrap/-/word-wrap-1.2.5.tgz. Extracting by manifest.
3016 silly tarball no local data for deep-is@https://registry.npmjs.org/deep-is/-/deep-is-0.1.4.tgz. Extracting by manifest.
3017 silly tarball no local data for tslib@https://registry.npmjs.org/tslib/-/tslib-2.8.1.tgz. Extracting by manifest.
3018 silly tarball no local data for yocto-queue@https://registry.npmjs.org/yocto-queue/-/yocto-queue-0.1.0.tgz. Extracting by manifest.
3019 silly tarball no local data for styled-jsx@https://registry.npmjs.org/styled-jsx/-/styled-jsx-5.1.6.tgz. Extracting by manifest.
3020 silly tarball no local data for nanoid@https://registry.npmjs.org/nanoid/-/nanoid-3.3.11.tgz. Extracting by manifest.
3021 silly tarball no local data for sharp@https://registry.npmjs.org/sharp/-/sharp-0.34.5.tgz. Extracting by manifest.
3022 silly tarball no local data for @swc/helpers@https://registry.npmjs.org/@swc/helpers/-/helpers-0.5.15.tgz. Extracting by manifest.
3023 silly tarball no local data for @next/env@https://registry.npmjs.org/@next/env/-/env-16.1.1.tgz. Extracting by manifest.
3024 silly tarball no local data for balanced-match@https://registry.npmjs.org/balanced-match/-/balanced-match-1.0.2.tgz. Extracting by manifest.
3025 silly tarball no local data for concat-map@https://registry.npmjs.org/concat-map/-/concat-map-0.0.1.tgz. Extracting by manifest.
3026 silly tarball no local data for brace-expansion@https://registry.npmjs.org/brace-expansion/-/brace-expansion-1.1.12.tgz. Extracting by manifest.
3027 silly tarball no local data for fill-range@https://registry.npmjs.org/fill-range/-/fill-range-7.1.1.tgz. Extracting by manifest.
3028 silly tarball no local data for to-regex-range@https://registry.npmjs.org/to-regex-range/-/to-regex-range-5.0.1.tgz. Extracting by manifest.
3029 silly tarball no local data for @next/swc-darwin-arm64@https://registry.npmjs.org/@next/swc-darwin-arm64/-/swc-darwin-arm64-16.1.1.tgz. Extracting by manifest.
3030 silly tarball no local data for @tybys/wasm-util@https://registry.npmjs.org/@tybys/wasm-util/-/wasm-util-0.10.1.tgz. Extracting by manifest.
3031 silly tarball no local data for braces@https://registry.npmjs.org/braces/-/braces-3.0.3.tgz. Extracting by manifest.
3032 silly tarball no local data for yallist@https://registry.npmjs.org/yallist/-/yallist-3.1.1.tgz. Extracting by manifest.
3033 silly tarball no local data for lightningcss-darwin-arm64@https://registry.npmjs.org/lightningcss-darwin-arm64/-/lightningcss-darwin-arm64-1.30.2.tgz. Extracting by manifest.
3034 silly tarball no local data for detect-libc@https://registry.npmjs.org/detect-libc/-/detect-libc-2.1.2.tgz. Extracting by manifest.
3035 silly tarball no local data for type-check@https://registry.npmjs.org/type-check/-/type-check-0.4.0.tgz. Extracting by manifest.
3036 silly tarball no local data for prelude-ls@https://registry.npmjs.org/prelude-ls/-/prelude-ls-1.2.1.tgz. Extracting by manifest.
3037 silly tarball no local data for language-subtag-registry@https://registry.npmjs.org/language-subtag-registry/-/language-subtag-registry-0.3.23.tgz. Extracting by manifest.
3038 silly tarball no local data for json-buffer@https://registry.npmjs.org/json-buffer/-/json-buffer-3.0.1.tgz. Extracting by manifest.
3039 silly tarball no local data for argparse@https://registry.npmjs.org/argparse/-/argparse-2.0.1.tgz. Extracting by manifest.
3040 silly tarball no local data for set-function-name@https://registry.npmjs.org/set-function-name/-/set-function-name-2.0.2.tgz. Extracting by manifest.
3041 silly tarball no local data for is-extglob@https://registry.npmjs.org/is-extglob/-/is-extglob-2.1.1.tgz. Extracting by manifest.
3042 silly tarball no local data for picomatch@https://registry.npmjs.org/picomatch/-/picomatch-2.3.1.tgz. Extracting by manifest.
3043 silly tarball no local data for parent-module@https://registry.npmjs.org/parent-module/-/parent-module-1.0.1.tgz. Extracting by manifest.
3044 silly tarball no local data for resolve-from@https://registry.npmjs.org/resolve-from/-/resolve-from-4.0.0.tgz. Extracting by manifest.
3045 silly tarball no local data for p-locate@https://registry.npmjs.org/p-locate/-/p-locate-5.0.0.tgz. Extracting by manifest.
3046 silly tarball no local data for resolve-pkg-maps@https://registry.npmjs.org/resolve-pkg-maps/-/resolve-pkg-maps-1.0.0.tgz. Extracting by manifest.
3047 silly tarball no local data for hermes-estree@https://registry.npmjs.org/hermes-estree/-/hermes-estree-0.25.1.tgz. Extracting by manifest.
3048 silly tarball no local data for functions-have-names@https://registry.npmjs.org/functions-have-names/-/functions-have-names-1.2.3.tgz. Extracting by manifest.
3049 silly tarball no local data for keyv@https://registry.npmjs.org/keyv/-/keyv-4.5.4.tgz. Extracting by manifest.
3050 silly tarball no local data for side-channel@https://registry.npmjs.org/side-channel/-/side-channel-1.1.0.tgz. Extracting by manifest.
3051 silly tarball no local data for path-exists@https://registry.npmjs.org/path-exists/-/path-exists-4.0.0.tgz. Extracting by manifest.
3052 silly tarball no local data for reusify@https://registry.npmjs.org/reusify/-/reusify-1.1.0.tgz. Extracting by manifest.
3053 silly tarball no local data for flatted@https://registry.npmjs.org/flatted/-/flatted-3.3.3.tgz. Extracting by manifest.
3054 silly tarball no local data for fastq@https://registry.npmjs.org/fastq/-/fastq-1.20.1.tgz. Extracting by manifest.
3055 silly tarball no local data for flat-cache@https://registry.npmjs.org/flat-cache/-/flat-cache-4.0.1.tgz. Extracting by manifest.
3056 silly tarball no local data for locate-path@https://registry.npmjs.org/locate-path/-/locate-path-6.0.0.tgz. Extracting by manifest.
3057 silly tarball no local data for run-parallel@https://registry.npmjs.org/run-parallel/-/run-parallel-1.2.0.tgz. Extracting by manifest.
3058 silly tarball no local data for dunder-proto@https://registry.npmjs.org/dunder-proto/-/dunder-proto-1.0.1.tgz. Extracting by manifest.
3059 silly tarball no local data for merge2@https://registry.npmjs.org/merge2/-/merge2-1.4.1.tgz. Extracting by manifest.
3060 silly tarball no local data for @nodelib/fs.stat@https://registry.npmjs.org/@nodelib/fs.stat/-/fs.stat-2.0.5.tgz. Extracting by manifest.
3061 silly tarball no local data for acorn-jsx@https://registry.npmjs.org/acorn-jsx/-/acorn-jsx-5.3.2.tgz. Extracting by manifest.
3062 silly tarball no local data for @nodelib/fs.scandir@https://registry.npmjs.org/@nodelib/fs.scandir/-/fs.scandir-2.1.5.tgz. Extracting by manifest.
3063 silly tarball no local data for acorn@https://registry.npmjs.org/acorn/-/acorn-8.15.0.tgz. Extracting by manifest.
3064 silly tarball no local data for node-releases@https://registry.npmjs.org/node-releases/-/node-releases-2.0.27.tgz. Extracting by manifest.
3065 silly tarball no local data for update-browserslist-db@https://registry.npmjs.org/update-browserslist-db/-/update-browserslist-db-1.2.3.tgz. Extracting by manifest.
3066 silly tarball no local data for micromatch@https://registry.npmjs.org/micromatch/-/micromatch-4.0.8.tgz. Extracting by manifest.
3067 silly tarball no local data for @babel/helper-string-parser@https://registry.npmjs.org/@babel/helper-string-parser/-/helper-string-parser-7.27.1.tgz. Extracting by manifest.
3068 silly tarball no local data for caniuse-lite@https://registry.npmjs.org/caniuse-lite/-/caniuse-lite-1.0.30001763.tgz. Extracting by manifest.
3069 silly tarball no local data for electron-to-chromium@https://registry.npmjs.org/electron-to-chromium/-/electron-to-chromium-1.5.267.tgz. Extracting by manifest.
3070 silly tarball no local data for @babel/helper-globals@https://registry.npmjs.org/@babel/helper-globals/-/helper-globals-7.28.0.tgz. Extracting by manifest.
3071 silly tarball no local data for @babel/helper-module-imports@https://registry.npmjs.org/@babel/helper-module-imports/-/helper-module-imports-7.27.1.tgz. Extracting by manifest.
3072 silly tarball no local data for esrecurse@https://registry.npmjs.org/esrecurse/-/esrecurse-4.3.0.tgz. Extracting by manifest.
3073 silly tarball no local data for lru-cache@https://registry.npmjs.org/lru-cache/-/lru-cache-5.1.1.tgz. Extracting by manifest.
3074 silly tarball no local data for @babel/helper-validator-option@https://registry.npmjs.org/@babel/helper-validator-option/-/helper-validator-option-7.27.1.tgz. Extracting by manifest.
3075 silly tarball no local data for jsesc@https://registry.npmjs.org/jsesc/-/jsesc-3.1.0.tgz. Extracting by manifest.
3076 silly tarball no local data for @babel/compat-data@https://registry.npmjs.org/@babel/compat-data/-/compat-data-7.28.5.tgz. Extracting by manifest.
3077 silly tarball no local data for picocolors@https://registry.npmjs.org/picocolors/-/picocolors-1.1.1.tgz. Extracting by manifest.
3078 silly tarball no local data for browserslist@https://registry.npmjs.org/browserslist/-/browserslist-4.28.1.tgz. Extracting by manifest.
3079 silly tarball no local data for json5@https://registry.npmjs.org/json5/-/json5-2.2.3.tgz. Extracting by manifest.
3080 silly tarball no local data for js-tokens@https://registry.npmjs.org/js-tokens/-/js-tokens-4.0.0.tgz. Extracting by manifest.
3081 silly tarball no local data for gensync@https://registry.npmjs.org/gensync/-/gensync-1.0.0-beta.2.tgz. Extracting by manifest.
3082 silly tarball no local data for convert-source-map@https://registry.npmjs.org/convert-source-map/-/convert-source-map-2.0.0.tgz. Extracting by manifest.
3083 silly tarball no local data for @babel/helpers@https://registry.npmjs.org/@babel/helpers/-/helpers-7.28.4.tgz. Extracting by manifest.
3084 silly tarball no local data for @babel/traverse@https://registry.npmjs.org/@babel/traverse/-/traverse-7.28.5.tgz. Extracting by manifest.
3085 silly tarball no local data for @babel/helper-validator-identifier@https://registry.npmjs.org/@babel/helper-validator-identifier/-/helper-validator-identifier-7.28.5.tgz. Extracting by manifest.
3086 silly tarball no local data for @babel/types@https://registry.npmjs.org/@babel/types/-/types-7.28.5.tgz. Extracting by manifest.
3087 silly tarball no local data for @babel/helper-module-transforms@https://registry.npmjs.org/@babel/helper-module-transforms/-/helper-module-transforms-7.28.3.tgz. Extracting by manifest.
3088 silly tarball no local data for @babel/generator@https://registry.npmjs.org/@babel/generator/-/generator-7.28.5.tgz. Extracting by manifest.
3089 silly tarball no local data for @babel/template@https://registry.npmjs.org/@babel/template/-/template-7.27.2.tgz. Extracting by manifest.
3090 silly tarball no local data for @babel/helper-compilation-targets@https://registry.npmjs.org/@babel/helper-compilation-targets/-/helper-compilation-targets-7.27.2.tgz. Extracting by manifest.
3091 silly tarball no local data for zod@https://registry.npmjs.org/zod/-/zod-4.3.5.tgz. Extracting by manifest.
3092 silly tarball no local data for baseline-browser-mapping@https://registry.npmjs.org/baseline-browser-mapping/-/baseline-browser-mapping-2.9.12.tgz. Extracting by manifest.
3093 silly tarball no local data for @babel/parser@https://registry.npmjs.org/@babel/parser/-/parser-7.28.5.tgz. Extracting by manifest.
3094 silly tarball no local data for @babel/code-frame@https://registry.npmjs.org/@babel/code-frame/-/code-frame-7.27.1.tgz. Extracting by manifest.
3095 silly tarball no local data for hermes-parser@https://registry.npmjs.org/hermes-parser/-/hermes-parser-0.25.1.tgz. Extracting by manifest.
3096 silly tarball no local data for iterator.prototype@https://registry.npmjs.org/iterator.prototype/-/iterator.prototype-1.1.5.tgz. Extracting by manifest.
3097 silly tarball no local data for @babel/core@https://registry.npmjs.org/@babel/core/-/core-7.28.5.tgz. Extracting by manifest.
3098 silly tarball no local data for zod-validation-error@https://registry.npmjs.org/zod-validation-error/-/zod-validation-error-4.0.2.tgz. Extracting by manifest.
3099 silly tarball no local data for string.prototype.repeat@https://registry.npmjs.org/string.prototype.repeat/-/string.prototype.repeat-1.0.0.tgz. Extracting by manifest.
3100 silly tarball no local data for estraverse@https://registry.npmjs.org/estraverse/-/estraverse-5.3.0.tgz. Extracting by manifest.
3101 silly tarball no local data for string.prototype.matchall@https://registry.npmjs.org/string.prototype.matchall/-/string.prototype.matchall-4.0.12.tgz. Extracting by manifest.
3102 silly tarball no local data for prop-types@https://registry.npmjs.org/prop-types/-/prop-types-15.8.1.tgz. Extracting by manifest.
3103 silly tarball no local data for es-iterator-helpers@https://registry.npmjs.org/es-iterator-helpers/-/es-iterator-helpers-1.2.2.tgz. Extracting by manifest.
3104 silly tarball no local data for array.prototype.tosorted@https://registry.npmjs.org/array.prototype.tosorted/-/array.prototype.tosorted-1.1.4.tgz. Extracting by manifest.
3105 silly tarball no local data for string.prototype.includes@https://registry.npmjs.org/string.prototype.includes/-/string.prototype.includes-2.0.1.tgz. Extracting by manifest.
3106 silly tarball no local data for language-tags@https://registry.npmjs.org/language-tags/-/language-tags-1.0.9.tgz. Extracting by manifest.
3107 silly tarball no local data for array.prototype.findlast@https://registry.npmjs.org/array.prototype.findlast/-/array.prototype.findlast-1.2.5.tgz. Extracting by manifest.
3108 silly tarball no local data for emoji-regex@https://registry.npmjs.org/emoji-regex/-/emoji-regex-9.2.2.tgz. Extracting by manifest.
3109 silly tarball no local data for damerau-levenshtein@https://registry.npmjs.org/damerau-levenshtein/-/damerau-levenshtein-1.0.8.tgz. Extracting by manifest.
3110 silly tarball no local data for object.entries@https://registry.npmjs.org/object.entries/-/object.entries-1.1.9.tgz. Extracting by manifest.
3111 silly tarball no local data for axe-core@https://registry.npmjs.org/axe-core/-/axe-core-4.11.1.tgz. Extracting by manifest.
3112 silly tarball no local data for ast-types-flow@https://registry.npmjs.org/ast-types-flow/-/ast-types-flow-0.0.8.tgz. Extracting by manifest.
3113 silly tarball no local data for axobject-query@https://registry.npmjs.org/axobject-query/-/axobject-query-4.1.0.tgz. Extracting by manifest.
3114 silly tarball no local data for aria-query@https://registry.npmjs.org/aria-query/-/aria-query-5.3.2.tgz. Extracting by manifest.
3115 silly tarball no local data for is-date-object@https://registry.npmjs.org/is-date-object/-/is-date-object-1.1.0.tgz. Extracting by manifest.
3116 silly tarball no local data for jsx-ast-utils@https://registry.npmjs.org/jsx-ast-utils/-/jsx-ast-utils-3.3.5.tgz. Extracting by manifest.
3117 silly tarball no local data for is-symbol@https://registry.npmjs.org/is-symbol/-/is-symbol-1.1.1.tgz. Extracting by manifest.
3118 silly tarball no local data for possible-typed-array-names@https://registry.npmjs.org/possible-typed-array-names/-/possible-typed-array-names-1.1.0.tgz. Extracting by manifest.
3119 silly tarball no local data for which-typed-array@https://registry.npmjs.org/which-typed-array/-/which-typed-array-1.1.19.tgz. Extracting by manifest.
3120 silly tarball no local data for has-tostringtag@https://registry.npmjs.org/has-tostringtag/-/has-tostringtag-1.0.2.tgz. Extracting by manifest.
3121 silly tarball no local data for typed-array-length@https://registry.npmjs.org/typed-array-length/-/typed-array-length-1.0.7.tgz. Extracting by manifest.
3122 silly tarball no local data for string.prototype.trimstart@https://registry.npmjs.org/string.prototype.trimstart/-/string.prototype.trimstart-1.0.8.tgz. Extracting by manifest.
3123 silly tarball no local data for typed-array-byte-offset@https://registry.npmjs.org/typed-array-byte-offset/-/typed-array-byte-offset-1.0.4.tgz. Extracting by manifest.
3124 silly tarball no local data for typed-array-byte-length@https://registry.npmjs.org/typed-array-byte-length/-/typed-array-byte-length-1.0.3.tgz. Extracting by manifest.
3125 silly tarball no local data for typed-array-buffer@https://registry.npmjs.org/typed-array-buffer/-/typed-array-buffer-1.0.3.tgz. Extracting by manifest.
3126 silly tarball no local data for string.prototype.trim@https://registry.npmjs.org/string.prototype.trim/-/string.prototype.trim-1.2.10.tgz. Extracting by manifest.
3127 silly tarball no local data for set-proto@https://registry.npmjs.org/set-proto/-/set-proto-1.0.0.tgz. Extracting by manifest.
3128 silly tarball no local data for unbox-primitive@https://registry.npmjs.org/unbox-primitive/-/unbox-primitive-1.1.0.tgz. Extracting by manifest.
3129 silly tarball no local data for stop-iteration-iterator@https://registry.npmjs.org/stop-iteration-iterator/-/stop-iteration-iterator-1.1.0.tgz. Extracting by manifest.
3130 silly tarball no local data for regexp.prototype.flags@https://registry.npmjs.org/regexp.prototype.flags/-/regexp.prototype.flags-1.5.4.tgz. Extracting by manifest.
3131 silly tarball no local data for safe-push-apply@https://registry.npmjs.org/safe-push-apply/-/safe-push-apply-1.0.0.tgz. Extracting by manifest.
3132 silly tarball no local data for safe-array-concat@https://registry.npmjs.org/safe-array-concat/-/safe-array-concat-1.1.3.tgz. Extracting by manifest.
3133 silly tarball no local data for own-keys@https://registry.npmjs.org/own-keys/-/own-keys-1.0.1.tgz. Extracting by manifest.
3134 silly tarball no local data for safe-regex-test@https://registry.npmjs.org/safe-regex-test/-/safe-regex-test-1.1.0.tgz. Extracting by manifest.
3135 silly tarball no local data for object.assign@https://registry.npmjs.org/object.assign/-/object.assign-4.1.7.tgz. Extracting by manifest.
3136 silly tarball no local data for object-inspect@https://registry.npmjs.org/object-inspect/-/object-inspect-1.13.4.tgz. Extracting by manifest.
3137 silly tarball no local data for is-typed-array@https://registry.npmjs.org/is-typed-array/-/is-typed-array-1.1.15.tgz. Extracting by manifest.
3138 silly tarball no local data for is-weakref@https://registry.npmjs.org/is-weakref/-/is-weakref-1.1.1.tgz. Extracting by manifest.
3139 silly tarball no local data for is-set@https://registry.npmjs.org/is-set/-/is-set-2.0.3.tgz. Extracting by manifest.
3140 silly tarball no local data for is-shared-array-buffer@https://registry.npmjs.org/is-shared-array-buffer/-/is-shared-array-buffer-1.0.4.tgz. Extracting by manifest.
3141 silly tarball no local data for is-regex@https://registry.npmjs.org/is-regex/-/is-regex-1.2.1.tgz. Extracting by manifest.
3142 silly tarball no local data for is-data-view@https://registry.npmjs.org/is-data-view/-/is-data-view-1.0.2.tgz. Extracting by manifest.
3143 silly tarball no local data for is-negative-zero@https://registry.npmjs.org/is-negative-zero/-/is-negative-zero-2.0.3.tgz. Extracting by manifest.
3144 silly tarball no local data for is-array-buffer@https://registry.npmjs.org/is-array-buffer/-/is-array-buffer-3.0.5.tgz. Extracting by manifest.
3145 silly tarball no local data for is-callable@https://registry.npmjs.org/is-callable/-/is-callable-1.2.7.tgz. Extracting by manifest.
3146 silly tarball no local data for has-proto@https://registry.npmjs.org/has-proto/-/has-proto-1.2.0.tgz. Extracting by manifest.
3147 silly tarball no local data for has-symbols@https://registry.npmjs.org/has-symbols/-/has-symbols-1.1.0.tgz. Extracting by manifest.
3148 silly tarball no local data for globalthis@https://registry.npmjs.org/globalthis/-/globalthis-1.0.4.tgz. Extracting by manifest.
3149 silly tarball no local data for get-symbol-description@https://registry.npmjs.org/get-symbol-description/-/get-symbol-description-1.1.0.tgz. Extracting by manifest.
3150 silly tarball no local data for internal-slot@https://registry.npmjs.org/internal-slot/-/internal-slot-1.1.0.tgz. Extracting by manifest.
3151 silly tarball no local data for function.prototype.name@https://registry.npmjs.org/function.prototype.name/-/function.prototype.name-1.1.8.tgz. Extracting by manifest.
3152 silly tarball no local data for es-to-primitive@https://registry.npmjs.org/es-to-primitive/-/es-to-primitive-1.3.0.tgz. Extracting by manifest.
3153 silly tarball no local data for @nodelib/fs.walk@https://registry.npmjs.org/@nodelib/fs.walk/-/fs.walk-1.2.8.tgz. Extracting by manifest.
3154 silly tarball no local data for get-proto@https://registry.npmjs.org/get-proto/-/get-proto-1.0.1.tgz. Extracting by manifest.
3155 silly tarball no local data for data-view-byte-length@https://registry.npmjs.org/data-view-byte-length/-/data-view-byte-length-1.0.2.tgz. Extracting by manifest.
3156 silly tarball no local data for data-view-buffer@https://registry.npmjs.org/data-view-buffer/-/data-view-buffer-1.0.2.tgz. Extracting by manifest.
3157 silly tarball no local data for array-buffer-byte-length@https://registry.npmjs.org/array-buffer-byte-length/-/array-buffer-byte-length-1.0.2.tgz. Extracting by manifest.
3158 silly tarball no local data for es-set-tostringtag@https://registry.npmjs.org/es-set-tostringtag/-/es-set-tostringtag-2.1.0.tgz. Extracting by manifest.
3159 silly tarball no local data for arraybuffer.prototype.slice@https://registry.npmjs.org/arraybuffer.prototype.slice/-/arraybuffer.prototype.slice-1.0.4.tgz. Extracting by manifest.
3160 silly tarball no local data for available-typed-arrays@https://registry.npmjs.org/available-typed-arrays/-/available-typed-arrays-1.0.7.tgz. Extracting by manifest.
3161 silly tarball no local data for define-data-property@https://registry.npmjs.org/define-data-property/-/define-data-property-1.1.4.tgz. Extracting by manifest.
3162 silly tarball no local data for has-property-descriptors@https://registry.npmjs.org/has-property-descriptors/-/has-property-descriptors-1.0.2.tgz. Extracting by manifest.
3163 silly tarball no local data for gopd@https://registry.npmjs.org/gopd/-/gopd-1.2.0.tgz. Extracting by manifest.
3164 silly tarball no local data for data-view-byte-offset@https://registry.npmjs.org/data-view-byte-offset/-/data-view-byte-offset-1.0.1.tgz. Extracting by manifest.
3165 silly tarball no local data for function-bind@https://registry.npmjs.org/function-bind/-/function-bind-1.1.2.tgz. Extracting by manifest.
3166 silly tarball no local data for object-keys@https://registry.npmjs.org/object-keys/-/object-keys-1.1.1.tgz. Extracting by manifest.
3167 silly tarball no local data for es-define-property@https://registry.npmjs.org/es-define-property/-/es-define-property-1.0.1.tgz. Extracting by manifest.
3168 silly tarball no local data for es-errors@https://registry.npmjs.org/es-errors/-/es-errors-1.3.0.tgz. Extracting by manifest.
3169 silly tarball no local data for es-shim-unscopables@https://registry.npmjs.org/es-shim-unscopables/-/es-shim-unscopables-1.1.0.tgz. Extracting by manifest.
3170 silly tarball no local data for call-bind-apply-helpers@https://registry.npmjs.org/call-bind-apply-helpers/-/call-bind-apply-helpers-1.0.2.tgz. Extracting by manifest.
3171 silly tarball no local data for is-string@https://registry.npmjs.org/is-string/-/is-string-1.1.1.tgz. Extracting by manifest.
3172 silly tarball no local data for get-intrinsic@https://registry.npmjs.org/get-intrinsic/-/get-intrinsic-1.3.0.tgz. Extracting by manifest.
3173 silly tarball no local data for es-object-atoms@https://registry.npmjs.org/es-object-atoms/-/es-object-atoms-1.1.1.tgz. Extracting by manifest.
3174 silly tarball no local data for set-function-length@https://registry.npmjs.org/set-function-length/-/set-function-length-1.2.2.tgz. Extracting by manifest.
3175 silly tarball no local data for es-abstract@https://registry.npmjs.org/es-abstract/-/es-abstract-1.24.1.tgz. Extracting by manifest.
3176 silly tarball no local data for define-properties@https://registry.npmjs.org/define-properties/-/define-properties-1.2.1.tgz. Extracting by manifest.
3177 silly tarball no local data for math-intrinsics@https://registry.npmjs.org/math-intrinsics/-/math-intrinsics-1.1.0.tgz. Extracting by manifest.
3178 silly tarball no local data for call-bound@https://registry.npmjs.org/call-bound/-/call-bound-1.0.4.tgz. Extracting by manifest.
3179 silly tarball no local data for string.prototype.trimend@https://registry.npmjs.org/string.prototype.trimend/-/string.prototype.trimend-1.0.9.tgz. Extracting by manifest.
3180 silly tarball no local data for semver@https://registry.npmjs.org/semver/-/semver-6.3.1.tgz. Extracting by manifest.
3181 silly tarball no local data for call-bind@https://registry.npmjs.org/call-bind/-/call-bind-1.0.8.tgz. Extracting by manifest.
3182 silly tarball no local data for object.groupby@https://registry.npmjs.org/object.groupby/-/object.groupby-1.0.3.tgz. Extracting by manifest.
3183 silly tarball no local data for object.values@https://registry.npmjs.org/object.values/-/object.values-1.2.1.tgz. Extracting by manifest.
3184 silly tarball no local data for object.fromentries@https://registry.npmjs.org/object.fromentries/-/object.fromentries-2.0.8.tgz. Extracting by manifest.
3185 silly tarball no local data for eslint-module-utils@https://registry.npmjs.org/eslint-module-utils/-/eslint-module-utils-2.12.1.tgz. Extracting by manifest.
3186 silly tarball no local data for hasown@https://registry.npmjs.org/hasown/-/hasown-2.0.2.tgz. Extracting by manifest.
3187 silly tarball no local data for doctrine@https://registry.npmjs.org/doctrine/-/doctrine-2.1.0.tgz. Extracting by manifest.
3188 silly tarball no local data for tsconfig-paths@https://registry.npmjs.org/tsconfig-paths/-/tsconfig-paths-3.15.0.tgz. Extracting by manifest.
3189 silly tarball no local data for array.prototype.flatmap@https://registry.npmjs.org/array.prototype.flatmap/-/array.prototype.flatmap-1.3.3.tgz. Extracting by manifest.
3190 silly tarball no local data for array.prototype.findlastindex@https://registry.npmjs.org/array.prototype.findlastindex/-/array.prototype.findlastindex-1.2.6.tgz. Extracting by manifest.
3191 silly tarball no local data for array-includes@https://registry.npmjs.org/array-includes/-/array-includes-3.1.9.tgz. Extracting by manifest.
3192 silly tarball no local data for stable-hash@https://registry.npmjs.org/stable-hash/-/stable-hash-0.0.5.tgz. Extracting by manifest.
3193 silly tarball no local data for unrs-resolver@https://registry.npmjs.org/unrs-resolver/-/unrs-resolver-1.11.1.tgz. Extracting by manifest.
3194 silly tarball no local data for array.prototype.flat@https://registry.npmjs.org/array.prototype.flat/-/array.prototype.flat-1.3.3.tgz. Extracting by manifest.
3195 silly tarball no local data for tinyglobby@https://registry.npmjs.org/tinyglobby/-/tinyglobby-0.2.15.tgz. Extracting by manifest.
3196 silly tarball no local data for get-tsconfig@https://registry.npmjs.org/get-tsconfig/-/get-tsconfig-4.13.0.tgz. Extracting by manifest.
3197 silly tarball no local data for @rtsao/scc@https://registry.npmjs.org/@rtsao/scc/-/scc-1.1.0.tgz. Extracting by manifest.
3198 silly tarball no local data for is-bun-module@https://registry.npmjs.org/is-bun-module/-/is-bun-module-2.0.0.tgz. Extracting by manifest.
3199 silly tarball no local data for @nolyfill/is-core-module@https://registry.npmjs.org/@nolyfill/is-core-module/-/is-core-module-1.0.39.tgz. Extracting by manifest.
3200 silly tarball no local data for resolve@https://registry.npmjs.org/resolve/-/resolve-1.22.11.tgz. Extracting by manifest.
3201 silly tarball no local data for is-core-module@https://registry.npmjs.org/is-core-module/-/is-core-module-2.16.1.tgz. Extracting by manifest.
3202 silly tarball no local data for typescript-eslint@https://registry.npmjs.org/typescript-eslint/-/typescript-eslint-8.52.0.tgz. Extracting by manifest.
3203 silly tarball no local data for fast-glob@https://registry.npmjs.org/fast-glob/-/fast-glob-3.3.1.tgz. Extracting by manifest.
3204 silly tarball no local data for eslint-plugin-import@https://registry.npmjs.org/eslint-plugin-import/-/eslint-plugin-import-2.32.0.tgz. Extracting by manifest.
3205 silly tarball no local data for eslint-plugin-react@https://registry.npmjs.org/eslint-plugin-react/-/eslint-plugin-react-7.37.5.tgz. Extracting by manifest.
3206 silly tarball no local data for eslint-plugin-jsx-a11y@https://registry.npmjs.org/eslint-plugin-jsx-a11y/-/eslint-plugin-jsx-a11y-6.10.2.tgz. Extracting by manifest.
3207 silly tarball no local data for eslint-plugin-react-hooks@https://registry.npmjs.org/eslint-plugin-react-hooks/-/eslint-plugin-react-hooks-7.0.1.tgz. Extracting by manifest.
3208 silly tarball no local data for eslint-import-resolver-typescript@https://registry.npmjs.org/eslint-import-resolver-typescript/-/eslint-import-resolver-typescript-3.10.1.tgz. Extracting by manifest.
3209 silly tarball no local data for @next/eslint-plugin-next@https://registry.npmjs.org/@next/eslint-plugin-next/-/eslint-plugin-next-16.1.1.tgz. Extracting by manifest.
3210 silly tarball no local data for eslint-import-resolver-node@https://registry.npmjs.org/eslint-import-resolver-node/-/eslint-import-resolver-node-0.3.9.tgz. Extracting by manifest.
3211 silly tarball no local data for which@https://registry.npmjs.org/which/-/which-2.0.2.tgz. Extracting by manifest.
3212 silly tarball no local data for path-key@https://registry.npmjs.org/path-key/-/path-key-3.1.1.tgz. Extracting by manifest.
3213 silly tarball no local data for shebang-command@https://registry.npmjs.org/shebang-command/-/shebang-command-2.0.0.tgz. Extracting by manifest.
3214 silly tarball no local data for ms@https://registry.npmjs.org/ms/-/ms-2.1.3.tgz. Extracting by manifest.
3215 silly tarball no local data for color-name@https://registry.npmjs.org/color-name/-/color-name-1.1.4.tgz. Extracting by manifest.
3216 silly tarball no local data for color-convert@https://registry.npmjs.org/color-convert/-/color-convert-2.0.1.tgz. Extracting by manifest.
3217 silly tarball no local data for supports-color@https://registry.npmjs.org/supports-color/-/supports-color-7.2.0.tgz. Extracting by manifest.
3218 silly tarball no local data for json-schema-traverse@https://registry.npmjs.org/json-schema-traverse/-/json-schema-traverse-0.4.1.tgz. Extracting by manifest.
3219 silly tarball no local data for uri-js@https://registry.npmjs.org/uri-js/-/uri-js-4.4.1.tgz. Extracting by manifest.
3220 silly tarball no local data for ansi-styles@https://registry.npmjs.org/ansi-styles/-/ansi-styles-4.3.0.tgz. Extracting by manifest.
3221 silly tarball no local data for fast-json-stable-stringify@https://registry.npmjs.org/fast-json-stable-stringify/-/fast-json-stable-stringify-2.1.0.tgz. Extracting by manifest.
3222 silly tarball no local data for @humanfs/core@https://registry.npmjs.org/@humanfs/core/-/core-0.19.1.tgz. Extracting by manifest.
3223 silly tarball no local data for strip-json-comments@https://registry.npmjs.org/strip-json-comments/-/strip-json-comments-3.1.1.tgz. Extracting by manifest.
3224 silly tarball no local data for js-yaml@https://registry.npmjs.org/js-yaml/-/js-yaml-4.1.1.tgz. Extracting by manifest.
3225 silly tarball no local data for globals@https://registry.npmjs.org/globals/-/globals-14.0.0.tgz. Extracting by manifest.
3226 silly tarball no local data for @types/json-schema@https://registry.npmjs.org/@types/json-schema/-/json-schema-7.0.15.tgz. Extracting by manifest.
3227 silly tarball no local data for import-fresh@https://registry.npmjs.org/import-fresh/-/import-fresh-3.3.1.tgz. Extracting by manifest.
3228 silly tarball no local data for @eslint/object-schema@https://registry.npmjs.org/@eslint/object-schema/-/object-schema-2.1.7.tgz. Extracting by manifest.
3229 silly tarball no local data for levn@https://registry.npmjs.org/levn/-/levn-0.4.1.tgz. Extracting by manifest.
3230 silly tarball no local data for minimatch@https://registry.npmjs.org/minimatch/-/minimatch-3.1.2.tgz. Extracting by manifest.
3231 silly tarball no local data for natural-compare@https://registry.npmjs.org/natural-compare/-/natural-compare-1.4.0.tgz. Extracting by manifest.
3232 silly tarball no local data for optionator@https://registry.npmjs.org/optionator/-/optionator-0.9.4.tgz. Extracting by manifest.
3233 silly tarball no local data for is-glob@https://registry.npmjs.org/is-glob/-/is-glob-4.0.3.tgz. Extracting by manifest.
3234 silly tarball no local data for json-stable-stringify-without-jsonify@https://registry.npmjs.org/json-stable-stringify-without-jsonify/-/json-stable-stringify-without-jsonify-1.0.1.tgz. Extracting by manifest.
3235 silly tarball no local data for imurmurhash@https://registry.npmjs.org/imurmurhash/-/imurmurhash-0.1.4.tgz. Extracting by manifest.
3236 silly tarball no local data for lodash.merge@https://registry.npmjs.org/lodash.merge/-/lodash.merge-4.6.2.tgz. Extracting by manifest.
3237 silly tarball no local data for ignore@https://registry.npmjs.org/ignore/-/ignore-5.3.2.tgz. Extracting by manifest.
3238 silly tarball no local data for glob-parent@https://registry.npmjs.org/glob-parent/-/glob-parent-6.0.2.tgz. Extracting by manifest.
3239 silly tarball no local data for find-up@https://registry.npmjs.org/find-up/-/find-up-5.0.0.tgz. Extracting by manifest.
3240 silly tarball no local data for esquery@https://registry.npmjs.org/esquery/-/esquery-1.7.0.tgz. Extracting by manifest.
3241 silly tarball no local data for esutils@https://registry.npmjs.org/esutils/-/esutils-2.0.3.tgz. Extracting by manifest.
3242 silly tarball no local data for fast-deep-equal@https://registry.npmjs.org/fast-deep-equal/-/fast-deep-equal-3.1.3.tgz. Extracting by manifest.
3243 silly tarball no local data for file-entry-cache@https://registry.npmjs.org/file-entry-cache/-/file-entry-cache-8.0.0.tgz. Extracting by manifest.
3244 silly tarball no local data for espree@https://registry.npmjs.org/espree/-/espree-10.4.0.tgz. Extracting by manifest.
3245 silly tarball no local data for eslint-visitor-keys@https://registry.npmjs.org/eslint-visitor-keys/-/eslint-visitor-keys-4.2.1.tgz. Extracting by manifest.
3246 silly tarball no local data for eslint-scope@https://registry.npmjs.org/eslint-scope/-/eslint-scope-8.4.0.tgz. Extracting by manifest.
3247 silly tarball no local data for cross-spawn@https://registry.npmjs.org/cross-spawn/-/cross-spawn-7.0.6.tgz. Extracting by manifest.
3248 silly tarball no local data for escape-string-regexp@https://registry.npmjs.org/escape-string-regexp/-/escape-string-regexp-4.0.0.tgz. Extracting by manifest.
3249 silly tarball no local data for chalk@https://registry.npmjs.org/chalk/-/chalk-4.1.2.tgz. Extracting by manifest.
3250 silly tarball no local data for ajv@https://registry.npmjs.org/ajv/-/ajv-6.12.6.tgz. Extracting by manifest.
3251 silly tarball no local data for @types/estree@https://registry.npmjs.org/@types/estree/-/estree-1.0.8.tgz. Extracting by manifest.
3252 silly tarball no local data for @humanwhocodes/module-importer@https://registry.npmjs.org/@humanwhocodes/module-importer/-/module-importer-1.0.1.tgz. Extracting by manifest.
3253 silly tarball no local data for @humanfs/node@https://registry.npmjs.org/@humanfs/node/-/node-0.16.7.tgz. Extracting by manifest.
3254 silly tarball no local data for @eslint/plugin-kit@https://registry.npmjs.org/@eslint/plugin-kit/-/plugin-kit-0.4.1.tgz. Extracting by manifest.
3255 silly tarball no local data for @eslint/js@https://registry.npmjs.org/@eslint/js/-/js-9.39.2.tgz. Extracting by manifest.
3256 silly tarball no local data for @eslint/eslintrc@https://registry.npmjs.org/@eslint/eslintrc/-/eslintrc-3.3.3.tgz. Extracting by manifest.
3257 silly tarball no local data for @humanwhocodes/retry@https://registry.npmjs.org/@humanwhocodes/retry/-/retry-0.4.3.tgz. Extracting by manifest.
3258 silly tarball no local data for @eslint/config-helpers@https://registry.npmjs.org/@eslint/config-helpers/-/config-helpers-0.4.2.tgz. Extracting by manifest.
3259 silly tarball no local data for @eslint/config-array@https://registry.npmjs.org/@eslint/config-array/-/config-array-0.21.1.tgz. Extracting by manifest.
3260 silly tarball no local data for @eslint/core@https://registry.npmjs.org/@eslint/core/-/core-0.17.0.tgz. Extracting by manifest.
3261 silly tarball no local data for graceful-fs@https://registry.npmjs.org/graceful-fs/-/graceful-fs-4.2.11.tgz. Extracting by manifest.
3262 silly tarball no local data for tapable@https://registry.npmjs.org/tapable/-/tapable-2.3.0.tgz. Extracting by manifest.
3263 silly tarball no local data for @eslint-community/eslint-utils@https://registry.npmjs.org/@eslint-community/eslint-utils/-/eslint-utils-4.9.1.tgz. Extracting by manifest.
3264 silly tarball no local data for @eslint-community/regexpp@https://registry.npmjs.org/@eslint-community/regexpp/-/regexpp-4.12.2.tgz. Extracting by manifest.
3265 silly tarball no local data for undici-types@https://registry.npmjs.org/undici-types/-/undici-types-6.21.0.tgz. Extracting by manifest.
3266 silly tarball no local data for csstype@https://registry.npmjs.org/csstype/-/csstype-3.2.3.tgz. Extracting by manifest.
3267 silly tarball no local data for @tailwindcss/oxide-darwin-arm64@https://registry.npmjs.org/@tailwindcss/oxide-darwin-arm64/-/oxide-darwin-arm64-4.1.18.tgz. Extracting by manifest.
3268 silly tarball no local data for @jridgewell/gen-mapping@https://registry.npmjs.org/@jridgewell/gen-mapping/-/gen-mapping-0.3.13.tgz. Extracting by manifest.
3269 silly tarball no local data for @jridgewell/trace-mapping@https://registry.npmjs.org/@jridgewell/trace-mapping/-/trace-mapping-0.3.31.tgz. Extracting by manifest.
3270 silly tarball no local data for @jridgewell/sourcemap-codec@https://registry.npmjs.org/@jridgewell/sourcemap-codec/-/sourcemap-codec-1.5.5.tgz. Extracting by manifest.
3271 silly tarball no local data for @jridgewell/resolve-uri@https://registry.npmjs.org/@jridgewell/resolve-uri/-/resolve-uri-3.1.2.tgz. Extracting by manifest.
3272 silly tarball no local data for lightningcss@https://registry.npmjs.org/lightningcss/-/lightningcss-1.30.2.tgz. Extracting by manifest.
3273 silly tarball no local data for magic-string@https://registry.npmjs.org/magic-string/-/magic-string-0.30.21.tgz. Extracting by manifest.
3274 silly tarball no local data for source-map-js@https://registry.npmjs.org/source-map-js/-/source-map-js-1.2.1.tgz. Extracting by manifest.
3275 silly tarball no local data for @jridgewell/remapping@https://registry.npmjs.org/@jridgewell/remapping/-/remapping-2.3.5.tgz. Extracting by manifest.
3276 silly tarball no local data for enhanced-resolve@https://registry.npmjs.org/enhanced-resolve/-/enhanced-resolve-5.18.4.tgz. Extracting by manifest.
3277 silly tarball no local data for jiti@https://registry.npmjs.org/jiti/-/jiti-2.6.1.tgz. Extracting by manifest.
3278 silly tarball no local data for postcss@https://registry.npmjs.org/postcss/-/postcss-8.5.6.tgz. Extracting by manifest.
3279 silly tarball no local data for @alloc/quick-lru@https://registry.npmjs.org/@alloc/quick-lru/-/quick-lru-5.2.0.tgz. Extracting by manifest.
3280 silly tarball no local data for @tailwindcss/node@https://registry.npmjs.org/@tailwindcss/node/-/node-4.1.18.tgz. Extracting by manifest.
3281 silly tarball no local data for @tailwindcss/oxide@https://registry.npmjs.org/@tailwindcss/oxide/-/oxide-4.1.18.tgz. Extracting by manifest.
3282 silly tarball no local data for tailwindcss@https://registry.npmjs.org/tailwindcss/-/tailwindcss-4.1.18.tgz. Extracting by manifest.
3283 silly tarball no local data for react@https://registry.npmjs.org/react/-/react-19.2.3.tgz. Extracting by manifest.
3284 silly tarball no local data for react-dom@https://registry.npmjs.org/react-dom/-/react-dom-19.2.3.tgz. Extracting by manifest.
3285 silly tarball no local data for @types/react-dom@https://registry.npmjs.org/@types/react-dom/-/react-dom-19.2.3.tgz. Extracting by manifest.
3286 silly tarball no local data for next@https://registry.npmjs.org/next/-/next-16.1.1.tgz. Extracting by manifest.
3287 silly tarball no local data for eslint-config-next@https://registry.npmjs.org/eslint-config-next/-/eslint-config-next-16.1.1.tgz. Extracting by manifest.
3288 silly tarball no local data for typescript@https://registry.npmjs.org/typescript/-/typescript-5.9.3.tgz. Extracting by manifest.
3289 silly tarball no local data for @types/react@https://registry.npmjs.org/@types/react/-/react-19.2.7.tgz. Extracting by manifest.
3290 silly tarball no local data for @types/node@https://registry.npmjs.org/@types/node/-/node-20.19.27.tgz. Extracting by manifest.
3291 silly tarball no local data for @tailwindcss/postcss@https://registry.npmjs.org/@tailwindcss/postcss/-/postcss-4.1.18.tgz. Extracting by manifest.
3292 silly tarball no local data for semver@https://registry.npmjs.org/semver/-/semver-7.7.3.tgz. Extracting by manifest.
3293 silly tarball no local data for brace-expansion@https://registry.npmjs.org/brace-expansion/-/brace-expansion-2.0.2.tgz. Extracting by manifest.
3294 silly tarball no local data for minimatch@https://registry.npmjs.org/minimatch/-/minimatch-9.0.5.tgz. Extracting by manifest.
3295 silly tarball no local data for ignore@https://registry.npmjs.org/ignore/-/ignore-7.0.5.tgz. Extracting by manifest.
3296 silly tarball no local data for semver@https://registry.npmjs.org/semver/-/semver-7.7.3.tgz. Extracting by manifest.
3297 silly tarball no local data for json5@https://registry.npmjs.org/json5/-/json5-1.0.2.tgz. Extracting by manifest.
3298 silly tarball no local data for eslint@https://registry.npmjs.org/eslint/-/eslint-9.39.2.tgz. Extracting by manifest.
3299 silly tarball no local data for debug@https://registry.npmjs.org/debug/-/debug-3.2.7.tgz. Extracting by manifest.
3300 silly tarball no local data for picomatch@https://registry.npmjs.org/picomatch/-/picomatch-4.0.3.tgz. Extracting by manifest.
3301 silly tarball no local data for fdir@https://registry.npmjs.org/fdir/-/fdir-6.5.0.tgz. Extracting by manifest.
3302 silly tarball no local data for semver@https://registry.npmjs.org/semver/-/semver-7.7.3.tgz. Extracting by manifest.
3303 silly tarball no local data for debug@https://registry.npmjs.org/debug/-/debug-3.2.7.tgz. Extracting by manifest.
3304 silly tarball no local data for resolve@https://registry.npmjs.org/resolve/-/resolve-2.0.0-next.5.tgz. Extracting by manifest.
3305 silly tarball no local data for debug@https://registry.npmjs.org/debug/-/debug-3.2.7.tgz. Extracting by manifest.
3306 silly tarball no local data for glob-parent@https://registry.npmjs.org/glob-parent/-/glob-parent-5.1.2.tgz. Extracting by manifest.
3307 silly tarball no local data for debug@https://registry.npmjs.org/debug/-/debug-4.4.3.tgz. Extracting by manifest.
3308 silly tarball no local data for postcss@https://registry.npmjs.org/postcss/-/postcss-8.4.31.tgz. Extracting by manifest.
3309 silly tarball no local data for globals@https://registry.npmjs.org/globals/-/globals-16.4.0.tgz. Extracting by manifest.
3310 silly tarball no local data for eslint-visitor-keys@https://registry.npmjs.org/eslint-visitor-keys/-/eslint-visitor-keys-3.4.3.tgz. Extracting by manifest.
3311 http fetch GET 200 https://registry.npmjs.org/async-function/-/async-function-1.0.0.tgz 77ms (cache miss)
3312 http fetch GET 200 https://registry.npmjs.org/which-collection/-/which-collection-1.0.2.tgz 77ms (cache miss)
3313 http fetch GET 200 https://registry.npmjs.org/is-weakmap/-/is-weakmap-2.0.2.tgz 78ms (cache miss)
3314 http fetch GET 200 https://registry.npmjs.org/is-async-function/-/is-async-function-2.1.1.tgz 78ms (cache miss)
3315 http fetch GET 200 https://registry.npmjs.org/is-finalizationregistry/-/is-finalizationregistry-1.1.1.tgz 78ms (cache miss)
3316 http fetch GET 200 https://registry.npmjs.org/is-weakset/-/is-weakset-2.0.4.tgz 79ms (cache miss)
3317 http fetch GET 200 https://registry.npmjs.org/is-generator-function/-/is-generator-function-1.1.2.tgz 79ms (cache miss)
3318 http fetch GET 200 https://registry.npmjs.org/is-map/-/is-map-2.0.3.tgz 108ms (cache miss)
3319 http fetch GET 200 https://registry.npmjs.org/escalade/-/escalade-3.2.0.tgz 123ms (cache miss)
3320 http fetch GET 200 https://registry.npmjs.org/napi-postinstall/-/napi-postinstall-0.3.4.tgz 125ms (cache miss)
3321 http fetch GET 200 https://registry.npmjs.org/which-boxed-primitive/-/which-boxed-primitive-1.1.1.tgz 149ms (cache miss)
3322 http fetch GET 200 https://registry.npmjs.org/@emnapi/wasi-threads/-/wasi-threads-1.1.0.tgz 154ms (cache miss)
3323 http fetch GET 200 https://registry.npmjs.org/is-number-object/-/is-number-object-1.1.1.tgz 166ms (cache miss)
3324 http fetch GET 200 https://registry.npmjs.org/is-boolean-object/-/is-boolean-object-1.2.2.tgz 179ms (cache miss)
3325 http fetch GET 200 https://registry.npmjs.org/punycode/-/punycode-2.3.1.tgz 184ms (cache miss)
3326 http fetch GET 200 https://registry.npmjs.org/generator-function/-/generator-function-2.0.1.tgz 189ms (cache miss)
3327 http fetch GET 200 https://registry.npmjs.org/is-bigint/-/is-bigint-1.1.0.tgz 189ms (cache miss)
3328 http fetch GET 200 https://registry.npmjs.org/ts-api-utils/-/ts-api-utils-2.4.0.tgz 189ms (cache miss)
3329 http fetch GET 200 https://registry.npmjs.org/@typescript-eslint/types/-/types-8.52.0.tgz 196ms (cache miss)
3330 http fetch GET 200 https://registry.npmjs.org/isexe/-/isexe-2.0.0.tgz 202ms (cache miss)
3331 http fetch GET 200 https://registry.npmjs.org/@typescript-eslint/visitor-keys/-/visitor-keys-8.52.0.tgz 219ms (cache miss)
3332 http fetch GET 200 https://registry.npmjs.org/@typescript-eslint/project-service/-/project-service-8.52.0.tgz 226ms (cache miss)
3333 http fetch GET 200 https://registry.npmjs.org/has-bigints/-/has-bigints-1.1.0.tgz 226ms (cache miss)
3334 http fetch GET 200 https://registry.npmjs.org/@typescript-eslint/type-utils/-/type-utils-8.52.0.tgz 232ms (cache miss)
3335 http fetch GET 200 https://registry.npmjs.org/@typescript-eslint/parser/-/parser-8.52.0.tgz 257ms (cache miss)
3336 http fetch GET 200 https://registry.npmjs.org/which-builtin-type/-/which-builtin-type-1.2.1.tgz 260ms (cache miss)
3337 http fetch GET 200 https://registry.npmjs.org/reflect.getprototypeof/-/reflect.getprototypeof-1.0.10.tgz 269ms (cache miss)
3338 http fetch GET 200 https://registry.npmjs.org/@typescript-eslint/scope-manager/-/scope-manager-8.52.0.tgz 270ms (cache miss)
3339 http fetch GET 200 https://registry.npmjs.org/@typescript-eslint/utils/-/utils-8.52.0.tgz 279ms (cache miss)
3340 http fetch GET 200 https://registry.npmjs.org/@typescript-eslint/typescript-estree/-/typescript-estree-8.52.0.tgz 329ms (cache miss)
3341 http fetch GET 200 https://registry.npmjs.org/for-each/-/for-each-0.3.5.tgz 336ms (cache miss)
3342 http fetch GET 200 https://registry.npmjs.org/is-number/-/is-number-7.0.0.tgz 361ms (cache miss)
3343 http fetch POST 200 https://registry.npmjs.org/-/npm/v1/security/advisories/bulk 393ms
3344 silly audit report {}
3345 http fetch GET 200 https://registry.npmjs.org/side-channel-map/-/side-channel-map-1.0.1.tgz 407ms (cache miss)
3346 http fetch GET 200 https://registry.npmjs.org/shebang-regex/-/shebang-regex-3.0.0.tgz 428ms (cache miss)
3347 http fetch GET 200 https://registry.npmjs.org/@types/json5/-/json5-0.0.29.tgz 440ms (cache miss)
3348 http fetch GET 200 https://registry.npmjs.org/side-channel-list/-/side-channel-list-1.0.0.tgz 455ms (cache miss)
3349 http fetch GET 200 https://registry.npmjs.org/has-flag/-/has-flag-4.0.0.tgz 475ms (cache miss)
3350 http fetch GET 200 https://registry.npmjs.org/side-channel-weakmap/-/side-channel-weakmap-1.0.2.tgz 476ms (cache miss)
3351 http fetch GET 200 https://registry.npmjs.org/minimist/-/minimist-1.2.8.tgz 479ms (cache miss)
3352 http fetch GET 200 https://registry.npmjs.org/@emnapi/runtime/-/runtime-1.8.1.tgz 503ms (cache miss)
3353 http fetch GET 200 https://registry.npmjs.org/strip-bom/-/strip-bom-3.0.0.tgz 517ms (cache miss)
3354 http fetch GET 200 https://registry.npmjs.org/@emnapi/core/-/core-1.8.1.tgz 546ms (cache miss)
3355 http fetch GET 200 https://registry.npmjs.org/isarray/-/isarray-2.0.5.tgz 571ms (cache miss)
3356 http fetch GET 200 https://registry.npmjs.org/path-parse/-/path-parse-1.0.7.tgz 594ms (cache miss)
3357 http fetch GET 200 https://registry.npmjs.org/supports-preserve-symlinks-flag/-/supports-preserve-symlinks-flag-1.0.0.tgz 596ms (cache miss)
3358 http fetch GET 200 https://registry.npmjs.org/client-only/-/client-only-0.0.1.tgz 613ms (cache miss)
3359 http fetch GET 200 https://registry.npmjs.org/object-assign/-/object-assign-4.1.1.tgz 628ms (cache miss)
3360 http fetch GET 200 https://registry.npmjs.org/scheduler/-/scheduler-0.27.0.tgz 629ms (cache miss)
3361 http fetch GET 200 https://registry.npmjs.org/@img/sharp-darwin-arm64/-/sharp-darwin-arm64-0.34.5.tgz 636ms (cache miss)
3362 http fetch GET 200 https://registry.npmjs.org/react-is/-/react-is-16.13.1.tgz 640ms (cache miss)
3363 http fetch GET 200 https://registry.npmjs.org/loose-envify/-/loose-envify-1.4.0.tgz 667ms (cache miss)
3364 http fetch GET 200 https://registry.npmjs.org/@typescript-eslint/tsconfig-utils/-/tsconfig-utils-8.52.0.tgz 675ms (cache miss)
3365 http fetch GET 200 https://registry.npmjs.org/callsites/-/callsites-3.1.0.tgz 684ms (cache miss)
3366 http fetch GET 200 https://registry.npmjs.org/@typescript-eslint/eslint-plugin/-/eslint-plugin-8.52.0.tgz 688ms (cache miss)
3367 http fetch GET 200 https://registry.npmjs.org/p-limit/-/p-limit-3.1.0.tgz 686ms (cache miss)
3368 http fetch GET 200 https://registry.npmjs.org/fast-levenshtein/-/fast-levenshtein-2.0.6.tgz 693ms (cache miss)
3369 http fetch GET 200 https://registry.npmjs.org/@img/colour/-/colour-1.0.0.tgz 706ms (cache miss)
3370 http fetch GET 200 https://registry.npmjs.org/word-wrap/-/word-wrap-1.2.5.tgz 715ms (cache miss)
3371 http fetch GET 200 https://registry.npmjs.org/tslib/-/tslib-2.8.1.tgz 722ms (cache miss)
3372 http fetch GET 200 https://registry.npmjs.org/deep-is/-/deep-is-0.1.4.tgz 725ms (cache miss)
3373 http fetch GET 200 https://registry.npmjs.org/yocto-queue/-/yocto-queue-0.1.0.tgz 727ms (cache miss)
3374 http fetch GET 200 https://registry.npmjs.org/nanoid/-/nanoid-3.3.11.tgz 759ms (cache miss)
3375 http fetch GET 200 https://registry.npmjs.org/queue-microtask/-/queue-microtask-1.2.3.tgz 826ms (cache miss)
3376 http fetch GET 200 https://registry.npmjs.org/@swc/helpers/-/helpers-0.5.15.tgz 842ms (cache miss)
3377 http fetch GET 200 https://registry.npmjs.org/@next/env/-/env-16.1.1.tgz 846ms (cache miss)
3378 http fetch GET 200 https://registry.npmjs.org/balanced-match/-/balanced-match-1.0.2.tgz 921ms (cache miss)
3379 http fetch GET 200 https://registry.npmjs.org/yallist/-/yallist-3.1.1.tgz 960ms (cache miss)
3380 http fetch GET 200 https://registry.npmjs.org/concat-map/-/concat-map-0.0.1.tgz 961ms (cache miss)
3381 http fetch GET 200 https://registry.npmjs.org/fill-range/-/fill-range-7.1.1.tgz 962ms (cache miss)
3382 http fetch GET 200 https://registry.npmjs.org/braces/-/braces-3.0.3.tgz 1036ms (cache miss)
3383 http fetch GET 200 https://registry.npmjs.org/detect-libc/-/detect-libc-2.1.2.tgz 1042ms (cache miss)
3384 http fetch GET 200 https://registry.npmjs.org/to-regex-range/-/to-regex-range-5.0.1.tgz 1051ms (cache miss)
3385 http fetch GET 200 https://registry.npmjs.org/prelude-ls/-/prelude-ls-1.2.1.tgz 1064ms (cache miss)
3386 http fetch GET 200 https://registry.npmjs.org/type-check/-/type-check-0.4.0.tgz 1071ms (cache miss)
3387 http fetch GET 200 https://registry.npmjs.org/sharp/-/sharp-0.34.5.tgz 1117ms (cache miss)
3388 http fetch GET 200 https://registry.npmjs.org/json-buffer/-/json-buffer-3.0.1.tgz 1164ms (cache miss)
3389 http fetch GET 200 https://registry.npmjs.org/is-extglob/-/is-extglob-2.1.1.tgz 1183ms (cache miss)
3390 http fetch GET 200 https://registry.npmjs.org/argparse/-/argparse-2.0.1.tgz 1185ms (cache miss)
3391 http fetch GET 200 https://registry.npmjs.org/picomatch/-/picomatch-2.3.1.tgz 1206ms (cache miss)
3392 http fetch GET 200 https://registry.npmjs.org/@unrs/resolver-binding-darwin-arm64/-/resolver-binding-darwin-arm64-1.11.1.tgz 1212ms (cache miss)
3393 http fetch GET 200 https://registry.npmjs.org/styled-jsx/-/styled-jsx-5.1.6.tgz 1219ms (cache miss)
3394 http fetch GET 200 https://registry.npmjs.org/parent-module/-/parent-module-1.0.1.tgz 1243ms (cache miss)
3395 http fetch GET 200 https://registry.npmjs.org/brace-expansion/-/brace-expansion-1.1.12.tgz 1258ms (cache miss)
3396 http fetch GET 200 https://registry.npmjs.org/p-locate/-/p-locate-5.0.0.tgz 1298ms (cache miss)
3397 http fetch GET 200 https://registry.npmjs.org/resolve-pkg-maps/-/resolve-pkg-maps-1.0.0.tgz 1298ms (cache miss)
3398 http fetch GET 200 https://registry.npmjs.org/@tybys/wasm-util/-/wasm-util-0.10.1.tgz 1333ms (cache miss)
3399 http fetch GET 200 https://registry.npmjs.org/functions-have-names/-/functions-have-names-1.2.3.tgz 1333ms (cache miss)
3400 http fetch GET 200 https://registry.npmjs.org/hermes-estree/-/hermes-estree-0.25.1.tgz 1344ms (cache miss)
3401 http fetch GET 200 https://registry.npmjs.org/side-channel/-/side-channel-1.1.0.tgz 1374ms (cache miss)
3402 http fetch GET 200 https://registry.npmjs.org/path-exists/-/path-exists-4.0.0.tgz 1375ms (cache miss)
3403 http fetch GET 200 https://registry.npmjs.org/@napi-rs/wasm-runtime/-/wasm-runtime-0.2.12.tgz 1389ms (cache miss)
3404 http fetch GET 200 https://registry.npmjs.org/keyv/-/keyv-4.5.4.tgz 1389ms (cache miss)
3405 http fetch GET 200 https://registry.npmjs.org/language-subtag-registry/-/language-subtag-registry-0.3.23.tgz 1390ms (cache miss)
3406 http fetch GET 200 https://registry.npmjs.org/flatted/-/flatted-3.3.3.tgz 1405ms (cache miss)
3407 http fetch GET 200 https://registry.npmjs.org/reusify/-/reusify-1.1.0.tgz 1406ms (cache miss)
3408 http fetch GET 200 https://registry.npmjs.org/flat-cache/-/flat-cache-4.0.1.tgz 1449ms (cache miss)
3409 http fetch GET 200 https://registry.npmjs.org/fastq/-/fastq-1.20.1.tgz 1450ms (cache miss)
3410 http fetch GET 200 https://registry.npmjs.org/locate-path/-/locate-path-6.0.0.tgz 1455ms (cache miss)
3411 http fetch GET 200 https://registry.npmjs.org/run-parallel/-/run-parallel-1.2.0.tgz 1485ms (cache miss)
3412 http fetch GET 200 https://registry.npmjs.org/merge2/-/merge2-1.4.1.tgz 1493ms (cache miss)
3413 http fetch GET 200 https://registry.npmjs.org/dunder-proto/-/dunder-proto-1.0.1.tgz 1496ms (cache miss)
3414 http fetch GET 200 https://registry.npmjs.org/update-browserslist-db/-/update-browserslist-db-1.2.3.tgz 1580ms (cache miss)
3415 http fetch GET 200 https://registry.npmjs.org/set-function-name/-/set-function-name-2.0.2.tgz 1591ms (cache miss)
3416 http fetch GET 200 https://registry.npmjs.org/@babel/helper-string-parser/-/helper-string-parser-7.27.1.tgz 1642ms (cache miss)
3417 http fetch GET 200 https://registry.npmjs.org/@nodelib/fs.scandir/-/fs.scandir-2.1.5.tgz 1671ms (cache miss)
3418 http fetch GET 200 https://registry.npmjs.org/resolve-from/-/resolve-from-4.0.0.tgz 1688ms (cache miss)
3419 http fetch GET 200 https://registry.npmjs.org/micromatch/-/micromatch-4.0.8.tgz 1694ms (cache miss)
3420 http fetch GET 200 https://registry.npmjs.org/acorn-jsx/-/acorn-jsx-5.3.2.tgz 1749ms (cache miss)
3421 http fetch GET 200 https://registry.npmjs.org/esrecurse/-/esrecurse-4.3.0.tgz 1767ms (cache miss)
3422 http fetch GET 200 https://registry.npmjs.org/node-releases/-/node-releases-2.0.27.tgz 1983ms (cache miss)
3423 http fetch GET 200 https://registry.npmjs.org/picocolors/-/picocolors-1.1.1.tgz 2017ms (cache miss)
3424 http fetch GET 200 https://registry.npmjs.org/acorn/-/acorn-8.15.0.tgz 2020ms (cache miss)
3425 http fetch GET 200 https://registry.npmjs.org/@babel/helper-validator-option/-/helper-validator-option-7.27.1.tgz 2044ms (cache miss)
3426 http fetch GET 200 https://registry.npmjs.org/@nodelib/fs.stat/-/fs.stat-2.0.5.tgz 2052ms (cache miss)
3427 http fetch GET 200 https://registry.npmjs.org/jsesc/-/jsesc-3.1.0.tgz 2078ms (cache miss)
3428 http fetch GET 200 https://registry.npmjs.org/browserslist/-/browserslist-4.28.1.tgz 2120ms (cache miss)
3429 http fetch GET 200 https://registry.npmjs.org/js-tokens/-/js-tokens-4.0.0.tgz 2148ms (cache miss)
3430 http fetch GET 200 https://registry.npmjs.org/convert-source-map/-/convert-source-map-2.0.0.tgz 2180ms (cache miss)
3431 http fetch GET 200 https://registry.npmjs.org/@babel/helper-globals/-/helper-globals-7.28.0.tgz 2230ms (cache miss)
3432 http fetch GET 200 https://registry.npmjs.org/electron-to-chromium/-/electron-to-chromium-1.5.267.tgz 2258ms (cache miss)
3433 http fetch GET 200 https://registry.npmjs.org/caniuse-lite/-/caniuse-lite-1.0.30001763.tgz 2404ms (cache miss)
3434 http fetch GET 200 https://registry.npmjs.org/json5/-/json5-2.2.3.tgz 2491ms (cache miss)
3435 http fetch GET 200 https://registry.npmjs.org/gensync/-/gensync-1.0.0-beta.2.tgz 2574ms (cache miss)
3436 http fetch GET 200 https://registry.npmjs.org/@babel/helper-module-imports/-/helper-module-imports-7.27.1.tgz 2589ms (cache miss)
3437 http fetch GET 200 https://registry.npmjs.org/@babel/helper-validator-identifier/-/helper-validator-identifier-7.28.5.tgz 2614ms (cache miss)
3438 http fetch GET 200 https://registry.npmjs.org/@babel/helper-compilation-targets/-/helper-compilation-targets-7.27.2.tgz 2653ms (cache miss)
3439 http fetch GET 200 https://registry.npmjs.org/@babel/template/-/template-7.27.2.tgz 2654ms (cache miss)
3440 http fetch GET 200 https://registry.npmjs.org/@babel/helper-module-transforms/-/helper-module-transforms-7.28.3.tgz 2679ms (cache miss)
3441 http fetch GET 200 https://registry.npmjs.org/@babel/traverse/-/traverse-7.28.5.tgz 2681ms (cache miss)
3442 http fetch GET 200 https://registry.npmjs.org/@babel/generator/-/generator-7.28.5.tgz 2743ms (cache miss)
3443 http fetch GET 200 https://registry.npmjs.org/lru-cache/-/lru-cache-5.1.1.tgz 2845ms (cache miss)
3444 http fetch GET 200 https://registry.npmjs.org/@babel/compat-data/-/compat-data-7.28.5.tgz 2848ms (cache miss)
3445 http fetch GET 200 https://registry.npmjs.org/@babel/types/-/types-7.28.5.tgz 2956ms (cache miss)
3446 http fetch GET 200 https://registry.npmjs.org/string.prototype.matchall/-/string.prototype.matchall-4.0.12.tgz 3087ms (cache miss)
3447 http fetch GET 200 https://registry.npmjs.org/@babel/code-frame/-/code-frame-7.27.1.tgz 3090ms (cache miss)
3448 http fetch GET 200 https://registry.npmjs.org/string.prototype.repeat/-/string.prototype.repeat-1.0.0.tgz 3189ms (cache miss)
3449 http fetch GET 200 https://registry.npmjs.org/iterator.prototype/-/iterator.prototype-1.1.5.tgz 3240ms (cache miss)
3450 http fetch GET 200 https://registry.npmjs.org/array.prototype.tosorted/-/array.prototype.tosorted-1.1.4.tgz 3304ms (cache miss)
3451 http fetch GET 200 https://registry.npmjs.org/@babel/core/-/core-7.28.5.tgz 3341ms (cache miss)
3452 http fetch GET 200 https://registry.npmjs.org/prop-types/-/prop-types-15.8.1.tgz 3341ms (cache miss)
3453 http fetch GET 200 https://registry.npmjs.org/zod/-/zod-4.3.5.tgz 3354ms (cache miss)
3454 http fetch GET 200 https://registry.npmjs.org/es-iterator-helpers/-/es-iterator-helpers-1.2.2.tgz 3353ms (cache miss)
3455 http fetch GET 200 https://registry.npmjs.org/estraverse/-/estraverse-5.3.0.tgz 3358ms (cache miss)
3456 http fetch GET 200 https://registry.npmjs.org/string.prototype.includes/-/string.prototype.includes-2.0.1.tgz 3378ms (cache miss)
3457 http fetch GET 200 https://registry.npmjs.org/language-tags/-/language-tags-1.0.9.tgz 3395ms (cache miss)
3458 http fetch GET 200 https://registry.npmjs.org/zod-validation-error/-/zod-validation-error-4.0.2.tgz 3402ms (cache miss)
3459 http fetch GET 200 https://registry.npmjs.org/damerau-levenshtein/-/damerau-levenshtein-1.0.8.tgz 3436ms (cache miss)
3460 http fetch GET 200 https://registry.npmjs.org/array.prototype.findlast/-/array.prototype.findlast-1.2.5.tgz 3437ms (cache miss)
3461 http fetch GET 200 https://registry.npmjs.org/emoji-regex/-/emoji-regex-9.2.2.tgz 3438ms (cache miss)
3462 http fetch GET 200 https://registry.npmjs.org/object.entries/-/object.entries-1.1.9.tgz 3444ms (cache miss)
3463 http fetch GET 200 https://registry.npmjs.org/ast-types-flow/-/ast-types-flow-0.0.8.tgz 3510ms (cache miss)
3464 http fetch GET 200 https://registry.npmjs.org/axobject-query/-/axobject-query-4.1.0.tgz 3537ms (cache miss)
3465 http fetch GET 200 https://registry.npmjs.org/is-date-object/-/is-date-object-1.1.0.tgz 3544ms (cache miss)
3466 http fetch GET 200 https://registry.npmjs.org/is-symbol/-/is-symbol-1.1.1.tgz 3562ms (cache miss)
3467 http fetch GET 200 https://registry.npmjs.org/possible-typed-array-names/-/possible-typed-array-names-1.1.0.tgz 3562ms (cache miss)
3468 http fetch GET 200 https://registry.npmjs.org/jsx-ast-utils/-/jsx-ast-utils-3.3.5.tgz 3567ms (cache miss)
3469 http fetch GET 200 https://registry.npmjs.org/aria-query/-/aria-query-5.3.2.tgz 3575ms (cache miss)
3470 http fetch GET 200 https://registry.npmjs.org/has-tostringtag/-/has-tostringtag-1.0.2.tgz 3619ms (cache miss)
3471 http fetch GET 200 https://registry.npmjs.org/lightningcss-darwin-arm64/-/lightningcss-darwin-arm64-1.30.2.tgz 3636ms (cache miss)
3472 http fetch GET 200 https://registry.npmjs.org/typed-array-length/-/typed-array-length-1.0.7.tgz 3634ms (cache miss)
3473 http fetch GET 200 https://registry.npmjs.org/string.prototype.trimstart/-/string.prototype.trimstart-1.0.8.tgz 3638ms (cache miss)
3474 http fetch GET 200 https://registry.npmjs.org/typed-array-byte-offset/-/typed-array-byte-offset-1.0.4.tgz 3643ms (cache miss)
3475 http fetch GET 200 https://registry.npmjs.org/typed-array-byte-length/-/typed-array-byte-length-1.0.3.tgz 3646ms (cache miss)
3476 http fetch GET 200 https://registry.npmjs.org/typed-array-buffer/-/typed-array-buffer-1.0.3.tgz 3650ms (cache miss)
3477 http fetch GET 200 https://registry.npmjs.org/which-typed-array/-/which-typed-array-1.1.19.tgz 3665ms (cache miss)
3478 http fetch GET 200 https://registry.npmjs.org/string.prototype.trim/-/string.prototype.trim-1.2.10.tgz 3674ms (cache miss)
3479 http fetch GET 200 https://registry.npmjs.org/stop-iteration-iterator/-/stop-iteration-iterator-1.1.0.tgz 3684ms (cache miss)
3480 http fetch GET 200 https://registry.npmjs.org/safe-push-apply/-/safe-push-apply-1.0.0.tgz 3687ms (cache miss)
3481 http fetch GET 200 https://registry.npmjs.org/set-proto/-/set-proto-1.0.0.tgz 3691ms (cache miss)
3482 http fetch GET 200 https://registry.npmjs.org/unbox-primitive/-/unbox-primitive-1.1.0.tgz 3693ms (cache miss)
3483 http fetch GET 200 https://registry.npmjs.org/safe-array-concat/-/safe-array-concat-1.1.3.tgz 3702ms (cache miss)
3484 http fetch GET 200 https://registry.npmjs.org/regexp.prototype.flags/-/regexp.prototype.flags-1.5.4.tgz 3705ms (cache miss)
3485 http fetch GET 200 https://registry.npmjs.org/safe-regex-test/-/safe-regex-test-1.1.0.tgz 3719ms (cache miss)
3486 http fetch GET 200 https://registry.npmjs.org/object.assign/-/object.assign-4.1.7.tgz 3734ms (cache miss)
3487 http fetch GET 200 https://registry.npmjs.org/own-keys/-/own-keys-1.0.1.tgz 3734ms (cache miss)
3488 http fetch GET 200 https://registry.npmjs.org/is-typed-array/-/is-typed-array-1.1.15.tgz 3741ms (cache miss)
3489 http fetch GET 200 https://registry.npmjs.org/is-weakref/-/is-weakref-1.1.1.tgz 3743ms (cache miss)
3490 http fetch GET 200 https://registry.npmjs.org/is-shared-array-buffer/-/is-shared-array-buffer-1.0.4.tgz 3759ms (cache miss)
3491 http fetch GET 200 https://registry.npmjs.org/is-regex/-/is-regex-1.2.1.tgz 3764ms (cache miss)
3492 http fetch GET 200 https://registry.npmjs.org/is-set/-/is-set-2.0.3.tgz 3766ms (cache miss)
3493 http fetch GET 200 https://registry.npmjs.org/is-negative-zero/-/is-negative-zero-2.0.3.tgz 3778ms (cache miss)
3494 http fetch GET 200 https://registry.npmjs.org/object-inspect/-/object-inspect-1.13.4.tgz 3780ms (cache miss)
3495 http fetch GET 200 https://registry.npmjs.org/is-array-buffer/-/is-array-buffer-3.0.5.tgz 3787ms (cache miss)
3496 http fetch GET 200 https://registry.npmjs.org/hermes-parser/-/hermes-parser-0.25.1.tgz 3793ms (cache miss)
3497 http fetch GET 200 https://registry.npmjs.org/has-symbols/-/has-symbols-1.1.0.tgz 3804ms (cache miss)
3498 http fetch GET 200 https://registry.npmjs.org/is-data-view/-/is-data-view-1.0.2.tgz 3808ms (cache miss)
3499 http fetch GET 200 https://registry.npmjs.org/is-callable/-/is-callable-1.2.7.tgz 3808ms (cache miss)
3500 http fetch GET 200 https://registry.npmjs.org/has-proto/-/has-proto-1.2.0.tgz 3821ms (cache miss)
3501 http fetch GET 200 https://registry.npmjs.org/get-symbol-description/-/get-symbol-description-1.1.0.tgz 3825ms (cache miss)
3502 http fetch GET 200 https://registry.npmjs.org/globalthis/-/globalthis-1.0.4.tgz 3825ms (cache miss)
3503 http fetch GET 200 https://registry.npmjs.org/internal-slot/-/internal-slot-1.1.0.tgz 3833ms (cache miss)
3504 http fetch GET 200 https://registry.npmjs.org/function.prototype.name/-/function.prototype.name-1.1.8.tgz 3837ms (cache miss)
3505 http fetch GET 200 https://registry.npmjs.org/es-to-primitive/-/es-to-primitive-1.3.0.tgz 3847ms (cache miss)
3506 http fetch GET 200 https://registry.npmjs.org/get-proto/-/get-proto-1.0.1.tgz 3852ms (cache miss)
3507 http fetch GET 200 https://registry.npmjs.org/@nodelib/fs.walk/-/fs.walk-1.2.8.tgz 3860ms (cache miss)
3508 http fetch GET 200 https://registry.npmjs.org/data-view-buffer/-/data-view-buffer-1.0.2.tgz 3868ms (cache miss)
3509 http fetch GET 200 https://registry.npmjs.org/array-buffer-byte-length/-/array-buffer-byte-length-1.0.2.tgz 3868ms (cache miss)
3510 http fetch GET 200 https://registry.npmjs.org/data-view-byte-length/-/data-view-byte-length-1.0.2.tgz 3877ms (cache miss)
3511 http fetch GET 200 https://registry.npmjs.org/arraybuffer.prototype.slice/-/arraybuffer.prototype.slice-1.0.4.tgz 3883ms (cache miss)
3512 http fetch GET 200 https://registry.npmjs.org/available-typed-arrays/-/available-typed-arrays-1.0.7.tgz 3883ms (cache miss)
3513 http fetch GET 200 https://registry.npmjs.org/has-property-descriptors/-/has-property-descriptors-1.0.2.tgz 3899ms (cache miss)
3514 http fetch GET 200 https://registry.npmjs.org/define-data-property/-/define-data-property-1.1.4.tgz 3908ms (cache miss)
3515 http fetch GET 200 https://registry.npmjs.org/function-bind/-/function-bind-1.1.2.tgz 3915ms (cache miss)
3516 http fetch GET 200 https://registry.npmjs.org/es-set-tostringtag/-/es-set-tostringtag-2.1.0.tgz 3915ms (cache miss)
3517 http fetch GET 200 https://registry.npmjs.org/gopd/-/gopd-1.2.0.tgz 3915ms (cache miss)
3518 http fetch GET 200 https://registry.npmjs.org/@babel/parser/-/parser-7.28.5.tgz 3922ms (cache miss)
3519 http fetch GET 200 https://registry.npmjs.org/data-view-byte-offset/-/data-view-byte-offset-1.0.1.tgz 3917ms (cache miss)
3520 http fetch GET 200 https://registry.npmjs.org/es-define-property/-/es-define-property-1.0.1.tgz 3923ms (cache miss)
3521 http fetch GET 200 https://registry.npmjs.org/es-shim-unscopables/-/es-shim-unscopables-1.1.0.tgz 3943ms (cache miss)
3522 http fetch GET 200 https://registry.npmjs.org/is-string/-/is-string-1.1.1.tgz 3957ms (cache miss)
3523 http fetch GET 200 https://registry.npmjs.org/es-errors/-/es-errors-1.3.0.tgz 3957ms (cache miss)
3524 http fetch GET 200 https://registry.npmjs.org/object-keys/-/object-keys-1.1.1.tgz 3959ms (cache miss)
3525 http fetch GET 200 https://registry.npmjs.org/call-bind-apply-helpers/-/call-bind-apply-helpers-1.0.2.tgz 3962ms (cache miss)
3526 http fetch GET 200 https://registry.npmjs.org/es-object-atoms/-/es-object-atoms-1.1.1.tgz 3961ms (cache miss)
3527 http fetch GET 200 https://registry.npmjs.org/set-function-length/-/set-function-length-1.2.2.tgz 3963ms (cache miss)
3528 http fetch GET 200 https://registry.npmjs.org/get-intrinsic/-/get-intrinsic-1.3.0.tgz 3963ms (cache miss)
3529 http fetch GET 200 https://registry.npmjs.org/define-properties/-/define-properties-1.2.1.tgz 3973ms (cache miss)
3530 http fetch GET 200 https://registry.npmjs.org/string.prototype.trimend/-/string.prototype.trimend-1.0.9.tgz 4006ms (cache miss)
3531 http fetch GET 200 https://registry.npmjs.org/object.values/-/object.values-1.2.1.tgz 4007ms (cache miss)
3532 http fetch GET 200 https://registry.npmjs.org/object.fromentries/-/object.fromentries-2.0.8.tgz 4014ms (cache miss)
3533 http fetch GET 200 https://registry.npmjs.org/call-bound/-/call-bound-1.0.4.tgz 4016ms (cache miss)
3534 http fetch GET 200 https://registry.npmjs.org/call-bind/-/call-bind-1.0.8.tgz 4024ms (cache miss)
3535 http fetch GET 200 https://registry.npmjs.org/object.groupby/-/object.groupby-1.0.3.tgz 4024ms (cache miss)
3536 http fetch GET 200 https://registry.npmjs.org/math-intrinsics/-/math-intrinsics-1.1.0.tgz 4024ms (cache miss)
3537 http fetch GET 200 https://registry.npmjs.org/eslint-module-utils/-/eslint-module-utils-2.12.1.tgz 4047ms (cache miss)
3538 http fetch GET 200 https://registry.npmjs.org/hasown/-/hasown-2.0.2.tgz 4056ms (cache miss)
3539 http fetch GET 200 https://registry.npmjs.org/doctrine/-/doctrine-2.1.0.tgz 4057ms (cache miss)
3540 http fetch GET 200 https://registry.npmjs.org/array.prototype.flatmap/-/array.prototype.flatmap-1.3.3.tgz 4061ms (cache miss)
3541 http fetch GET 200 https://registry.npmjs.org/stable-hash/-/stable-hash-0.0.5.tgz 4076ms (cache miss)
3542 http fetch GET 200 https://registry.npmjs.org/array.prototype.findlastindex/-/array.prototype.findlastindex-1.2.6.tgz 4077ms (cache miss)
3543 http fetch GET 200 https://registry.npmjs.org/semver/-/semver-6.3.1.tgz 4078ms (cache miss)
3544 http fetch GET 200 https://registry.npmjs.org/tinyglobby/-/tinyglobby-0.2.15.tgz 4118ms (cache miss)
3545 http fetch GET 200 https://registry.npmjs.org/array.prototype.flat/-/array.prototype.flat-1.3.3.tgz 4119ms (cache miss)
3546 http fetch GET 200 https://registry.npmjs.org/unrs-resolver/-/unrs-resolver-1.11.1.tgz 4131ms (cache miss)
3547 http fetch GET 200 https://registry.npmjs.org/tsconfig-paths/-/tsconfig-paths-3.15.0.tgz 4136ms (cache miss)
3548 http fetch GET 200 https://registry.npmjs.org/is-bun-module/-/is-bun-module-2.0.0.tgz 4151ms (cache miss)
3549 http fetch GET 200 https://registry.npmjs.org/@nolyfill/is-core-module/-/is-core-module-1.0.39.tgz 4158ms (cache miss)
3550 http fetch GET 200 https://registry.npmjs.org/@rtsao/scc/-/scc-1.1.0.tgz 4161ms (cache miss)
3551 http fetch GET 200 https://registry.npmjs.org/array-includes/-/array-includes-3.1.9.tgz 4165ms (cache miss)
3552 http fetch GET 200 https://registry.npmjs.org/get-tsconfig/-/get-tsconfig-4.13.0.tgz 4182ms (cache miss)
3553 http fetch GET 200 https://registry.npmjs.org/is-core-module/-/is-core-module-2.16.1.tgz 4194ms (cache miss)
3554 http fetch GET 200 https://registry.npmjs.org/resolve/-/resolve-1.22.11.tgz 4215ms (cache miss)
3555 http fetch GET 200 https://registry.npmjs.org/typescript-eslint/-/typescript-eslint-8.52.0.tgz 4230ms (cache miss)
3556 http fetch GET 200 https://registry.npmjs.org/fast-glob/-/fast-glob-3.3.1.tgz 4247ms (cache miss)
3557 http fetch GET 200 https://registry.npmjs.org/eslint-import-resolver-typescript/-/eslint-import-resolver-typescript-3.10.1.tgz 4288ms (cache miss)
3558 http fetch GET 200 https://registry.npmjs.org/eslint-import-resolver-node/-/eslint-import-resolver-node-0.3.9.tgz 4311ms (cache miss)
3559 http fetch GET 200 https://registry.npmjs.org/which/-/which-2.0.2.tgz 4340ms (cache miss)
3560 http fetch GET 200 https://registry.npmjs.org/es-abstract/-/es-abstract-1.24.1.tgz 4349ms (cache miss)
3561 http fetch GET 200 https://registry.npmjs.org/path-key/-/path-key-3.1.1.tgz 4363ms (cache miss)
3562 http fetch GET 200 https://registry.npmjs.org/shebang-command/-/shebang-command-2.0.0.tgz 4395ms (cache miss)
3563 http fetch GET 200 https://registry.npmjs.org/ms/-/ms-2.1.3.tgz 4410ms (cache miss)
3564 http fetch GET 200 https://registry.npmjs.org/baseline-browser-mapping/-/baseline-browser-mapping-2.9.12.tgz 4434ms (cache miss)
3565 http fetch GET 200 https://registry.npmjs.org/color-name/-/color-name-1.1.4.tgz 4440ms (cache miss)
3566 http fetch GET 200 https://registry.npmjs.org/color-convert/-/color-convert-2.0.1.tgz 4452ms (cache miss)
3567 http fetch GET 200 https://registry.npmjs.org/supports-color/-/supports-color-7.2.0.tgz 4460ms (cache miss)
3568 http fetch GET 200 https://registry.npmjs.org/json-schema-traverse/-/json-schema-traverse-0.4.1.tgz 4502ms (cache miss)
3569 http fetch GET 200 https://registry.npmjs.org/fast-json-stable-stringify/-/fast-json-stable-stringify-2.1.0.tgz 4561ms (cache miss)
3570 http fetch GET 200 https://registry.npmjs.org/strip-json-comments/-/strip-json-comments-3.1.1.tgz 4582ms (cache miss)
3571 http fetch GET 200 https://registry.npmjs.org/@humanfs/core/-/core-0.19.1.tgz 4593ms (cache miss)
3572 http fetch GET 200 https://registry.npmjs.org/@next/eslint-plugin-next/-/eslint-plugin-next-16.1.1.tgz 4608ms (cache miss)
3573 http fetch GET 200 https://registry.npmjs.org/ansi-styles/-/ansi-styles-4.3.0.tgz 4673ms (cache miss)
3574 http fetch GET 200 https://registry.npmjs.org/globals/-/globals-14.0.0.tgz 4712ms (cache miss)
3575 http fetch GET 200 https://registry.npmjs.org/import-fresh/-/import-fresh-3.3.1.tgz 4716ms (cache miss)
3576 http fetch GET 200 https://registry.npmjs.org/@types/json-schema/-/json-schema-7.0.15.tgz 4716ms (cache miss)
3577 http fetch GET 200 https://registry.npmjs.org/@eslint/object-schema/-/object-schema-2.1.7.tgz 4743ms (cache miss)
3578 http fetch GET 200 https://registry.npmjs.org/uri-js/-/uri-js-4.4.1.tgz 4758ms (cache miss)
3579 http fetch GET 200 https://registry.npmjs.org/js-yaml/-/js-yaml-4.1.1.tgz 4810ms (cache miss)
3580 http fetch GET 200 https://registry.npmjs.org/natural-compare/-/natural-compare-1.4.0.tgz 4817ms (cache miss)
3581 http fetch GET 200 https://registry.npmjs.org/eslint-plugin-jsx-a11y/-/eslint-plugin-jsx-a11y-6.10.2.tgz 4822ms (cache miss)
3582 http fetch GET 200 https://registry.npmjs.org/optionator/-/optionator-0.9.4.tgz 4834ms (cache miss)
3583 http fetch GET 200 https://registry.npmjs.org/minimatch/-/minimatch-3.1.2.tgz 4841ms (cache miss)
3584 http fetch GET 200 https://registry.npmjs.org/is-glob/-/is-glob-4.0.3.tgz 4843ms (cache miss)
3585 http fetch GET 200 https://registry.npmjs.org/json-stable-stringify-without-jsonify/-/json-stable-stringify-without-jsonify-1.0.1.tgz 4857ms (cache miss)
3586 http fetch GET 200 https://registry.npmjs.org/imurmurhash/-/imurmurhash-0.1.4.tgz 4910ms (cache miss)
3587 http fetch GET 200 https://registry.npmjs.org/lodash.merge/-/lodash.merge-4.6.2.tgz 4928ms (cache miss)
3588 http fetch GET 200 https://registry.npmjs.org/glob-parent/-/glob-parent-6.0.2.tgz 4938ms (cache miss)
3589 http fetch GET 200 https://registry.npmjs.org/levn/-/levn-0.4.1.tgz 4938ms (cache miss)
3590 http fetch GET 200 https://registry.npmjs.org/ignore/-/ignore-5.3.2.tgz 4996ms (cache miss)
3591 http fetch GET 200 https://registry.npmjs.org/fast-deep-equal/-/fast-deep-equal-3.1.3.tgz 5039ms (cache miss)
3592 http fetch GET 200 https://registry.npmjs.org/file-entry-cache/-/file-entry-cache-8.0.0.tgz 5047ms (cache miss)
3593 http fetch GET 200 https://registry.npmjs.org/espree/-/espree-10.4.0.tgz 5059ms (cache miss)
3594 http fetch GET 200 https://registry.npmjs.org/esquery/-/esquery-1.7.0.tgz 5067ms (cache miss)
3595 http fetch GET 200 https://registry.npmjs.org/find-up/-/find-up-5.0.0.tgz 5068ms (cache miss)
3596 http fetch GET 200 https://registry.npmjs.org/eslint-plugin-import/-/eslint-plugin-import-2.32.0.tgz 5110ms (cache miss)
3597 http fetch GET 200 https://registry.npmjs.org/cross-spawn/-/cross-spawn-7.0.6.tgz 5136ms (cache miss)
3598 http fetch GET 200 https://registry.npmjs.org/escape-string-regexp/-/escape-string-regexp-4.0.0.tgz 5136ms (cache miss)
3599 http fetch GET 200 https://registry.npmjs.org/esutils/-/esutils-2.0.3.tgz 5138ms (cache miss)
3600 http fetch GET 200 https://registry.npmjs.org/eslint-scope/-/eslint-scope-8.4.0.tgz 5143ms (cache miss)
3601 http fetch GET 200 https://registry.npmjs.org/eslint-plugin-react/-/eslint-plugin-react-7.37.5.tgz 5147ms (cache miss)
3602 http fetch GET 200 https://registry.npmjs.org/chalk/-/chalk-4.1.2.tgz 5194ms (cache miss)
3603 http fetch GET 200 https://registry.npmjs.org/@humanwhocodes/module-importer/-/module-importer-1.0.1.tgz 5245ms (cache miss)
3604 http fetch GET 200 https://registry.npmjs.org/@eslint/js/-/js-9.39.2.tgz 5261ms (cache miss)
3605 http fetch GET 200 https://registry.npmjs.org/@eslint/plugin-kit/-/plugin-kit-0.4.1.tgz 5279ms (cache miss)
3606 http fetch GET 200 https://registry.npmjs.org/ajv/-/ajv-6.12.6.tgz 5283ms (cache miss)
3607 http fetch GET 200 https://registry.npmjs.org/@humanwhocodes/retry/-/retry-0.4.3.tgz 5286ms (cache miss)
3608 http fetch GET 200 https://registry.npmjs.org/@babel/helpers/-/helpers-7.28.4.tgz 5329ms (cache miss)
3609 http fetch GET 200 https://registry.npmjs.org/@eslint/config-helpers/-/config-helpers-0.4.2.tgz 5328ms (cache miss)
3610 http fetch GET 200 https://registry.npmjs.org/eslint-visitor-keys/-/eslint-visitor-keys-4.2.1.tgz 5340ms (cache miss)
3611 http fetch GET 200 https://registry.npmjs.org/graceful-fs/-/graceful-fs-4.2.11.tgz 5381ms (cache miss)
3612 http fetch GET 200 https://registry.npmjs.org/tapable/-/tapable-2.3.0.tgz 5388ms (cache miss)
3613 http fetch GET 200 https://registry.npmjs.org/@eslint/core/-/core-0.17.0.tgz 5406ms (cache miss)
3614 http fetch GET 200 https://registry.npmjs.org/@eslint/config-array/-/config-array-0.21.1.tgz 5726ms (cache miss)
3615 http fetch GET 200 https://registry.npmjs.org/@types/estree/-/estree-1.0.8.tgz 5754ms (cache miss)
3616 http fetch GET 200 https://registry.npmjs.org/@humanfs/node/-/node-0.16.7.tgz 5794ms (cache miss)
3617 http fetch GET 200 https://registry.npmjs.org/@jridgewell/trace-mapping/-/trace-mapping-0.3.31.tgz 5799ms (cache miss)
3618 http fetch GET 200 https://registry.npmjs.org/@eslint-community/eslint-utils/-/eslint-utils-4.9.1.tgz 5828ms (cache miss)
3619 http fetch GET 200 https://registry.npmjs.org/@jridgewell/gen-mapping/-/gen-mapping-0.3.13.tgz 5835ms (cache miss)
3620 http fetch GET 200 https://registry.npmjs.org/@jridgewell/sourcemap-codec/-/sourcemap-codec-1.5.5.tgz 5887ms (cache miss)
3621 http fetch GET 200 https://registry.npmjs.org/@eslint/eslintrc/-/eslintrc-3.3.3.tgz 5915ms (cache miss)
3622 http fetch GET 200 https://registry.npmjs.org/eslint-plugin-react-hooks/-/eslint-plugin-react-hooks-7.0.1.tgz 6097ms (cache miss)
3623 http fetch GET 200 https://registry.npmjs.org/source-map-js/-/source-map-js-1.2.1.tgz 6136ms (cache miss)
3624 http fetch GET 200 https://registry.npmjs.org/enhanced-resolve/-/enhanced-resolve-5.18.4.tgz 6152ms (cache miss)
3625 http fetch GET 200 https://registry.npmjs.org/@eslint-community/regexpp/-/regexpp-4.12.2.tgz 6212ms (cache miss)
3626 http fetch GET 200 https://registry.npmjs.org/lightningcss/-/lightningcss-1.30.2.tgz 6265ms (cache miss)
3627 http fetch GET 200 https://registry.npmjs.org/@alloc/quick-lru/-/quick-lru-5.2.0.tgz 6265ms (cache miss)
3628 http fetch GET 200 https://registry.npmjs.org/postcss/-/postcss-8.5.6.tgz 6330ms (cache miss)
3629 http fetch GET 200 https://registry.npmjs.org/@tailwindcss/node/-/node-4.1.18.tgz 6335ms (cache miss)
3630 http fetch GET 200 https://registry.npmjs.org/@tailwindcss/oxide/-/oxide-4.1.18.tgz 6350ms (cache miss)
3631 http fetch GET 200 https://registry.npmjs.org/magic-string/-/magic-string-0.30.21.tgz 6351ms (cache miss)
3632 http fetch GET 200 https://registry.npmjs.org/@jridgewell/remapping/-/remapping-2.3.5.tgz 6443ms (cache miss)
3633 http fetch GET 200 https://registry.npmjs.org/eslint-config-next/-/eslint-config-next-16.1.1.tgz 6459ms (cache miss)
3634 http fetch GET 200 https://registry.npmjs.org/@types/react-dom/-/react-dom-19.2.3.tgz 6464ms (cache miss)
3635 http fetch GET 200 https://registry.npmjs.org/react/-/react-19.2.3.tgz 6468ms (cache miss)
3636 http fetch GET 200 https://registry.npmjs.org/@jridgewell/resolve-uri/-/resolve-uri-3.1.2.tgz 7134ms (cache miss)
3637 http fetch GET 200 https://registry.npmjs.org/jiti/-/jiti-2.6.1.tgz 7151ms (cache miss)
3638 http fetch GET 200 https://registry.npmjs.org/@tailwindcss/postcss/-/postcss-4.1.18.tgz 7235ms (cache miss)
3639 http fetch GET 200 https://registry.npmjs.org/brace-expansion/-/brace-expansion-2.0.2.tgz 7276ms (cache miss)
3640 http fetch GET 200 https://registry.npmjs.org/@tailwindcss/oxide-darwin-arm64/-/oxide-darwin-arm64-4.1.18.tgz 7287ms (cache miss)
3641 http fetch GET 200 https://registry.npmjs.org/tailwindcss/-/tailwindcss-4.1.18.tgz 7340ms (cache miss)
3642 http fetch GET 200 https://registry.npmjs.org/ignore/-/ignore-7.0.5.tgz 7435ms (cache miss)
3643 http fetch GET 200 https://registry.npmjs.org/semver/-/semver-7.7.3.tgz 7435ms (cache miss)
3644 http fetch GET 200 https://registry.npmjs.org/json5/-/json5-1.0.2.tgz 7531ms (cache miss)
3645 http fetch GET 200 https://registry.npmjs.org/@types/react/-/react-19.2.7.tgz 7538ms (cache miss)
3646 http fetch GET 200 https://registry.npmjs.org/debug/-/debug-3.2.7.tgz 7564ms (cache miss)
3647 http fetch GET 200 https://registry.npmjs.org/fdir/-/fdir-6.5.0.tgz 7682ms (cache miss)
3648 http fetch GET 200 https://registry.npmjs.org/semver/-/semver-7.7.3.tgz 7705ms (cache miss)
3649 http fetch GET 200 https://registry.npmjs.org/minimatch/-/minimatch-9.0.5.tgz 7726ms (cache miss)
3650 http fetch GET 200 https://registry.npmjs.org/picomatch/-/picomatch-4.0.3.tgz 7729ms (cache miss)
3651 http fetch GET 200 https://registry.npmjs.org/csstype/-/csstype-3.2.3.tgz 7772ms (cache miss)
3652 http fetch GET 200 https://registry.npmjs.org/resolve/-/resolve-2.0.0-next.5.tgz 7840ms (cache miss)
3653 http fetch GET 200 https://registry.npmjs.org/glob-parent/-/glob-parent-5.1.2.tgz 7860ms (cache miss)
3654 http fetch GET 200 https://registry.npmjs.org/debug/-/debug-3.2.7.tgz 7866ms (cache miss)
3655 http fetch GET 200 https://registry.npmjs.org/debug/-/debug-3.2.7.tgz 7894ms (cache miss)
3656 http fetch GET 200 https://registry.npmjs.org/undici-types/-/undici-types-6.21.0.tgz 7899ms (cache miss)
3657 http fetch GET 200 https://registry.npmjs.org/postcss/-/postcss-8.4.31.tgz 7999ms (cache miss)
3658 http fetch GET 200 https://registry.npmjs.org/eslint-visitor-keys/-/eslint-visitor-keys-3.4.3.tgz 8018ms (cache miss)
3659 http fetch GET 200 https://registry.npmjs.org/debug/-/debug-4.4.3.tgz 8058ms (cache miss)
3660 http fetch GET 200 https://registry.npmjs.org/globals/-/globals-16.4.0.tgz 8099ms (cache miss)
3661 http fetch GET 200 https://registry.npmjs.org/@types/node/-/node-20.19.27.tgz 8130ms (cache miss)
3662 http fetch GET 200 https://registry.npmjs.org/semver/-/semver-7.7.3.tgz 8447ms (cache miss)
3663 http fetch GET 200 https://registry.npmjs.org/eslint/-/eslint-9.39.2.tgz 9033ms (cache miss)
3664 http fetch GET 200 https://registry.npmjs.org/react-dom/-/react-dom-19.2.3.tgz 10090ms (cache miss)
3665 http fetch GET 200 https://registry.npmjs.org/axe-core/-/axe-core-4.11.1.tgz 10159ms (cache miss)
3666 http fetch GET 200 https://registry.npmjs.org/typescript/-/typescript-5.9.3.tgz 10667ms (cache miss)
3667 http fetch GET 200 https://registry.npmjs.org/@img/sharp-libvips-darwin-arm64/-/sharp-libvips-darwin-arm64-1.2.4.tgz 11979ms (cache miss)
3668 http fetch GET 200 https://registry.npmjs.org/@next/swc-darwin-arm64/-/swc-darwin-arm64-16.1.1.tgz 26986ms (cache miss)
3669 http fetch GET 200 https://registry.npmjs.org/next/-/next-16.1.1.tgz 28107ms (cache miss)
3670 info run sharp@0.34.5 install node_modules/sharp node install/check.js || npm run build
3671 info run sharp@0.34.5 install { code: 0, signal: null }
3672 info run unrs-resolver@1.11.1 postinstall node_modules/unrs-resolver napi-postinstall unrs-resolver 1.11.1 check
3673 info run unrs-resolver@1.11.1 postinstall { code: 0, signal: null }
3674 silly ADD node_modules/is-weakset
3675 silly ADD node_modules/is-weakmap
3676 silly ADD node_modules/is-map
3677 silly ADD node_modules/generator-function
3678 silly ADD node_modules/async-function
3679 silly ADD node_modules/which-collection
3680 silly ADD node_modules/is-generator-function
3681 silly ADD node_modules/is-finalizationregistry
3682 silly ADD node_modules/is-async-function
3683 silly ADD node_modules/is-number-object
3684 silly ADD node_modules/is-boolean-object
3685 silly ADD node_modules/is-bigint
3686 silly ADD node_modules/isexe
3687 silly ADD node_modules/punycode
3688 silly ADD node_modules/escalade
3689 silly ADD node_modules/@emnapi/wasi-threads
3690 silly ADD node_modules/@tybys/wasm-util
3691 silly ADD node_modules/@emnapi/core
3692 silly ADD node_modules/@napi-rs/wasm-runtime
3693 silly ADD node_modules/napi-postinstall
3694 silly ADD
3695 silly ADD
3696 silly ADD
3697 silly ADD
3698 silly ADD
3699 silly ADD
3700 silly ADD
3701 silly ADD
3702 silly ADD
3703 silly ADD
3704 silly ADD
3705 silly ADD
3706 silly ADD
3707 silly ADD
3708 silly ADD
3709 silly ADD
3710 silly ADD node_modules/@unrs/resolver-binding-darwin-arm64
3711 silly ADD
3712 silly ADD
3713 silly ADD node_modules/which-boxed-primitive
3714 silly ADD node_modules/has-bigints
3715 silly ADD node_modules/@typescript-eslint/tsconfig-utils
3716 silly ADD node_modules/@typescript-eslint/project-service
3717 silly ADD node_modules/@typescript-eslint/types
3718 silly ADD node_modules/ts-api-utils
3719 silly ADD node_modules/@typescript-eslint/visitor-keys
3720 silly ADD node_modules/@typescript-eslint/type-utils
3721 silly ADD node_modules/@typescript-eslint/scope-manager
3722 silly ADD node_modules/@typescript-eslint/utils
3723 silly ADD node_modules/@typescript-eslint/typescript-estree
3724 silly ADD node_modules/@typescript-eslint/typescript-estree/node_modules/brace-expansion
3725 silly ADD node_modules/@typescript-eslint/typescript-estree/node_modules/semver
3726 silly ADD node_modules/@typescript-eslint/typescript-estree/node_modules/minimatch
3727 silly ADD node_modules/@typescript-eslint/parser
3728 silly ADD node_modules/@typescript-eslint/eslint-plugin
3729 silly ADD node_modules/@typescript-eslint/eslint-plugin/node_modules/ignore
3730 silly ADD node_modules/which-builtin-type
3731 silly ADD node_modules/reflect.getprototypeof
3732 silly ADD node_modules/for-each
3733 silly ADD node_modules/strip-bom
3734 silly ADD node_modules/minimist
3735 silly ADD node_modules/@types/json5
3736 silly ADD node_modules/is-number
3737 silly ADD node_modules/has-flag
3738 silly ADD node_modules/client-only
3739 silly ADD node_modules/side-channel-weakmap
3740 silly ADD node_modules/side-channel-map
3741 silly ADD node_modules/side-channel-list
3742 silly ADD node_modules/shebang-regex
3743 silly ADD node_modules/@emnapi/runtime
3744 silly ADD
3745 silly ADD
3746 silly ADD
3747 silly ADD
3748 silly ADD
3749 silly ADD
3750 silly ADD
3751 silly ADD
3752 silly ADD
3753 silly ADD
3754 silly ADD
3755 silly ADD
3756 silly ADD
3757 silly ADD
3758 silly ADD
3759 silly ADD
3760 silly ADD
3761 silly ADD
3762 silly ADD
3763 silly ADD
3764 silly ADD
3765 silly ADD node_modules/@img/sharp-libvips-darwin-arm64
3766 silly ADD
3767 silly ADD node_modules/@img/sharp-darwin-arm64
3768 silly ADD node_modules/@img/colour
3769 silly ADD node_modules/isarray
3770 silly ADD node_modules/queue-microtask
3771 silly ADD node_modules/supports-preserve-symlinks-flag
3772 silly ADD node_modules/path-parse
3773 silly ADD node_modules/scheduler
3774 silly ADD node_modules/react-is
3775 silly ADD node_modules/object-assign
3776 silly ADD node_modules/loose-envify
3777 silly ADD node_modules/nanoid
3778 silly ADD node_modules/callsites
3779 silly ADD node_modules/yocto-queue
3780 silly ADD node_modules/p-limit
3781 silly ADD node_modules/word-wrap
3782 silly ADD node_modules/fast-levenshtein
3783 silly ADD node_modules/deep-is
3784 silly ADD node_modules/tslib
3785 silly ADD node_modules/styled-jsx
3786 silly ADD node_modules/sharp
3787 silly ADD node_modules/sharp/node_modules/semver
3788 silly ADD node_modules/@swc/helpers
3789 silly ADD
3790 silly ADD
3791 silly ADD
3792 silly ADD
3793 silly ADD
3794 silly ADD
3795 silly ADD
3796 silly ADD node_modules/@next/swc-darwin-arm64
3797 silly ADD node_modules/@next/env
3798 silly ADD node_modules/concat-map
3799 silly ADD node_modules/balanced-match
3800 silly ADD node_modules/brace-expansion
3801 silly ADD node_modules/to-regex-range
3802 silly ADD node_modules/fill-range
3803 silly ADD node_modules/picomatch
3804 silly ADD node_modules/braces
3805 silly ADD node_modules/yallist
3806 silly ADD node_modules/p-locate
3807 silly ADD
3808 silly ADD
3809 silly ADD
3810 silly ADD
3811 silly ADD
3812 silly ADD
3813 silly ADD
3814 silly ADD
3815 silly ADD
3816 silly ADD node_modules/lightningcss-darwin-arm64
3817 silly ADD
3818 silly ADD node_modules/detect-libc
3819 silly ADD node_modules/type-check
3820 silly ADD node_modules/prelude-ls
3821 silly ADD node_modules/language-subtag-registry
3822 silly ADD node_modules/json-buffer
3823 silly ADD node_modules/argparse
3824 silly ADD node_modules/set-function-name
3825 silly ADD node_modules/is-extglob
3826 silly ADD node_modules/side-channel
3827 silly ADD node_modules/resolve-from
3828 silly ADD node_modules/parent-module
3829 silly ADD node_modules/hermes-estree
3830 silly ADD node_modules/resolve-pkg-maps
3831 silly ADD node_modules/dunder-proto
3832 silly ADD node_modules/functions-have-names
3833 silly ADD node_modules/keyv
3834 silly ADD node_modules/flatted
3835 silly ADD node_modules/path-exists
3836 silly ADD node_modules/locate-path
3837 silly ADD node_modules/flat-cache
3838 silly ADD node_modules/reusify
3839 silly ADD node_modules/run-parallel
3840 silly ADD node_modules/fastq
3841 silly ADD node_modules/@nodelib/fs.scandir
3842 silly ADD node_modules/micromatch
3843 silly ADD node_modules/merge2
3844 silly ADD node_modules/@nodelib/fs.walk
3845 silly ADD node_modules/@nodelib/fs.stat
3846 silly ADD node_modules/acorn-jsx
3847 silly ADD node_modules/acorn
3848 silly ADD node_modules/esrecurse
3849 silly ADD node_modules/update-browserslist-db
3850 silly ADD node_modules/node-releases
3851 silly ADD node_modules/electron-to-chromium
3852 silly ADD node_modules/caniuse-lite
3853 silly ADD node_modules/baseline-browser-mapping
3854 silly ADD node_modules/@babel/helper-string-parser
3855 silly ADD node_modules/@babel/helper-globals
3856 silly ADD node_modules/@babel/helper-module-imports
3857 silly ADD node_modules/lru-cache
3858 silly ADD node_modules/browserslist
3859 silly ADD node_modules/@babel/helper-validator-option
3860 silly ADD node_modules/@babel/compat-data
3861 silly ADD node_modules/jsesc
3862 silly ADD node_modules/picocolors
3863 silly ADD node_modules/js-tokens
3864 silly ADD node_modules/@babel/helper-validator-identifier
3865 silly ADD node_modules/json5
3866 silly ADD node_modules/gensync
3867 silly ADD node_modules/convert-source-map
3868 silly ADD node_modules/@babel/types
3869 silly ADD node_modules/@babel/traverse
3870 silly ADD node_modules/@babel/template
3871 silly ADD node_modules/@babel/helpers
3872 silly ADD node_modules/@babel/helper-module-transforms
3873 silly ADD node_modules/@babel/helper-compilation-targets
3874 silly ADD node_modules/@babel/generator
3875 silly ADD node_modules/@babel/code-frame
3876 silly ADD node_modules/zod-validation-error
3877 silly ADD node_modules/zod
3878 silly ADD node_modules/hermes-parser
3879 silly ADD node_modules/@babel/parser
3880 silly ADD node_modules/@babel/core
3881 silly ADD node_modules/iterator.prototype
3882 silly ADD node_modules/string.prototype.repeat
3883 silly ADD node_modules/string.prototype.matchall
3884 silly ADD node_modules/prop-types
3885 silly ADD node_modules/object.entries
3886 silly ADD node_modules/estraverse
3887 silly ADD node_modules/es-iterator-helpers
3888 silly ADD node_modules/array.prototype.tosorted
3889 silly ADD node_modules/array.prototype.findlast
3890 silly ADD node_modules/string.prototype.includes
3891 silly ADD node_modules/language-tags
3892 silly ADD node_modules/jsx-ast-utils
3893 silly ADD node_modules/emoji-regex
3894 silly ADD node_modules/damerau-levenshtein
3895 silly ADD node_modules/axobject-query
3896 silly ADD node_modules/axe-core
3897 silly ADD node_modules/ast-types-flow
3898 silly ADD node_modules/aria-query
3899 silly ADD node_modules/is-symbol
3900 silly ADD node_modules/is-date-object
3901 silly ADD node_modules/has-tostringtag
3902 silly ADD node_modules/possible-typed-array-names
3903 silly ADD node_modules/which-typed-array
3904 silly ADD node_modules/unbox-primitive
3905 silly ADD node_modules/typed-array-length
3906 silly ADD node_modules/typed-array-byte-offset
3907 silly ADD node_modules/typed-array-byte-length
3908 silly ADD node_modules/typed-array-buffer
3909 silly ADD node_modules/string.prototype.trimstart
3910 silly ADD node_modules/string.prototype.trim
3911 silly ADD node_modules/stop-iteration-iterator
3912 silly ADD node_modules/set-proto
3913 silly ADD node_modules/safe-regex-test
3914 silly ADD node_modules/safe-push-apply
3915 silly ADD node_modules/safe-array-concat
3916 silly ADD node_modules/regexp.prototype.flags
3917 silly ADD node_modules/own-keys
3918 silly ADD node_modules/object.assign
3919 silly ADD node_modules/object-inspect
3920 silly ADD node_modules/is-weakref
3921 silly ADD node_modules/is-typed-array
3922 silly ADD node_modules/is-shared-array-buffer
3923 silly ADD node_modules/is-set
3924 silly ADD node_modules/is-regex
3925 silly ADD node_modules/is-negative-zero
3926 silly ADD node_modules/is-data-view
3927 silly ADD node_modules/is-callable
3928 silly ADD node_modules/is-array-buffer
3929 silly ADD node_modules/internal-slot
3930 silly ADD node_modules/has-symbols
3931 silly ADD node_modules/has-proto
3932 silly ADD node_modules/globalthis
3933 silly ADD node_modules/get-symbol-description
3934 silly ADD node_modules/get-proto
3935 silly ADD node_modules/function.prototype.name
3936 silly ADD node_modules/es-to-primitive
3937 silly ADD node_modules/es-set-tostringtag
3938 silly ADD node_modules/data-view-byte-offset
3939 silly ADD node_modules/data-view-byte-length
3940 silly ADD node_modules/data-view-buffer
3941 silly ADD node_modules/available-typed-arrays
3942 silly ADD node_modules/arraybuffer.prototype.slice
3943 silly ADD node_modules/array-buffer-byte-length
3944 silly ADD node_modules/gopd
3945 silly ADD node_modules/object-keys
3946 silly ADD node_modules/has-property-descriptors
3947 silly ADD node_modules/define-data-property
3948 silly ADD node_modules/function-bind
3949 silly ADD node_modules/set-function-length
3950 silly ADD node_modules/es-define-property
3951 silly ADD node_modules/call-bind-apply-helpers
3952 silly ADD node_modules/es-shim-unscopables
3953 silly ADD node_modules/es-errors
3954 silly ADD node_modules/math-intrinsics
3955 silly ADD node_modules/is-string
3956 silly ADD node_modules/get-intrinsic
3957 silly ADD node_modules/es-object-atoms
3958 silly ADD node_modules/es-abstract
3959 silly ADD node_modules/define-properties
3960 silly ADD node_modules/call-bound
3961 silly ADD node_modules/call-bind
3962 silly ADD node_modules/tsconfig-paths
3963 silly ADD node_modules/tsconfig-paths/node_modules/json5
3964 silly ADD node_modules/string.prototype.trimend
3965 silly ADD node_modules/semver
3966 silly ADD node_modules/object.values
3967 silly ADD node_modules/object.groupby
3968 silly ADD node_modules/object.fromentries
3969 silly ADD node_modules/hasown
3970 silly ADD node_modules/eslint-module-utils
3971 silly ADD node_modules/eslint-module-utils/node_modules/debug
3972 silly ADD node_modules/doctrine
3973 silly ADD node_modules/array.prototype.flatmap
3974 silly ADD node_modules/array.prototype.flat
3975 silly ADD node_modules/array.prototype.findlastindex
3976 silly ADD node_modules/array-includes
3977 silly ADD node_modules/@rtsao/scc
3978 silly ADD node_modules/unrs-resolver
3979 silly ADD node_modules/tinyglobby
3980 silly ADD node_modules/tinyglobby/node_modules/picomatch
3981 silly ADD node_modules/tinyglobby/node_modules/fdir
3982 silly ADD node_modules/stable-hash
3983 silly ADD node_modules/is-bun-module
3984 silly ADD node_modules/is-bun-module/node_modules/semver
3985 silly ADD node_modules/get-tsconfig
3986 silly ADD node_modules/@nolyfill/is-core-module
3987 silly ADD node_modules/resolve
3988 silly ADD node_modules/is-core-module
3989 silly ADD node_modules/fast-glob
3990 silly ADD node_modules/fast-glob/node_modules/glob-parent
3991 silly ADD node_modules/typescript-eslint
3992 silly ADD node_modules/eslint-plugin-react-hooks
3993 silly ADD node_modules/eslint-plugin-react
3994 silly ADD node_modules/eslint-plugin-react/node_modules/resolve
3995 silly ADD node_modules/eslint-plugin-jsx-a11y
3996 silly ADD node_modules/eslint-plugin-import
3997 silly ADD node_modules/eslint-plugin-import/node_modules/debug
3998 silly ADD node_modules/eslint-import-resolver-typescript
3999 silly ADD node_modules/eslint-import-resolver-node
4000 silly ADD node_modules/eslint-import-resolver-node/node_modules/debug
4001 silly ADD node_modules/@next/eslint-plugin-next
4002 silly ADD node_modules/ms
4003 silly ADD node_modules/which
4004 silly ADD node_modules/shebang-command
4005 silly ADD node_modules/path-key
4006 silly ADD node_modules/color-name
4007 silly ADD node_modules/color-convert
4008 silly ADD node_modules/supports-color
4009 silly ADD node_modules/ansi-styles
4010 silly ADD node_modules/uri-js
4011 silly ADD node_modules/json-schema-traverse
4012 silly ADD node_modules/fast-json-stable-stringify
4013 silly ADD node_modules/@humanfs/core
4014 silly ADD node_modules/levn
4015 silly ADD node_modules/strip-json-comments
4016 silly ADD node_modules/js-yaml
4017 silly ADD node_modules/import-fresh
4018 silly ADD node_modules/globals
4019 silly ADD node_modules/@types/json-schema
4020 silly ADD node_modules/@eslint/object-schema
4021 silly ADD node_modules/optionator
4022 silly ADD node_modules/natural-compare
4023 silly ADD node_modules/minimatch
4024 silly ADD node_modules/lodash.merge
4025 silly ADD node_modules/json-stable-stringify-without-jsonify
4026 silly ADD node_modules/is-glob
4027 silly ADD node_modules/imurmurhash
4028 silly ADD node_modules/ignore
4029 silly ADD node_modules/glob-parent
4030 silly ADD node_modules/find-up
4031 silly ADD node_modules/file-entry-cache
4032 silly ADD node_modules/fast-deep-equal
4033 silly ADD node_modules/esutils
4034 silly ADD node_modules/esquery
4035 silly ADD node_modules/espree
4036 silly ADD node_modules/eslint-visitor-keys
4037 silly ADD node_modules/eslint-scope
4038 silly ADD node_modules/escape-string-regexp
4039 silly ADD node_modules/debug
4040 silly ADD node_modules/cross-spawn
4041 silly ADD node_modules/chalk
4042 silly ADD node_modules/ajv
4043 silly ADD node_modules/@types/estree
4044 silly ADD node_modules/@humanwhocodes/retry
4045 silly ADD node_modules/@humanwhocodes/module-importer
4046 silly ADD node_modules/@humanfs/node
4047 silly ADD node_modules/@eslint/plugin-kit
4048 silly ADD node_modules/@eslint/js
4049 silly ADD node_modules/@eslint/eslintrc
4050 silly ADD node_modules/@eslint/core
4051 silly ADD node_modules/@eslint/config-helpers
4052 silly ADD node_modules/@eslint/config-array
4053 silly ADD node_modules/@eslint-community/regexpp
4054 silly ADD node_modules/@eslint-community/eslint-utils
4055 silly ADD node_modules/@eslint-community/eslint-utils/node_modules/eslint-visitor-keys
4056 silly ADD node_modules/tapable
4057 silly ADD node_modules/graceful-fs
4058 silly ADD node_modules/csstype
4059 silly ADD node_modules/undici-types
4060 silly ADD
4061 silly ADD
4062 silly ADD
4063 silly ADD
4064 silly ADD
4065 silly ADD
4066 silly ADD
4067 silly ADD
4068 silly ADD
4069 silly ADD
4070 silly ADD node_modules/@tailwindcss/oxide-darwin-arm64
4071 silly ADD
4072 silly ADD node_modules/@jridgewell/resolve-uri
4073 silly ADD node_modules/@jridgewell/sourcemap-codec
4074 silly ADD node_modules/@jridgewell/trace-mapping
4075 silly ADD node_modules/@jridgewell/gen-mapping
4076 silly ADD node_modules/source-map-js
4077 silly ADD node_modules/magic-string
4078 silly ADD node_modules/lightningcss
4079 silly ADD node_modules/jiti
4080 silly ADD node_modules/enhanced-resolve
4081 silly ADD node_modules/@jridgewell/remapping
4082 silly ADD node_modules/postcss
4083 silly ADD node_modules/@tailwindcss/oxide
4084 silly ADD node_modules/@tailwindcss/node
4085 silly ADD node_modules/@alloc/quick-lru
4086 silly ADD node_modules/typescript
4087 silly ADD node_modules/tailwindcss
4088 silly ADD node_modules/react-dom
4089 silly ADD node_modules/react
4090 silly ADD node_modules/next
4091 silly ADD node_modules/next/node_modules/postcss
4092 silly ADD node_modules/eslint-config-next
4093 silly ADD node_modules/eslint-config-next/node_modules/globals
4094 silly ADD node_modules/eslint
4095 silly ADD node_modules/@types/react-dom
4096 silly ADD node_modules/@types/react
4097 silly ADD node_modules/@types/node
4098 silly ADD node_modules/@tailwindcss/postcss
4099 verbose cwd /Users/aditya_malur/Desktop/Gemini testing/Project Management GPT/ops-system
4100 verbose os Darwin 25.1.0
4101 verbose node v22.17.0
4102 verbose npm  v10.9.2
4103 notice
4103 notice New [31mmajor[39m version of npm available! [31m10.9.2[39m -> [34m11.7.0[39m
4103 notice Changelog: [34mhttps://github.com/npm/cli/releases/tag/v11.7.0[39m
4103 notice To update run: [4mnpm install -g npm@11.7.0[24m
4103 notice  { force: true, [Symbol(proc-log.meta)]: true }
4104 verbose exit 0
4105 info ok
